0,0,0,0,0,0,0,0,0,0
129.46,2.4426,0.0024426,21.031,22.789,18.539,22.57,1,1,100
129.34,2.4426,0.83903,21.251,22.789,18.466,22.423,2,2,100
129.34,2.4426,1.3092,21.251,22.863,18.539,22.35,3,3,100
129.46,2.4426,1.4936,21.104,22.863,18.466,22.423,4,4,100
129.46,2.4426,1.5633,21.104,22.863,18.466,22.35,5,5,100
129.58,2.4426,1.5865,21.104,22.789,18.393,22.423,6,6,100
129.46,2.4426,1.5962,21.177,22.789,18.466,22.35,7,7,100
129.58,2.6869,1.5987,21.104,22.789,18.393,22.423,8,8,100
129.34,2.4426,1.6011,21.104,22.789,18.466,22.423,9,9,100
129.34,2.4426,1.6023,21.104,22.789,18.393,22.35,10,10,100
129.58,2.4426,1.5987,21.104,22.863,18.466,22.423,11,11,100
129.34,2.4426,1.6048,21.177,22.863,18.539,22.35,12,12,100
129.58,2.4426,1.6036,21.104,22.789,18.539,22.35,13,13,100
129.34,2.1983,1.6011,21.177,22.789,18.539,22.423,14,14,100
129.46,2.4426,1.5987,21.104,22.863,18.613,22.496,15,15,100
129.46,2.4426,1.5987,21.104,22.789,18.539,22.423,16,16,100
129.46,2.4426,1.6011,21.104,22.716,18.539,22.35,17,17,100
129.46,2.4426,1.5975,21.104,22.789,18.539,22.496,18,18,100
129.34,2.4426,1.6023,21.104,22.789,18.466,22.423,19,19,100
129.58,2.1983,1.5962,21.104,22.789,18.539,22.35,20,20,100
129.82,2.4426,1.6023,21.104,22.789,18.539,22.496,21,21,100
129.34,2.4426,1.5987,21.104,22.863,19.565,22.496,22,22,100
129.34,2.1983,1.5975,21.031,22.716,19.932,22.35,23,23,100
129.46,2.4426,1.5999,21.104,22.863,19.932,22.423,24,24,100
129.46,2.6869,1.5975,21.104,22.789,19.712,22.643,25,25,100
129.58,2.1983,1.5938,21.397,22.643,19.712,22.496,26,26,100
129.34,2.4426,1.5962,21.764,22.277,19.638,22.496,27,27,100
129.21,4.1524,1.5938,21.837,22.057,19.638,22.423,28,28,100
129.34,2.6869,1.5962,21.764,21.837,19.785,22.423,29,29,100
129.34,2.6869,1.5987,21.837,22.203,19.785,22.496,30,30,100
129.09,2.6869,1.5987,21.617,22.57,19.858,22.423,31,31,100
129.09,2.4426,1.5999,21.69,22.277,19.785,22.423,32,32,100
129.21,2.1983,1.5962,21.617,22.35,19.565,22.423,33,33,100
129.21,4.1524,1.6011,21.47,23.596,19.126,22.35,34,34,100
128.97,9.7704,1.6011,21.397,25.721,18.686,22.35,35,35,100
128.97,2.6869,1.6023,21.324,27.479,18.246,22.423,36,36,100
128.85,2.4426,1.6011,21.251,28.432,17.587,22.423,37,37,100
128.85,3.9082,1.5975,21.251,29.311,17.22,22.35,38,38,100
128.85,7.3278,1.5987,21.177,29.751,16.781,22.496,39,39,100
128.6,2.4426,1.6023,21.104,30.337,16.634,22.57,40,40,100
128.48,2.4426,1.5987,21.104,30.923,16.341,22.863,41,41,100
128.36,2.4426,1.5999,21.031,31.363,16.121,22.936,42,42,100
128.48,2.9311,1.6011,21.031,31.729,15.901,23.229,43,43,100
128.24,2.6869,1.595,20.957,32.096,15.828,23.449,44,44,100
128.11,2.4426,1.5962,20.957,32.535,15.608,23.742,45,45,100
128.11,2.4426,1.5987,21.104,32.755,15.462,23.889,46,46,100
128.11,10.992,1.5962,21.251,33.122,15.315,24.035,47,47,100
127.99,4.8852,1.5987,21.47,33.561,15.315,24.328,48,48,100
127.87,30.044,1.5938,21.837,33.781,15.095,24.621,49,49,100
127.75,38.837,1.5962,22.277,34.148,15.095,24.768,50,50,100
127.63,40.303,1.595,22.716,34.441,14.949,25.061,51,51,100
127.5,44.944,1.5962,22.936,34.66,14.875,25.354,52,52,100
127.14,60.576,1.5938,23.449,34.954,14.875,25.574,53,53,100
127.26,71.08,1.595,23.889,35.247,14.802,25.867,54,54,100
126.89,82.316,1.595,24.402,35.54,14.875,26.307,55,55,100
126.77,88.422,1.5962,24.768,35.76,14.802,26.453,56,56,100
126.89,87.689,1.595,25.281,36.053,14.729,26.893,57,57,100
126.53,95.75,1.5962,25.721,36.199,14.656,27.259,58,58,100
126.4,104.05,1.5987,26.087,36.346,14.656,27.699,59,59,100
126.4,104.05,1.5962,26.38,36.639,14.656,27.919,60,60,100
125.92,106.5,1.5962,26.82,36.639,14.582,28.285,60,60,100
126.04,106.99,1.595,27.259,36.786,14.656,28.285,60,60,100
125.79,109.43,1.5962,27.479,36.859,14.582,28.578,60,60,100
125.67,113.58,1.5926,27.699,37.079,14.582,28.798,60,60,100
125.55,111.38,1.595,28.065,37.298,14.656,29.091,60,60,100
125.55,111.87,1.5914,28.139,37.445,14.656,29.238,60,60,100
125.18,116.02,1.5938,28.359,37.592,14.509,29.384,60,60,100
125.06,113.83,1.595,28.578,37.885,14.656,29.604,60,60,100
125.06,112.6,1.5938,28.578,37.958,14.582,29.678,60,60,100
124.69,115.05,1.5889,28.725,38.178,14.509,29.971,60,60,100
124.82,111.63,1.595,28.945,38.398,14.509,30.117,60,60,100
124.45,108.7,1.5962,29.091,38.617,14.436,30.191,60,60,100
124.21,102.34,1.5901,29.091,38.837,14.582,30.41,61,61,100
124.21,107.47,1.5938,29.311,39.057,14.509,30.41,62,62,100
123.84,107.23,1.5889,29.458,39.277,14.509,30.63,63,63,100
123.72,105.52,1.5901,29.604,39.643,14.582,30.777,64,64,100
123.6,110.41,1.595,29.751,39.863,14.436,30.85,65,65,100
123.47,127.5,1.5926,29.971,40.083,14.582,31.143,66,66,100
123.23,133.12,1.595,30.264,40.303,14.582,31.363,67,67,100
123.11,132.39,1.5962,30.337,40.523,14.509,31.436,68,68,100
122.74,132.39,1.5962,30.41,40.743,14.436,31.583,69,69,100
122.62,134.34,1.5962,30.703,40.889,14.509,31.583,70,70,100
122.62,143.14,1.5914,30.923,41.036,14.436,31.803,71,71,100
122.5,153.4,1.5914,31.143,41.255,14.362,32.022,72,72,100
122.01,158.28,1.5926,31.363,41.549,14.436,32.096,73,73,100
121.89,168.3,1.595,31.583,41.549,14.436,32.316,74,74,100
121.89,190.52,1.5987,31.729,41.622,14.509,32.462,75,75,100
121.52,207.87,1.5962,31.949,41.915,14.509,32.462,76,76,100
121.4,199.8,1.5962,32.022,41.988,14.362,32.462,77,77,100
121.15,187.1,1.5938,32.316,42.355,14.436,32.535,78,78,100
121.03,145.33,1.5914,32.462,42.501,14.436,32.609,79,79,100
120.66,21.983,1.5938,32.609,42.648,14.436,32.829,80,80,100
120.66,4.8852,1.5926,32.755,42.794,14.362,32.755,81,81,100
120.3,184.9,1.5901,32.902,42.721,14.436,32.902,82,82,100
119.93,228.38,1.5901,33.048,43.161,14.362,32.902,83,83,100
119.93,236.69,1.5889,33.122,43.381,14.362,32.829,84,84,100
119.57,245.97,1.5889,33.415,43.674,14.436,33.048,85,85,100
119.44,246.7,1.5901,33.488,43.6,14.436,32.975,86,86,100
118.95,255.25,1.5926,33.708,43.967,14.509,33.122,87,87,100
118.71,261.36,1.5914,33.561,44.113,14.509,32.755,88,88,100
118.34,264.29,1.5926,33.561,44.04,14.362,32.902,89,89,100
118.22,298.24,1.5926,33.488,44.26,14.509,33.268,90,90,100
117.61,500,1.595,33.341,44.406,14.362,33.635,91,91,100
117.61,480.95,1.5926,33.708,44.846,14.362,33.854,92,92,100
117.24,87.201,1.5889,34.221,44.993,14.362,33.415,93,93,100
117,135.56,1.5914,34.441,45.139,14.362,34.587,94,94,100
116.63,216.9,1.5889,34.954,45.432,14.436,35.467,95,95,100
116.39,239.62,1.5926,35.173,45.652,14.436,35.467,96,96,100
116.27,290.18,1.5926,35.467,45.872,14.436,34.148,97,97,100
115.66,44.211,1.5914,35.979,46.312,14.362,33.928,98,98,100
115.53,10.015,1.5889,36.859,46.605,14.436,33.928,99,99,100
115.17,3.4196,1.595,37.445,46.605,14.436,34.221,100,100,100
114.8,2.1983,1.5926,37.738,46.312,14.436,34.587,100,100,100
114.56,6.595,1.5938,37.518,46.019,14.509,35.247,100,100,100
114.31,10.259,1.5962,37.885,46.238,14.509,37.885,100,100,100
113.83,110.41,1.5926,37.811,46.605,14.436,39.204,100,100,100
113.46,252.32,1.5938,37.592,46.458,14.436,39.35,100,100,100
113.21,500,1.5938,36.492,46.971,14.509,37.592,100,100,100
112.97,500,1.5938,35.247,46.971,14.362,36.712,100,100,100
112.85,444.06,1.5889,35.1,47.264,14.436,36.346,100,100,100
112.6,382.76,1.5865,35.1,47.484,14.362,36.346,100,100,100
111.99,310.21,1.5901,35.32,47.924,14.436,36.419,100,100,100
111.87,481.68,1.5914,35.393,48.07,14.509,36.932,100,100,100
111.14,500,1.5889,35.54,48.583,14.509,36.859,100,100,100
110.77,500,1.5889,34.88,48.95,14.362,36.346,100,100,100
110.53,500,1.5975,34.66,49.243,14.436,36.786,100,100,100
110.16,459.7,1.5926,35.613,49.023,14.509,37.445,100,100,100
109.92,88.178,1.5938,36.786,48.876,14.436,37.372,100,100,100
109.79,99.17,1.5914,37.225,48.876,14.362,39.57,100,100,100
109.18,34.441,1.5914,38.031,49.389,14.436,39.277,100,100,100
108.94,28.823,1.5938,38.984,49.609,14.436,39.277,100,100,100
108.57,59.111,1.5926,39.643,49.976,14.509,40.816,100,100,100
108.21,120.42,1.5901,39.643,50.708,14.436,41.475,100,100,100
107.84,289.2,1.5914,39.204,51.221,14.436,41.842,100,100,100
107.6,355.15,1.5975,38.911,51.368,14.509,40.743,100,100,100
107.35,362.97,1.5975,38.911,50.855,14.436,40.376,100,100,100
106.86,384.71,1.5938,38.691,49.682,14.436,39.717,100,100,100
106.38,454.08,1.5938,38.617,49.389,14.582,39.204,100,100,100
106.13,423.06,1.5914,37.958,49.756,14.436,39.057,100,100,100
105.89,368.59,1.5938,37.592,50.049,14.436,39.057,100,100,100
105.76,333.9,1.5926,37.665,50.415,14.436,39.13,100,100,100
105.15,323.64,1.5962,37.665,50.782,14.436,39.277,100,100,100
104.91,321.93,1.5962,37.885,50.928,14.436,39.717,100,100,100
104.67,323.64,1.5926,38.031,51.075,14.436,39.863,100,100,100
104.3,317.54,1.5914,38.178,51.148,14.362,39.936,100,100,100
103.93,317.78,1.5926,38.398,51.368,14.509,40.23,100,100,100
103.57,315.1,1.5914,38.471,51.588,14.436,40.376,100,100,100
103.32,318.27,1.5889,38.691,51.588,14.509,40.669,100,100,100
102.96,315.34,1.5914,38.764,51.734,14.436,40.889,100,100,100
102.71,317.78,1.5914,38.764,51.734,14.436,40.816,100,100,100
102.22,320.47,1.5828,39.057,51.661,14.436,41.036,100,100,100
101.73,321.69,1.5804,39.057,51.808,14.436,41.182,100,100,100
101.61,320.71,1.584,38.984,52.027,14.509,41.255,100,100,100
101.25,318.03,1.5852,39.13,52.247,14.509,41.402,100,100,100
101,319.49,1.5901,39.277,52.32,14.436,41.402,100,100,100
100.51,321.93,1.5889,39.204,52.101,14.436,41.549,100,100,100
100.27,322.91,1.5901,39.35,52.394,14.436,41.695,100,100,100
99.902,317.29,1.5938,39.497,52.467,14.436,41.768,90,90,20
99.536,297.75,0.96727,39.424,52.614,14.509,41.915,90,90,20
99.047,287.74,0.6021,39.204,52.687,14.509,42.062,90,90,20
98.803,283.59,0.43845,38.837,52.467,14.509,42.062,90,90,20
98.681,282.36,0.36883,38.911,52.687,14.582,42.208,90,90,20
98.559,280.65,0.33464,39.13,52.614,14.509,42.281,90,90,20
98.192,278.46,0.32364,39.057,52.394,14.582,42.281,90,90,20
97.948,275.28,0.35784,39.057,52.467,14.656,42.501,90,90,20
97.338,280.65,0.34319,39.204,52.32,14.656,42.501,90,90,20
97.338,277.23,0.32853,39.204,52.32,14.582,42.501,90,90,20
96.727,279.68,0.31876,39.204,52.101,14.656,42.428,80,80,20
96.727,256.96,0.32487,39.13,51.954,14.509,42.428,80,80,20
96.238,235.96,0.35418,38.691,51.954,14.582,42.428,80,80,20
96.238,227.41,0.34319,38.471,51.954,14.582,42.428,80,80,20
95.872,224.72,0.32731,38.178,51.881,14.509,42.648,80,80,20
95.506,228.38,0.31754,38.178,51.954,14.582,42.501,80,80,20
95.261,228.63,0.34074,38.178,51.661,14.509,42.648,80,80,20
95.139,232.54,0.35173,38.251,51.514,14.656,42.721,70,70,20
95.017,205.18,0.33952,38.031,51.441,14.582,42.794,70,70,20
94.651,175.62,0.32609,37.592,51.368,14.656,42.794,70,70,20
94.651,166.83,0.31387,37.445,51.221,14.582,42.794,70,70,20
94.162,170.98,0.34929,37.445,51.221,14.656,42.794,70,70,20
93.918,167.32,0.35051,37.592,51.221,14.582,42.941,70,70,20
94.04,167.81,0.3383,37.665,51.295,14.582,43.087,70,70,20
93.674,165.85,0.32487,37.592,51.148,14.582,43.014,60,60,20
93.552,133.37,0.3151,37.665,51.221,14.656,43.014,60,60,20
93.307,113.58,0.36028,37.225,51.295,14.656,43.161,60,60,20
93.063,105.76,0.34807,37.079,51.075,14.656,43.161,60,60,20
93.063,125.79,0.33586,37.152,51.075,14.656,43.234,60,60,20
92.697,118.71,0.32242,37.005,50.855,14.582,43.161,60,60,20
92.574,114.8,0.31021,37.079,50.782,14.582,43.161,60,60,20
92.452,106.74,0.34441,37.079,50.782,14.656,43.234,60,60,20
92.33,112.85,0.34685,37.005,50.708,14.656,43.234,60,60,20
92.086,106.74,0.33341,37.005,50.635,14.656,43.161,60,60,20
91.842,105.52,0.32242,37.079,50.708,14.656,43.381,60,60,20
91.72,113.34,0.31754,37.005,50.489,14.656,43.234,60,60,20
91.597,106.5,0.35418,37.079,50.415,14.656,43.307,60,60,20
91.353,108.94,0.34196,37.005,50.415,14.656,43.307,60,60,20
91.231,111.87,0.33219,37.079,50.562,14.582,43.161,60,60,20
91.109,111.63,0.31998,37.079,50.489,14.582,43.234,60,60,20
90.743,117.24,0.33341,37.005,50.489,14.656,43.161,60,60,20
90.743,110.16,0.35418,37.005,50.415,14.656,43.161,60,60,20
90.498,107.96,0.34074,37.005,50.489,14.729,43.234,60,60,20
90.376,113.34,0.32731,37.079,50.342,14.656,43.087,60,60,20
90.254,108.45,0.31754,37.005,50.195,14.582,43.014,60,60,20
89.888,112.12,0.34319,37.005,50.122,14.582,43.014,60,60,20
90.01,118.47,0.35296,37.005,50.122,14.656,43.087,60,60,20
89.888,114.56,0.33952,37.079,50.049,14.656,43.087,60,60,20
89.521,118.47,0.32731,37.005,50.122,14.656,43.014,60,60,20
89.643,115.05,0.31632,36.859,49.976,14.656,43.087,60,60,20
89.277,117,0.35051,36.859,50.049,14.582,43.087,60,60,20
89.155,116.02,0.34807,36.932,49.976,14.656,43.014,60,60,20
89.033,109.43,0.33708,37.005,49.976,14.656,42.941,60,60,20
88.788,118.95,0.32487,36.859,49.976,14.582,42.941,60,60,20
88.544,117.49,0.31387,36.932,49.976,14.582,43.014,60,60,20
88.3,114.07,0.33952,36.786,49.902,14.582,43.014,60,60,20
88.178,114.8,0.34929,36.859,49.902,14.656,43.014,60,60,20
88.056,107.96,0.33586,36.859,49.829,14.729,43.087,60,60,20
88.056,111.38,0.32242,36.786,49.756,14.729,42.941,60,60,20
87.689,116.27,0.31265,36.786,49.756,14.656,43.014,60,60,20
87.811,114.56,0.35662,36.786,49.756,14.656,42.941,60,60,20
87.323,118.47,0.34685,36.712,49.829,14.656,42.721,60,60,20
87.201,115.29,0.33097,36.712,49.682,14.656,42.868,60,60,20
87.079,114.56,0.32242,36.786,49.609,14.729,42.794,60,60,20
86.957,117,0.32364,36.786,49.536,14.582,42.721,60,60,20
86.712,112.6,0.35784,36.712,49.463,14.656,42.794,60,60,20
86.712,115.53,0.34319,36.786,49.463,14.656,42.721,60,60,20
86.468,117,0.33097,36.712,49.389,14.656,42.794,60,60,20
86.224,117.73,0.31876,36.712,49.316,14.582,42.721,60,60,20
86.224,130.68,0.3383,36.639,49.316,14.656,42.574,60,60,20
85.857,122.37,0.35418,36.566,49.316,14.656,42.501,60,60,20
85.613,126.53,0.34074,36.566,49.389,14.729,42.428,60,60,20
85.613,123.35,0.32731,36.492,49.243,14.656,42.428,60,60,20
85.369,117,0.3151,36.566,49.243,14.656,42.501,60,60,20
85.125,126.04,0.35051,36.419,49.17,14.656,42.355,60,60,20
85.002,123.11,0.35173,36.419,49.17,14.656,42.501,60,60,20
84.88,125.55,0.34196,36.346,49.17,14.729,42.501,60,60,20
84.636,125.79,0.32731,36.492,49.243,14.656,42.355,60,60,20
84.758,119.69,0.31387,36.419,49.023,14.656,42.428,60,60,20
84.392,122.13,0.34196,36.419,49.023,14.656,42.281,60,60,20
84.148,120.18,0.34807,36.273,48.95,14.582,42.281,60,60,20
84.148,120.42,0.33586,36.346,49.023,14.656,42.355,60,60,20
84.025,124.33,0.32364,36.273,49.023,14.582,42.208,60,60,20
83.659,121.64,0.31265,36.346,48.95,14.729,42.355,60,60,20
83.537,123.11,0.35662,36.273,48.876,14.656,42.208,60,60,20
83.537,125.55,0.34563,36.273,48.803,14.656,42.208,60,60,20
83.17,118.95,0.33341,36.273,48.803,14.656,42.355,60,60,20
82.926,125.79,0.32242,36.273,48.803,14.656,42.135,60,60,20
83.048,125.06,0.32487,36.126,48.73,14.656,42.135,60,60,20
82.682,122.13,0.35662,36.199,48.73,14.656,42.135,60,60,20
82.56,125.79,0.34319,36.199,48.73,14.656,41.988,60,60,20
82.316,123.6,0.32975,36.126,48.657,14.802,42.135,60,60,20
82.316,120.18,0.31876,36.126,48.583,14.582,42.135,60,60,20
81.949,122.86,0.34319,36.199,48.583,14.582,42.135,60,60,20
81.949,121.89,0.35418,36.126,48.583,14.582,41.988,60,60,20
81.705,124.82,0.33952,36.053,48.657,14.729,41.988,60,60,20
81.339,124.82,0.32853,36.199,48.657,14.729,41.842,60,60,20
81.339,121.89,0.31754,36.126,48.583,14.656,41.988,60,60,20
81.094,126.28,0.3615,36.053,48.583,14.729,42.135,60,60,20
80.972,120.42,0.34929,35.979,48.583,14.582,42.135,60,60,20
80.728,122.86,0.33708,36.126,48.437,14.656,42.135,60,60,20
80.606,126.77,0.32364,35.979,48.363,14.656,42.062,60,60,20
80.606,124.08,0.31265,36.053,48.363,14.656,42.135,60,60,20
80.484,123.11,0.35296,35.979,48.363,14.582,42.062,60,60,20
80.117,129.46,0.34685,36.053,48.51,14.729,42.062,60,60,20
79.995,118.95,0.33219,35.906,48.51,14.656,41.988,60,60,20
79.995,121.4,0.3212,35.979,48.437,14.582,41.988,60,60,20
79.629,125.06,0.31876,35.906,48.51,14.729,41.988,60,60,20
79.507,120.66,0.3554,35.833,48.29,14.582,41.915,60,60,20
79.507,124.33,0.34196,35.833,48.29,14.656,41.988,60,60,20
79.262,121.4,0.32975,36.053,48.363,14.729,41.988,60,60,20
78.896,121.64,0.31754,35.833,48.29,14.656,42.062,60,60,20
78.896,126.04,0.33708,35.906,48.363,14.656,41.988,60,60,20
78.774,118.95,0.35418,35.833,48.29,14.656,41.915,60,60,20
78.53,124.82,0.34074,35.833,48.217,14.656,41.842,60,60,20
78.407,123.6,0.32975,35.906,48.144,14.582,41.915,60,60,20
78.163,118.22,0.31754,35.906,48.217,14.656,41.768,60,60,20
78.041,123.11,0.35296,35.76,48.144,14.656,41.768,60,60,20
77.797,123.6,0.35173,35.76,48.217,14.656,41.622,60,60,20
77.919,119.93,0.33952,35.686,48.144,14.729,41.768,60,60,20
77.675,131.41,0.32487,35.833,48.144,14.582,41.622,60,60,20
77.553,126.04,0.31143,35.833,47.997,14.802,41.695,60,60,20
77.064,125.06,0.35906,35.76,48.07,14.656,41.622,60,60,20
77.186,132.88,0.34563,35.686,47.997,14.729,41.549,60,60,20
76.82,123.11,0.33219,35.686,47.997,14.656,41.695,60,60,20
76.575,128.97,0.31876,35.686,47.997,14.656,41.622,60,60,20
76.698,128.97,0.32242,35.76,47.997,14.582,41.549,60,60,20
76.209,122.13,0.35906,35.686,47.851,14.656,41.622,60,60,20
76.087,128.72,0.34319,35.686,47.851,14.656,41.622,60,60,20
75.965,127.5,0.33097,35.686,47.851,14.656,41.622,60,60,20
75.721,125.06,0.31632,35.686,47.997,14.656,41.475,60,60,20
75.598,125.31,0.33219,35.686,47.924,14.656,41.549,60,60,20
75.598,124.33,0.35173,35.686,47.851,14.729,41.549,60,60,20
75.232,123.11,0.33952,35.613,47.851,14.656,41.402,60,60,20
75.232,129.46,0.32731,35.686,47.997,14.729,41.402,60,60,20
74.988,123.11,0.31754,35.54,47.851,14.656,41.475,60,60,20
74.744,125.55,0.36028,35.686,47.851,14.656,41.329,60,60,20
74.499,126.04,0.34929,35.613,47.851,14.656,41.329,60,60,20
74.377,125.55,0.33708,35.613,47.777,14.656,41.402,60,60,20
74.499,127.75,0.32609,35.54,47.704,14.582,41.402,60,60,20
74.255,126.04,0.32609,35.613,47.704,14.656,41.255,60,60,20
74.011,123.6,0.35784,35.613,47.704,14.582,41.329,60,60,20
73.889,132.39,0.34441,35.613,47.704,14.656,41.329,60,60,20
73.644,124.82,0.33341,35.613,47.704,14.582,41.255,60,60,20
73.4,127.02,0.31998,35.613,47.777,14.729,41.402,60,60,20
73.278,128.48,0.31387,35.54,47.777,14.729,41.329,60,60,20
73.278,125.06,0.3554,35.54,47.704,14.656,41.329,60,60,20
73.034,131.41,0.34074,35.54,47.704,14.656,41.255,60,60,20
72.789,135.32,0.33097,35.54,47.704,14.582,41.182,60,60,20
72.789,134.83,0.31632,35.54,47.631,14.802,41.402,60,60,20
72.667,132.14,0.32364,35.613,47.704,14.656,41.109,60,60,20
72.179,123.6,0.35173,35.613,47.704,14.656,41.329,60,60,20
72.301,128.97,0.34196,35.54,47.704,14.656,41.109,60,60,20
72.179,130.19,0.32731,35.467,47.631,14.729,41.109,60,60,20
71.812,128.72,0.31632,35.467,47.557,14.656,41.182,60,60,20
71.69,132.14,0.34807,35.467,47.557,14.729,40.962,60,60,20
71.446,126.28,0.35173,35.467,47.631,14.656,41.182,60,60,20
71.446,130.68,0.33586,35.467,47.557,14.656,41.182,60,60,20
71.324,131.9,0.32853,35.54,47.631,14.656,41.182,60,60,20
70.957,124.82,0.31387,35.467,47.557,14.656,41.109,60,60,20
70.713,133.37,0.3615,35.54,47.704,14.656,41.109,60,60,20
70.469,132.39,0.34929,35.467,47.557,14.656,41.109,60,60,20
70.469,126.53,0.33341,35.393,47.484,14.656,41.182,60,60,20
70.225,136.05,0.3212,35.393,47.411,14.729,41.036,60,60,20
70.103,126.53,0.32731,35.467,47.411,14.656,40.962,60,60,20
69.98,132.88,0.3615,35.393,47.338,14.802,41.182,60,60,20
69.858,131.17,0.34563,35.467,47.338,14.656,41.036,60,60,20
69.736,126.77,0.33341,35.393,47.411,14.729,40.962,60,60,20
69.492,132.88,0.32242,35.467,47.411,14.656,41.036,60,60,20
69.248,132.39,0.31143,35.467,47.484,14.656,41.036,60,60,20
69.003,121.4,0.35662,35.393,47.411,14.729,40.962,60,60,20
69.126,131.41,0.34685,35.393,47.411,14.729,41.036,60,60,20
68.759,130.19,0.33464,35.393,47.411,14.802,40.962,60,60,20
68.759,130.19,0.31876,35.393,47.264,14.582,40.962,60,60,20
68.393,131.66,0.32364,35.467,47.264,14.802,40.962,60,60,20
68.271,127.99,0.3554,35.393,47.191,14.582,41.036,60,60,20
68.149,127.75,0.34441,35.393,47.191,14.729,41.036,60,60,20
67.904,132.88,0.32975,35.393,47.264,14.582,40.962,60,60,20
67.904,127.75,0.31998,35.393,47.338,14.729,40.889,60,60,20
67.538,134.83,0.33708,35.393,47.264,14.729,40.889,60,60,20
67.416,130.92,0.35418,35.393,47.338,14.729,41.036,60,60,20
67.294,133.12,0.33952,35.32,47.191,14.729,41.036,60,60,20
67.171,132.63,0.32731,35.393,47.264,14.729,40.743,60,60,20
66.805,131.9,0.31632,35.32,47.118,14.729,40.669,60,60,20
66.805,132.14,0.35173,35.393,47.118,14.729,40.669,60,60,20
66.561,131.66,0.34929,35.393,47.118,14.729,40.743,60,60,20
66.439,129.95,0.33952,35.393,47.191,14.802,40.743,60,60,20
66.194,132.63,0.32487,35.247,47.191,14.656,40.743,60,60,20
65.95,132.39,0.3151,35.247,47.191,14.656,40.596,60,60,20
65.95,130.68,0.36028,35.32,47.118,14.729,40.523,60,60,20
65.706,134.83,0.34563,35.247,47.191,14.802,40.669,60,60,20
65.584,130.68,0.33586,35.247,47.044,14.582,40.743,60,60,20
65.462,130.19,0.32242,35.247,47.118,14.729,40.449,60,60,20
65.34,130.68,0.31143,35.247,47.118,14.656,40.523,60,60,20
65.095,129.95,0.34685,35.247,47.191,14.729,40.303,60,60,20
64.851,137.03,0.34441,35.247,47.118,14.729,40.596,60,60,20
64.729,132.39,0.33219,35.32,47.044,14.729,40.596,60,60,20
64.362,125.79,0.31998,35.247,47.044,14.802,40.669,60,60,20
64.485,132.14,0.32364,35.32,47.118,14.729,40.449,60,60,20
64.24,129.46,0.3554,35.247,47.044,14.729,40.523,60,60,20
64.118,131.17,0.34441,35.247,46.971,14.656,40.596,60,60,20
63.874,141.67,0.33219,35.247,47.044,14.802,40.523,60,60,20
63.752,144.11,0.31998,35.173,46.898,14.729,40.596,60,60,20
63.508,140.45,0.33708,35.1,46.898,14.802,40.449,60,60,20
63.385,130.68,0.35296,35.1,46.898,14.656,40.449,60,60,20
63.263,134.1,0.34074,35.1,47.044,14.802,40.449,60,60,20
63.141,135.32,0.32975,35.1,47.044,14.802,40.523,60,60,20
62.897,129.7,0.31754,35.173,47.044,14.729,40.376,60,60,20
62.653,132.88,0.34929,35.173,46.898,14.656,40.303,60,60,20
62.653,136.54,0.35418,35.1,46.898,14.729,40.376,60,60,20
62.286,136.05,0.34196,35.247,46.971,14.802,40.523,60,60,20
62.042,139.47,0.32853,35.1,46.825,14.729,40.303,60,60,20
62.042,132.39,0.31387,35.1,46.678,14.729,40.523,60,60,20
61.92,136.54,0.35418,35.173,46.678,14.656,40.23,60,60,20
61.553,135.32,0.35173,35.173,46.825,14.656,40.596,60,60,20
61.553,131.17,0.3383,35.1,46.898,14.729,40.449,60,60,20
61.187,134.1,0.32731,35.1,46.898,14.729,40.376,60,60,20
61.187,137.03,0.3151,35.173,46.898,14.656,40.376,60,60,20
60.943,134.1,0.34319,35.1,46.825,14.729,40.449,60,60,20
60.821,139.96,0.34929,35.1,46.898,14.729,40.376,60,60,20
60.454,134.1,0.33708,35.173,46.751,14.729,40.376,60,60,20
60.454,135.08,0.32487,35.173,46.678,14.729,40.449,60,60,20
60.332,137.76,0.31387,35.1,46.751,14.729,40.523,60,60,20
60.088,132.88,0.35906,35.1,46.825,14.802,40.376,60,60,20
59.844,138.01,0.34685,35.173,46.751,14.802,40.449,60,60,20
59.722,137.27,0.33586,35.173,46.751,14.729,40.23,60,60,20
59.599,136.3,0.3212,35.173,46.751,14.729,40.376,60,60,20
59.477,136.3,0.32853,35.173,46.678,14.729,40.303,60,60,20
59.233,135.32,0.35662,35.173,46.825,14.729,40.303,60,60,20
58.989,133.12,0.34441,35.1,46.825,14.729,40.449,60,60,20
58.989,135.32,0.32975,35.1,46.751,14.729,40.449,60,60,20
58.745,135.32,0.31754,35.027,46.825,14.729,40.523,60,60,20
58.622,137.27,0.35173,35.1,46.751,14.729,40.23,60,60,20
58.256,132.88,0.35418,35.173,46.751,14.802,40.303,60,60,20
58.134,133.37,0.34074,35.173,46.678,14.729,40.303,60,60,20
58.134,136.79,0.32975,35.027,46.751,14.729,40.23,60,60,20
57.89,135.81,0.31754,35.027,46.751,14.802,40.303,60,60,20
57.89,134.34,0.36395,35.027,46.532,14.729,40.303,60,60,20
57.401,136.3,0.35173,35.1,46.678,14.729,40.23,60,60,20
57.523,131.9,0.33952,35.027,46.751,14.802,40.303,60,60,20
57.157,133.85,0.32487,35.027,46.605,14.802,40.303,60,60,20
56.913,134.59,0.31265,35.1,46.751,14.875,39.936,60,60,20
56.913,130.92,0.34685,35.027,46.532,14.729,40.23,60,60,20
56.79,136.79,0.34807,35.027,46.678,14.729,40.23,60,60,20
56.546,135.32,0.33464,35.027,46.605,14.729,40.303,60,60,20
56.424,130.43,0.32242,35.027,46.532,14.729,40.23,60,60,20
56.18,136.79,0.3151,35.027,46.678,14.802,40.303,60,60,20
56.18,135.56,0.35784,35.027,46.678,14.729,40.449,60,60,20
55.813,137.27,0.34563,35.027,46.605,14.729,40.303,60,60,20
55.569,140.69,0.33341,35.027,46.605,14.802,40.376,60,60,20
55.691,136.05,0.31998,35.1,46.678,14.729,40.303,60,60,20
55.569,137.76,0.33952,34.954,46.605,14.729,40.23,60,60,20
55.203,136.05,0.35662,34.954,46.532,14.802,40.156,60,60,20
54.958,135.81,0.34196,34.954,46.532,14.729,40.303,60,60,20
54.714,141.18,0.33097,35.1,46.605,14.802,40.23,60,60,20
54.714,135.32,0.31754,34.954,46.532,14.729,40.156,60,60,20
54.592,139.96,0.35051,34.954,46.458,14.729,40.23,60,60,20
54.226,137.03,0.35173,35.027,46.532,14.875,40.156,60,60,20
54.226,136.3,0.34074,35.1,46.532,14.729,40.23,60,60,20
54.104,138.01,0.32609,34.954,46.532,14.802,40.156,60,60,20
53.737,136.3,0.3151,35.1,46.532,14.729,40.156,60,60,20
53.615,135.08,0.36028,35.1,46.532,14.729,40.23,60,60,20
53.737,141.67,0.34929,35.027,46.532,14.729,40.23,60,60,20
53.249,138.01,0.33586,35.027,46.385,14.802,40.083,60,60,20
53.127,140.21,0.32242,35.027,46.385,14.729,40.083,60,60,20
53.127,138.5,0.3151,35.027,46.385,14.802,40.156,60,60,20
52.76,134.83,0.35662,35.027,46.458,14.729,40.083,60,60,20
52.76,139.23,0.34319,34.954,46.385,14.802,40.23,60,60,20
52.516,139.96,0.33341,34.954,46.385,14.729,40.156,60,60,20
52.394,134.34,0.31876,34.954,46.458,14.729,40.156,60,60,20
52.149,137.27,0.32364,34.954,46.458,14.802,40.083,60,60,20
51.905,135.56,0.3554,34.88,46.385,14.729,40.083,60,60,20
51.905,138.98,0.34196,34.954,46.385,14.802,40.083,60,60,20
51.539,136.54,0.32853,34.954,46.458,14.729,40.083,60,60,20
51.661,134.59,0.31754,35.027,46.458,14.875,40.083,60,60,20
51.295,137.76,0.34807,34.954,46.385,14.802,40.156,60,60,20
51.05,136.05,0.35173,34.954,46.312,14.729,40.083,60,60,20
50.928,137.76,0.3383,34.88,46.238,14.729,40.156,60,60,20
50.806,142.65,0.32487,34.954,46.385,14.802,39.936,60,60,20
50.562,133.12,0.3212,34.954,46.385,14.729,40.083,60,60,20
50.44,138.01,0.36028,35.027,46.385,14.729,39.936,60,60,20
50.195,138.25,0.34807,34.954,46.312,14.802,40.083,60,60,20
50.073,133.61,0.33464,35.027,46.238,14.729,40.083,60,60,20
49.951,139.47,0.3212,34.954,46.238,14.729,40.083,60,60,20
50.806,159.01,0.31143,34.88,46.312,14.729,39.936,60,60,20
52.76,146.07,0.36028,34.807,46.238,14.802,39.936,60,60,20
55.081,144.85,0.34441,34.734,46.312,14.802,40.01,60,60,20
57.523,135.81,0.33219,34.734,46.312,14.729,39.863,60,60,20
60.088,133.85,0.3212,34.807,46.312,14.802,39.717,60,60,20
62.164,143.38,0.32487,34.734,46.385,14.729,39.863,60,60,20
64.607,137.52,0.3554,34.807,46.238,14.729,39.863,60,60,20
67.171,142.4,0.34074,34.734,46.238,14.875,39.79,60,60,20
69.37,142.65,0.32975,34.66,46.238,14.875,39.936,60,60,20
71.812,139.23,0.31998,34.807,46.312,15.022,39.863,60,60,20
74.011,139.72,0.35051,34.807,46.312,15.169,39.79,60,60,20
76.575,135.08,0.35296,34.807,46.238,15.388,39.79,60,60,20
78.652,134.1,0.3383,34.734,46.238,15.388,39.79,60,60,20
80.85,138.5,0.32731,34.734,46.238,15.462,39.863,60,60,20
83.415,140.45,0.31632,34.88,46.165,15.681,39.863,60,60,20
85.613,138.74,0.33464,34.88,46.165,15.535,39.863,60,60,20
87.934,142.65,0.34929,34.807,46.165,15.681,39.717,60,60,20
90.254,134.34,0.33586,34.734,46.238,15.755,39.717,60,60,20
92.452,137.76,0.32242,34.88,46.165,15.755,39.863,60,60,20
94.895,137.76,0.31265,34.734,46.238,15.755,39.717,60,60,20
97.338,137.52,0.35784,34.807,46.238,15.828,39.863,60,60,20
99.414,137.76,0.34929,34.807,46.238,15.828,39.717,60,60,20
101.86,142.16,0.33708,34.807,46.238,15.755,39.79,60,60,20
104.3,138.5,0.32242,34.807,46.238,15.828,39.717,60,60,20
106.74,136.79,0.33097,34.88,46.238,15.828,39.717,60,60,20
108.94,139.23,0.35784,34.807,46.312,15.828,39.79,60,60,20
111.38,139.96,0.34685,34.954,46.238,15.755,39.863,60,60,20
113.46,137.27,0.33097,34.954,46.238,15.828,39.863,60,60,20
115.78,140.21,0.31998,34.88,46.092,15.755,39.79,60,60,20
118.22,139.23,0.32242,34.954,46.165,15.828,39.79,60,60,20
120.3,146.56,0.35662,34.88,46.312,15.755,39.643,60,60,20
122.74,150.22,0.33952,34.807,46.238,15.828,40.01,60,60,20
124.94,141.18,0.32853,34.88,46.092,15.828,39.79,60,60,20
127.38,138.01,0.3151,34.807,46.238,15.901,39.863,60,60,20
129.34,141.18,0.34807,34.88,46.238,15.828,39.643,60,60,20
131.66,141.43,0.34929,34.807,46.238,15.828,39.643,60,60,20
134.1,140.21,0.33586,34.807,46.312,15.828,39.717,60,60,20
136.17,138.98,0.32487,34.88,46.165,15.901,39.79,60,60,20
138.37,141.91,0.32487,34.88,46.165,15.828,39.863,60,60,20
140.57,140.45,0.36028,34.807,46.092,15.828,39.863,60,60,20
142.77,145.82,0.34685,34.88,46.165,15.828,39.863,60,60,20
144.97,138.25,0.33219,34.88,46.165,15.828,39.863,60,60,20
146.92,140.21,0.3212,34.954,46.165,15.901,39.863,60,60,20
149.36,140.69,0.3212,34.954,46.238,15.901,39.863,60,60,20
151.44,143.14,0.35784,35.027,46.238,15.828,39.863,60,60,20
153.76,139.23,0.34196,34.954,46.092,15.755,39.863,60,60,20
155.72,142.4,0.33097,34.88,46.092,15.755,39.863,60,60,20
157.55,138.74,0.31754,34.88,46.092,15.681,39.863,60,60,20
159.62,141.43,0.33586,34.954,46.165,15.681,39.936,60,60,20
161.58,143.38,0.35173,34.88,46.238,15.681,39.863,60,60,20
163.78,141.43,0.34074,34.954,46.092,15.608,39.863,60,60,20
165.97,137.52,0.32731,34.954,46.092,15.608,39.936,60,60,20
167.81,143.62,0.3151,35.027,46.165,15.681,39.863,60,60,20
170.25,140.45,0.36273,34.954,46.092,15.535,39.717,60,60,20
172.33,135.81,0.35173,34.954,46.019,15.462,39.863,60,60,20
174.28,142.16,0.3383,34.954,45.945,15.462,39.863,60,60,20
176.23,143.87,0.32487,34.954,46.165,15.315,39.863,60,60,20
178.43,136.3,0.31265,35.027,46.165,15.315,39.863,60,60,20
180.63,142.4,0.34807,34.954,46.092,15.315,39.863,60,60,20
181.97,124.33,0.34807,34.954,46.092,15.315,39.936,60,60,20
181.97,127.75,0.33708,34.954,46.092,15.242,40.083,60,60,20
181.85,139.47,0.3212,35.1,45.945,15.169,40.23,60,60,20
181.97,133.61,0.31387,35.027,46.019,15.242,40.01,60,60,20
181.97,140.45,0.35906,35.173,45.945,15.022,40.083,60,60,20
181.73,139.23,0.34685,35.1,46.092,15.022,40.083,60,60,20
181.49,133.12,0.33219,35.1,45.945,14.949,40.156,60,60,20
181.36,136.79,0.32242,35.1,45.945,14.949,40.01,60,60,20
181.24,139.72,0.33952,35.1,46.019,14.949,39.936,60,60,20
181.24,135.08,0.3554,35.027,46.092,14.949,39.936,60,60,20
181.24,137.76,0.34196,35.027,46.092,14.949,39.936,60,60,20
181,142.65,0.32853,35.1,46.092,14.949,39.863,60,60,20
180.75,133.12,0.31387,34.954,46.092,14.949,39.863,60,60,20
180.87,139.47,0.35662,35.027,46.092,14.949,39.79,60,60,20
180.63,140.94,0.35051,35.027,46.019,15.095,39.936,60,60,20
180.63,139.47,0.33708,35.027,45.872,14.949,39.863,60,60,20
180.39,143.14,0.32364,35.027,45.945,14.949,39.717,60,60,20
180.26,135.81,0.31265,34.954,46.019,14.949,39.79,60,60,20
180.14,138.5,0.34563,34.954,46.019,14.875,39.79,60,60,20
180.02,137.52,0.34685,35.027,46.019,14.949,39.79,60,60,20
179.9,134.34,0.33341,34.954,46.092,14.875,39.79,60,60,20
179.78,138.25,0.32242,34.807,45.945,14.875,39.79,60,60,20
179.53,145.33,0.32364,34.88,45.945,14.949,39.863,60,60,20
179.53,140.69,0.35784,34.954,45.945,14.949,39.717,60,60,20
179.41,138.98,0.34319,34.88,45.945,15.022,39.863,60,60,20
179.29,138.74,0.33097,34.954,46.019,14.875,39.863,60,60,20
179.16,134.34,0.31998,34.954,46.019,14.949,39.717,60,60,20
179.04,139.23,0.34319,34.807,45.945,14.949,39.717,60,60,20
178.68,135.56,0.35296,34.88,46.019,14.949,39.863,60,60,20
178.8,138.25,0.33952,34.88,46.019,14.949,39.79,60,60,20
178.68,143.38,0.32609,34.807,46.092,15.022,39.863,60,60,20
178.55,137.27,0.3151,34.88,46.019,14.875,39.863,60,60,20
178.43,137.03,0.3615,34.88,45.945,14.949,39.79,60,60,20
178.19,137.52,0.34929,34.807,45.945,14.949,39.79,60,60,20
178.19,136.05,0.33586,34.807,46.019,15.022,39.79,60,60,20
177.94,138.01,0.32242,34.88,46.019,14.949,39.79,60,60,20
177.94,143.62,0.31265,34.88,46.092,14.875,39.863,60,60,20
177.7,138.98,0.36028,34.807,45.945,15.022,39.643,60,60,20
177.45,137.76,0.34441,34.807,45.945,14.949,39.717,60,60,20
177.45,139.47,0.33219,34.88,45.945,14.875,39.643,60,60,20
177.33,138.01,0.3212,34.954,46.019,14.949,39.643,60,60,20
177.21,140.21,0.32364,34.734,46.019,14.949,39.717,60,60,20
176.97,138.74,0.35662,34.88,45.945,14.949,39.79,60,60,20
176.84,150.71,0.34074,34.807,46.019,14.949,39.643,60,60,20
176.72,153.88,0.32853,34.807,46.019,14.875,39.717,60,60,20
176.72,146.8,0.3151,34.88,45.945,14.949,39.57,60,60,20
176.23,143.38,0.34441,34.807,45.945,14.875,39.643,60,60,20
176.23,140.69,0.34929,34.734,46.019,14.949,39.57,60,60,20
176.23,137.76,0.33708,34.734,45.945,14.875,39.57,60,60,20
176.11,140.45,0.32609,34.734,46.019,14.949,39.497,60,60,20
175.74,139.72,0.32242,34.734,46.019,14.875,39.497,60,60,20
175.62,140.21,0.36028,34.734,45.872,14.949,39.57,60,60,20
175.74,142.89,0.34563,34.66,45.872,14.949,39.57,60,60,20
175.38,140.69,0.33586,34.734,45.945,14.875,39.57,60,60,20
175.5,141.18,0.32242,34.807,45.872,14.949,39.497,60,60,20
175.38,142.65,0.33952,34.734,45.945,14.875,39.497,60,60,20
175.13,142.89,0.35662,34.734,46.019,14.949,39.57,60,60,20
174.77,139.96,0.34196,34.807,45.945,14.875,39.643,60,60,20
174.77,141.43,0.32975,34.734,45.872,14.875,39.57,60,60,20
174.77,141.91,0.31632,34.66,45.872,14.949,39.57,60,60,20
174.52,143.14,0.32975,34.66,46.019,14.949,39.57,60,60,20
174.65,140.21,0.34929,34.734,45.799,14.949,39.57,60,60,20
174.16,141.67,0.3383,34.807,45.872,15.022,39.497,60,60,20
174.04,141.18,0.32364,34.88,45.872,14.949,39.497,60,60,20
173.91,134.83,0.3151,34.88,45.799,14.875,39.497,60,60,20
173.91,143.14,0.36028,34.807,45.945,14.949,39.57,60,60,20
173.67,140.21,0.34929,34.807,45.872,14.949,39.643,60,60,20
173.42,141.18,0.33586,34.734,45.799,14.875,39.424,60,60,20
173.42,147.04,0.32242,34.734,45.799,14.875,39.57,60,60,20
173.18,137.03,0.32487,34.66,45.799,14.949,39.497,60,60,20
173.06,135.56,0.3554,34.734,45.799,14.949,39.643,60,60,20
172.94,136.05,0.34319,34.88,45.872,14.949,39.57,60,60,20
172.81,138.01,0.33097,34.807,45.799,14.875,39.57,60,60,20
172.57,143.38,0.31876,34.734,45.799,15.095,39.643,60,60,20
172.57,141.43,0.34807,34.807,45.872,15.022,39.497,60,60,20
172.33,139.23,0.35418,34.66,45.799,15.022,39.57,60,60,20
172.45,139.72,0.33952,34.66,45.799,14.875,39.497,60,60,20
172.08,132.88,0.32731,34.734,45.872,14.949,39.643,60,60,20
171.96,139.47,0.31876,34.807,45.872,14.949,39.497,60,60,20
171.71,139.47,0.36517,34.734,45.799,14.875,39.497,60,60,20
171.59,137.76,0.34929,34.66,45.799,14.875,39.57,60,60,20
171.47,140.45,0.33586,34.734,45.799,14.949,39.497,60,60,20
171.47,138.25,0.32242,34.734,45.725,14.949,39.57,60,60,20
171.1,139.23,0.31021,34.66,45.799,14.875,39.424,60,60,20
171.1,141.18,0.35784,34.66,45.725,14.875,39.35,60,60,20
170.98,136.05,0.34319,34.734,45.725,14.875,39.424,60,60,20
170.86,138.74,0.33097,34.66,45.725,14.949,39.424,60,60,20
170.86,139.72,0.31998,34.66,45.799,14.875,39.35,60,60,20
170.49,138.25,0.33341,34.66,45.799,14.875,39.57,60,60,20
170.25,140.69,0.3554,34.734,45.945,15.022,39.497,60,60,20
170.25,136.54,0.34074,34.807,45.945,14.875,39.497,60,60,20
169.88,137.03,0.32853,34.734,45.799,14.875,39.57,60,60,20
170,140.94,0.31387,34.66,45.725,14.875,39.497,60,60,20
169.88,134.59,0.34929,34.66,45.725,14.875,39.497,60,60,20
169.76,137.52,0.35051,34.66,45.799,14.875,39.424,60,60,20
169.39,139.96,0.33708,34.734,45.799,14.949,39.35,60,60,20
169.39,136.54,0.32364,34.66,45.945,14.875,39.35,60,60,20
169.15,138.01,0.32731,34.734,45.872,14.949,39.424,60,60,20
169.15,138.5,0.35784,34.66,45.872,15.022,39.277,60,60,20
169.03,135.81,0.34441,34.734,45.872,14.949,39.35,60,60,20
168.66,138.5,0.33219,34.66,45.872,14.949,39.424,60,60,20
168.66,136.3,0.3151,34.66,45.799,14.949,39.497,60,60,20
168.66,138.01,0.3554,34.734,45.725,14.949,39.424,60,60,20
168.3,133.85,0.35296,34.734,45.725,14.949,39.424,60,60,20
168.3,136.3,0.33952,34.807,45.652,14.875,39.424,60,60,20
168.05,136.79,0.32731,34.734,45.872,15.022,39.424,60,60,20
168.05,130.92,0.31387,34.66,45.725,15.095,39.497,60,60,20
167.68,138.5,0.34319,34.66,45.799,14.875,39.497,60,60,20
167.81,133.61,0.34929,34.807,45.799,14.949,39.35,60,60,20
167.32,135.08,0.33586,34.734,45.799,14.949,39.497,60,60,20
167.2,138.01,0.3212,34.734,45.652,14.949,39.424,60,60,20
167.2,138.5,0.34196,34.734,45.799,14.875,39.424,61.356,60,20
167.32,137.27,0.32853,34.66,45.872,14.949,39.35,58.376,60,20
166.83,136.79,0.31632,34.66,45.872,15.022,39.424,64.621,60,20
166.71,138.5,0.33341,34.734,45.799,14.949,39.424,72.056,60,20
166.71,155.11,0.35051,34.734,45.799,14.949,39.277,75.055,60,20
166.34,176.6,0.3383,34.66,45.799,14.875,39.35,69.772,60,20
166.22,174.16,0.32731,34.587,45.872,15.022,39.204,74.987,60,20
165.97,182.95,0.31387,34.367,45.799,14.875,38.911,96.472,60,20
166.1,235.47,0.35296,34.221,45.725,14.949,38.764,94.916,60,20
165.73,287.49,0.34685,34.148,45.799,14.949,38.398,60.74,60,20
165.36,256.23,0.33586,33.708,45.799,14.875,37.811,51.06,60,20
165.12,175.38,0.32242,33.268,45.799,14.949,37.225,83.557,60,20
165,180.02,0.32609,33.048,45.652,15.022,37.005,97.672,60,20
164.75,237.18,0.35662,33.122,45.725,14.875,37.372,69.997,60,20
164.63,243.28,0.34319,32.975,45.799,14.875,37.225,48.33,60,20
164.26,173.18,0.32975,32.755,45.725,14.875,36.932,54.663,60,20
164.39,123.84,0.31876,32.755,45.725,14.949,36.786,67.187,60,20
164.14,134.83,0.35784,32.902,45.652,14.875,37.005,77.026,60,20
163.78,167.81,0.35418,33.195,45.725,14.949,37.518,77.409,60,20
163.65,200.29,0.33952,33.341,45.725,14.949,37.738,53.437,60,20
163.41,173.67,0.32609,33.268,45.799,14.949,37.592,28.424,60,20
163.29,95.75,0.32853,33.195,45.799,14.875,37.445,39.713,60,20
163.04,55.447,0.36028,33.415,45.799,14.875,37.665,65.663,60,20
163.04,93.063,0.34685,33.708,45.799,14.949,38.178,65.667,60,20
163.04,127.75,0.33341,34.148,45.799,14.949,38.911,57.257,60,20
162.92,131.66,0.32364,34.294,45.652,14.949,38.911,68.968,60,20
162.55,141.91,0.32364,34.514,45.652,14.949,38.911,77.165,60,20
162.55,172.45,0.3554,34.367,45.652,14.875,38.911,60.327,60,20
162.31,169.27,0.33952,34.441,45.725,14.949,38.837,46.471,60,20
162.07,132.88,0.32853,34.221,45.579,14.875,38.617,55.914,60,20
162.19,103.81,0.31632,34.221,45.579,14.949,38.544,65.061,60,20
161.82,123.11,0.34441,34.367,45.506,15.022,38.617,58.285,60,20
161.7,131.66,0.35051,34.367,45.506,14.949,38.984,53.171,60,20
161.58,122.37,0.3383,34.587,45.506,14.875,38.764,56.998,60,20
161.46,114.07,0.32242,34.441,45.506,14.949,38.764,54.867,60,20
161.33,114.07,0.32242,34.514,45.506,15.022,38.984,48.311,60,20
161.09,104.79,0.35662,34.514,45.432,14.949,39.057,51.769,60,20
161.21,102.34,0.34441,34.807,45.359,14.949,39.057,53.925,60,20
160.85,107.23,0.33219,34.88,45.432,14.875,39.13,39.671,60,20
160.85,88.178,0.31998,34.954,45.432,14.949,39.277,34.273,60,20
160.97,55.691,0.34563,35.1,45.506,14.949,39.13,60.444,60,20
160.6,80.85,0.35296,35.247,45.506,15.022,39.424,81.826,60,20
160.36,161.94,0.33952,35.613,45.652,14.949,39.936,61.787,60,20
160.23,178.31,0.32609,35.54,45.506,14.875,39.79,35.062,60,20
160.11,117.98,0.31387,35.173,45.506,14.949,39.57,47.008,60,20
159.87,79.14,0.36273,35.1,45.506,14.949,39.277,74.068,60,20
159.75,125.79,0.34807,35.173,45.432,14.875,39.497,72.757,60,20
159.75,158.04,0.33586,35.173,45.506,15.022,39.643,54.796,60,20
159.38,147.53,0.32364,35.1,45.506,14.949,39.35,55.962,60,20
159.38,131.66,0.31143,34.954,45.506,14.949,39.35,72.253,60,20
159.01,148.75,0.35662,34.88,45.506,14.875,39.35,74.164,60,20
159.14,170.98,0.34563,34.734,45.506,14.949,39.204,63.207,60,20
159.01,164.39,0.33464,34.734,45.579,14.949,38.911,70.398,60,20
158.65,158.52,0.31998,34.514,45.506,14.875,38.764,93.386,60,20
158.4,215.19,0.32609,34.367,45.579,14.802,38.691,86.996,60,20
158.16,248.9,0.3554,34.294,45.579,14.802,38.324,46.761,60,20
157.91,202.74,0.34196,33.781,45.725,14.949,38.105,32.992,60,20
157.79,108.21,0.32853,33.488,45.725,14.875,37.665,67.106,60,20
157.79,106.99,0.31876,33.488,45.579,14.949,37.738,92.961,60,20
157.43,192.23,0.34929,33.781,45.652,14.875,38.178,80.735,60,20
157.18,235.47,0.35173,33.854,45.652,14.875,38.178,63.387,60,20
156.94,205.42,0.33708,33.708,45.579,14.949,37.885,54.378,60,20
156.81,139.23,0.32487,33.415,45.579,14.949,37.518,40.747,60,20
156.81,104.05,0.32609,33.415,45.579,14.875,37.665,39.219,60,20
156.69,71.08,0.36028,33.488,45.506,15.095,37.738,61.462,60,20
156.57,88.911,0.34685,33.854,45.506,14.949,38.105,76.249,60,20
156.2,142.89,0.33341,34.148,45.506,14.949,38.617,69.044,60,20
156.2,163.9,0.31876,34.367,45.652,14.949,38.617,62.491,60,20
155.84,153.88,0.32242,34.294,45.579,14.949,38.617,60.475,60,20
155.72,145.09,0.3554,34.148,45.579,14.875,38.617,51.607,60,20
155.72,120.18,0.34074,34.074,45.579,14.949,38.691,44.095,60,20
155.72,101.61,0.32975,34.221,45.432,14.875,38.471,43.481,60,20
155.35,85.247,0.3151,34.367,45.579,14.949,38.617,47.298,60,20
155.23,81.339,0.33586,34.587,45.506,14.949,38.764,64.923,60,20
155.23,105.52,0.34929,34.807,45.506,15.022,39.204,83.301,60,20
154.86,166.59,0.33952,34.954,45.506,14.949,39.35,66.372,60,20
154.74,181.24,0.32609,35.027,45.579,14.875,39.204,31.768,60,20
154.62,123.6,0.3151,34.734,45.359,14.875,39.13,32.696,60,20
154.49,57.401,0.36028,34.587,45.359,14.875,39.13,60.005,60,20
154.49,80.117,0.34685,34.807,45.359,14.949,39.13,72.067,60,20
154.25,125.31,0.33341,35.027,45.359,14.949,39.497,74.126,60,20
154.13,165.36,0.3212,35.1,45.506,14.875,39.497,75.663,60,20
153.76,184.9,0.34196,35.027,45.506,15.022,39.497,61.027,60,20
153.52,184.9,0.3554,34.954,45.506,14.949,39.277,48.171,60,20
153.64,137.27,0.33952,34.514,45.506,14.875,38.911,64.515,60,20
153.4,128.48,0.32853,34.367,45.359,14.949,38.764,82.746,60,20
153.4,174.16,0.3151,34.441,45.359,14.875,38.837,80.163,60,20
152.78,215.68,0.33586,34.367,45.286,14.949,38.691,81.074,60,20
152.91,227.65,0.34929,34.221,45.286,14.875,38.178,83.934,60,20
152.3,237.91,0.33464,33.854,45.286,14.875,38.031,67.228,60,20
152.17,218.37,0.32364,33.488,45.359,14.875,37.592,59.403,60,20
152.05,170.74,0.31387,33.341,45.359,14.875,37.225,77.397,60,20
151.69,176.84,0.35784,33.268,45.432,14.949,37.152,74.847,60,20
151.56,188.57,0.34319,33.195,45.359,14.875,37.225,47.216,60,20
151.56,156.08,0.33097,33.268,45.359,14.875,37.225,52.545,60,20
151.32,118.71,0.31876,33.195,45.359,14.949,37.372,84.954,60,20
151.07,171.23,0.34074,33.268,45.506,14.875,37.445,87.355,60,20
150.95,235.47,0.35296,33.488,45.652,14.875,37.738,69.922,60,20
150.59,222.52,0.3383,33.268,45.652,14.875,37.518,69.288,60,20
150.34,191.26,0.32609,33.268,45.579,14.875,37.225,65.718,60,20
150.1,167.81,0.31876,33.048,45.579,14.875,37.079,46.713,60,20
150.1,131.66,0.35906,33.122,45.506,14.949,37.079,45.645,60,20
150.22,99.658,0.34685,33.048,45.432,15.022,37.298,64.355,60,20
149.98,108.7,0.33219,33.341,45.506,14.949,37.665,65.471,60,20
149.61,138.5,0.31998,33.708,45.579,15.022,37.958,47.788,60,20
149.49,124.33,0.34685,33.781,45.432,14.949,38.105,45.391,60,20
149.61,96.483,0.35418,34.001,45.359,14.875,38.031,67.384,60,20
149.36,117.73,0.34196,34.074,45.432,14.875,38.471,83.759,60,20
149.12,173.67,0.32975,34.367,45.506,14.949,38.691,66.661,60,20
148.88,192.72,0.3151,34.294,45.432,14.949,38.471,38.338,60,20
148.63,135.81,0.33952,34.221,45.359,14.875,38.398,45.506,60,20
148.63,94.04,0.34929,34.148,45.432,14.875,38.324,73.22,60,20
148.51,120.42,0.33586,34.221,45.359,15.022,38.544,66.911,60,20
148.14,154.13,0.32364,34.441,45.286,14.949,38.691,45.839,60,20
148.02,128.97,0.31265,34.367,45.359,14.875,38.691,65.375,60,20
148.02,124.57,0.35784,34.367,45.359,14.949,38.617,91.396,60,20
147.66,194.19,0.34563,34.441,45.213,14.875,38.691,66.645,60,20
147.29,206.64,0.33219,34.294,45.139,14.875,38.617,33.994,60,20
147.17,131.17,0.32242,34.074,45.213,14.949,38.251,47.417,60,20
147.17,88.178,0.3383,33.928,45.213,14.875,37.958,70.569,60,20
146.92,118.95,0.35296,34.074,45.213,15.022,38.617,69.77,60,20
146.8,148.51,0.34196,34.294,45.286,15.022,38.691,69.63,60,20
146.43,158.04,0.32609,34.294,45.139,14.949,38.617,70.144,60,20
146.56,158.28,0.32242,34.294,45.213,14.875,38.544,50.784,60,20
146.43,137.03,0.36028,34.148,45.213,15.022,38.471,41.46,60,20
146.19,93.063,0.34807,34.148,45.286,14.875,38.178,67.873,60,20
146.07,110.41,0.33464,34.221,45.213,15.022,38.471,87.827,60,20
145.82,181.97,0.3212,34.294,45.213,14.949,38.691,66.482,60,20
145.58,195.41,0.31876,34.294,45.286,14.949,38.471,36.491,60,20
145.46,129.46,0.3554,34.221,45.359,14.949,38.324,39.595,60,20
145.58,76.453,0.33952,33.928,45.359,14.875,38.178,71.19,60,20
145.09,106.99,0.32975,34.221,45.432,14.949,38.471,92.398,60,20
145.09,186.86,0.3151,34.367,45.286,15.022,38.764,72.818,60,20
144.72,215.68,0.34441,34.294,45.286,14.802,38.471,31.091,60,20
144.48,146.56,0.35051,34.148,45.213,14.875,38.398,14.431,60,20
144.48,42.257,0.33586,34.001,45.213,14.875,38.031,29.698,60,20
144.6,20.274,0.32487,34.074,45.286,15.022,37.958,46.012,60,20
144.48,42.013,0.3212,34.587,45.286,14.949,38.251,55.415,60,20
144.24,84.27,0.35784,35.173,45.359,15.169,39.643,66.551,60,20
144.11,118.22,0.34563,35.467,45.506,15.022,39.79,71.016,60,20
143.99,145.33,0.32975,35.54,45.213,14.875,39.643,67.303,60,20
143.75,155.84,0.31998,35.393,45.213,14.875,39.643,67.719,60,20
143.5,158.77,0.34807,35.247,45.213,14.949,39.497,64.77,60,20
143.38,153.88,0.35418,35.027,45.213,14.875,39.35,49.63,60,20
143.14,133.85,0.33952,34.88,45.213,15.022,39.057,42.226,60,20
143.26,94.04,0.32731,34.734,45.213,14.949,38.984,51.376,60,20
143.01,93.796,0.32364,34.807,45.286,15.022,39.057,55.917,60,20
143.01,108.21,0.36273,34.88,45.286,14.949,39.13,52.974,60,20
142.89,110.41,0.35051,35.1,45.359,15.022,39.277,59.173,60,20
142.65,112.36,0.33586,35.027,45.432,14.875,39.204,66.874,60,20
142.4,133.37,0.32487,35.173,45.213,14.949,39.204,62.376,60,20
142.28,140.45,0.31143,35.173,45.139,14.949,39.35,56.996,60,20
142.16,137.03,0.35662,35.027,45.139,14.875,39.204,54.742,60,20
141.79,120.91,0.34319,34.954,45.213,14.875,39.13,41.573,60,20
141.67,99.658,0.32975,34.88,45.213,14.949,39.057,30.408,60,20
141.79,56.424,0.31876,34.954,45.432,14.949,38.911,50.542,60,20
141.55,63.263,0.34563,35.173,45.286,14.949,39.13,83.617,60,20
141.55,135.08,0.35296,35.467,45.286,15.022,39.863,81.765,60,20
141.06,205.42,0.33952,35.613,45.286,14.875,39.717,51.497,60,20
140.82,183.93,0.32609,35.247,45.359,14.875,39.204,44.153,60,20
140.82,122.13,0.31387,34.954,45.359,14.875,38.984,62.513,60,20
140.69,112.6,0.35418,34.66,45.359,14.949,38.911,63.342,60,20
140.45,134.34,0.34929,34.734,45.432,15.022,38.911,52.549,60,20
140.33,128.72,0.33464,34.88,45.359,14.949,38.911,71.269,60,20
140.33,136.54,0.3212,34.66,45.359,14.949,39.057,93.133,60,20
139.96,207.13,0.32853,34.734,45.359,14.949,38.984,64.758,60,20
139.59,218.37,0.35784,34.587,45.359,14.802,38.691,26.048,60,20
139.72,133.85,0.34319,34.221,45.432,14.949,38.398,45.843,60,20
139.59,76.209,0.33097,34.074,45.579,14.949,38.105,89.49,60,20
139.11,152.17,0.31876,34.441,45.432,15.022,38.617,91.794,60,20
139.11,251.83,0.35662,34.587,45.432,14.875,38.617,73.326,60,20
138.74,251.83,0.35173,34.294,45.359,14.949,38.398,68.948,60,20
138.74,206.16,0.33952,33.854,45.432,14.875,37.885,60.523,60,20
138.5,166.83,0.32731,33.708,45.506,14.875,37.592,48.298,60,20
138.13,127.75,0.31265,33.488,45.432,14.949,37.518,58.484,60,20
138.25,116.51,0.34685,33.488,45.506,14.949,37.518,74.253,60,20
137.88,154.86,0.34807,33.635,45.359,15.022,37.665,71.681,60,20
137.64,169.76,0.33341,33.928,45.506,14.949,37.885,68.277,60,20
137.52,169.76,0.3212,33.781,45.432,14.875,38.031,68.007,60,20
137.52,165.85,0.32609,33.928,45.506,14.875,37.885,54.115,60,20
137.15,146.31,0.35784,33.781,45.506,14.949,37.811,42.992,60,20
137.27,110.65,0.34441,33.854,45.579,14.949,37.811,48.382,60,20
136.91,93.552,0.32975,33.928,45.359,14.949,37.958,50.214,60,20
136.91,98.437,0.31754,34.074,45.359,15.022,38.324,54.353,60,20
136.54,106.01,0.34929,34.367,45.286,15.022,38.471,75.641,60,20
136.54,139.72,0.35051,34.587,45.432,14.949,38.764,77.036,60,20
136.3,182.22,0.33708,34.66,45.432,14.949,38.911,47.368,60,20
136.05,157.3,0.32364,34.587,45.432,14.949,38.691,42.94,60,20
136.17,106.74,0.32853,34.367,45.359,14.875,38.471,61.794,60,20
135.81,105.76,0.35784,34.367,45.286,15.022,38.617,44.207,60,20
135.69,107.23,0.34441,34.587,45.213,14.875,38.911,19.287,60,20
135.56,54.47,0.33097,34.587,45.213,14.949,38.764,45.444,60,20
135.44,46.898,0.31754,34.88,45.286,15.022,38.764,70.503,60,20
135.32,97.215,0.3212,35.32,45.286,15.022,39.497,46.237,60,20
135.2,116.27,0.35173,35.54,45.359,15.022,39.79,34.775,60,20
134.95,82.804,0.3383,35.54,45.432,15.022,39.79,62.427,60,20
134.95,94.04,0.32609,35.686,45.359,15.022,39.863,69.127,60,20
134.83,131.41,0.31265,35.686,45.286,14.949,40.156,56.155,60,20
134.59,132.39,0.35906,35.686,45.213,14.949,39.936,71.618,60,20
134.59,151.69,0.34807,35.613,45.286,14.949,39.863,85.971,60,20
134.22,198.09,0.33341,35.467,45.213,14.949,39.863,60.96,60,20
133.98,201.27,0.31876,35.173,45.286,14.875,39.35,38.984,60,20
133.98,149.73,0.32487,34.807,45.286,14.875,38.837,51.763,60,20
133.73,108.21,0.35418,34.587,45.286,14.949,38.471,68.582,60,20
133.49,133.85,0.34196,34.66,45.213,15.022,38.764,69.689,60,20
133.37,159.5,0.32853,34.66,45.432,14.949,38.837,63.004,60,20
133.24,154.86,0.31632,34.66,45.359,14.875,38.764,55.45,60,20
133.12,141.91,0.34929,34.514,45.359,14.875,38.764,59.285,60,20
132.88,142.16,0.34929,34.514,45.359,14.875,38.617,71.625,60,20
132.88,151.2,0.33586,34.514,45.432,14.875,38.764,66.787,60,20
132.39,160.48,0.32364,34.587,45.432,14.949,38.691,51.942,60,20
132.51,145.33,0.32731,34.441,45.359,14.949,38.691,54.733,60,20
132.27,125.79,0.35906,34.441,45.432,14.949,38.471,58.608,60,20
132.02,134.1,0.34563,34.367,45.432,15.022,38.691,47.351,60,20
131.9,118.71,0.33219,34.514,45.506,15.022,38.691,49.606,60,20
131.9,105.52,0.32242,34.587,45.506,15.022,38.764,63.931,60,20
131.78,120.66,0.32242,34.88,45.432,14.949,38.984,55.169,60,20
131.41,133.12,0.35296,34.954,45.506,15.022,39.13,43.692,60,20
131.29,113.83,0.33952,34.88,45.506,15.095,39.204,62.59,60,20
131.17,119.2,0.32853,34.954,45.506,15.022,39.204,78.527,60,20
130.8,165.12,0.3151,35.1,45.359,15.022,39.35,68.366,60,20
130.8,185.88,0.3383,35.1,45.506,14.949,39.35,63.245,60,20
130.8,168.05,0.34929,34.954,45.579,14.949,38.984,63.436,60,20
130.31,153.88,0.33464,34.734,45.579,15.022,38.911,45.951,60,20
130.43,131.66,0.32609,34.587,45.359,15.022,38.691,33.807,60,20
130.07,78.163,0.31143,34.514,45.359,15.022,38.617,43.723,60,20
130.07,67.904,0.35784,34.66,45.359,14.949,38.764,53.514,60,20
129.95,95.75,0.34563,34.954,45.432,15.095,39.204,67.568,60,20
129.82,127.5,0.33464,35.247,45.359,15.022,39.497,92.661,60,20
129.46,202.25,0.32242,35.467,45.359,14.949,39.497,92.549,60,20
129.21,267.71,0.32975,35.247,45.359,14.875,39.204,72.427,60,20
128.85,251.59,0.3554,34.734,45.359,14.949,38.617,81.277,60,20
128.72,231.07,0.34319,34.221,45.432,14.949,38.031,92.309,60,20
128.36,255.01,0.33097,33.928,45.432,14.875,37.445,61.627,60,20
128.24,232.05,0.31998,33.488,45.359,14.949,37.152,45.884,60,20
127.99,159.5,0.35051,33.268,45.506,14.875,36.712,77.634,60,20
127.99,160.97,0.35296,33.195,45.359,14.875,36.786,80.21,60,20
127.63,201.76,0.34196,33.268,45.359,14.949,37.225,38.084,60,20
127.63,158.04,0.32609,33.268,45.432,14.875,37.152,29.478,60,20
127.63,80.606,0.31876,33.268,45.213,14.875,37.152,52.204,60,20
127.26,76.209,0.33708,33.415,45.213,14.949,37.298,52.269,60,20
127.02,99.658,0.35051,34.001,45.359,15.022,38.031,54.069,60,20
126.89,111.38,0.33586,34.294,45.213,15.022,38.251,73.323,60,20
126.89,140.21,0.32242,34.367,45.286,14.949,38.471,62.589,60,20
126.65,155.59,0.31143,34.587,45.432,14.949,38.544,37.581,60,20
126.77,117.98,0.35906,34.514,45.359,14.949,38.617,51.751,60,20
126.4,99.17,0.34685,34.514,45.432,14.949,38.691,69.264,60,20
126.28,122.86,0.33097,34.66,45.432,15.022,38.837,54.285,60,20
125.92,132.39,0.31876,34.88,45.579,14.875,38.837,54.51,60,20
126.16,124.33,0.33708,34.807,45.579,14.949,38.911,74.24,60,20
125.67,144.36,0.35296,34.88,45.359,15.022,39.057,63.141,60,20
125.43,154.62,0.3383,34.807,45.359,15.022,38.984,47.714,60,20
125.43,129.7,0.32609,34.734,45.432,14.875,38.911,67.027,60,20
125.31,131.66,0.31387,34.734,45.359,15.022,38.911,73.079,60,20
124.94,157.55,0.36028,34.807,45.213,14.949,38.911,53.145,60,20
124.94,148.27,0.34807,34.734,45.213,14.875,38.837,69.208,60,20
124.57,148.02,0.33464,34.734,45.213,14.875,38.764,100,60,20
124.57,221.54,0.3212,34.66,45.213,14.949,38.617,92.719,60,20
124.21,278.94,0.31021,34.441,45.213,14.802,38.398,57.91,60,20
124.08,240.35,0.3554,33.928,45.213,14.875,37.518,53.389,60,20
123.84,168.78,0.34196,33.635,45.213,14.949,37.005,59.082,60,20
123.6,136.79,0.32975,33.341,45.213,15.022,37.005,64.661,60,20
123.35,140.21,0.31754,33.415,45.286,14.875,37.152,83.391,60,20
123.11,183.93,0.33586,33.635,45.213,14.949,37.518,76.987,60,20
123.11,215.68,0.35173,33.635,45.213,14.875,37.665,35.56,60,20
122.98,159.99,0.33586,33.488,45.286,14.949,37.445,33.026,60,20
122.86,80.606,0.32487,33.488,45.432,14.949,37.152,76.176,60,20
122.62,106.99,0.31265,33.635,45.432,14.949,37.665,78.717,60,20
122.25,173.18,0.35784,33.928,45.432,14.949,38.105,42.939,60,20
122.01,156.08,0.34563,33.928,45.359,15.022,38.105,49.696,60,20
122.01,116.51,0.33097,33.928,45.286,14.949,37.958,84.611,60,20
121.76,163.41,0.31876,34.074,45.359,14.875,38.105,80.21,60,20
121.64,217.15,0.34319,34.221,45.359,14.875,38.105,53.662,60,20
121.28,187.1,0.35173,34.001,45.359,14.875,37.885,48.858,60,20
121.15,135.32,0.3383,33.781,45.286,14.949,37.738,53.902,60,20
121.03,116.76,0.32487,33.708,45.359,15.022,37.811,57.333,60,20
121.03,120.42,0.31632,33.928,45.213,15.095,37.885,68.392,60,20
120.54,138.98,0.36028,34.148,45.213,15.022,38.031,71.738,60,20
120.42,157.3,0.34685,34.148,45.286,14.949,38.251,59.144,60,20
120.3,155.59,0.33341,34.221,45.359,14.949,38.251,59.473,60,20
120.18,141.67,0.3212,34.221,45.286,14.949,38.251,75.262,60,20
120.05,161.21,0.32242,34.294,45.139,14.949,38.251,70.358,60,20
119.81,174.65,0.3554,34.221,45.139,14.949,38.178,47.593,60,20
119.57,143.87,0.34196,34.148,44.993,14.949,38.031,47.656,60,20
119.57,110.65,0.32731,34.074,44.993,14.949,38.105,69.833,60,20
119.32,126.28,0.31632,34.148,45.066,15.022,38.324,77.528,60,20
119.2,182.95,0.34196,34.294,45.213,14.875,38.251,67.526,60,20
118.95,191.01,0.35051,34.294,45.213,15.022,38.178,63.262,60,20
118.71,172.45,0.33586,34.074,45.139,15.022,38.105,61.236,60,20
118.71,154.86,0.32609,34.001,45.066,14.949,38.105,44.985,60,20
118.34,124.08,0.31387,33.928,45.139,14.949,37.811,30.5,60,20
118.34,73.278,0.35906,34.001,45.213,14.949,37.958,43.246,60,20
118.47,60.088,0.34685,34.148,45.066,14.949,38.178,70.631,60,20
118.22,106.25,0.33097,34.514,45.286,15.095,38.837,83.559,60,20
117.86,181.49,0.31998,34.807,45.139,14.949,38.984,79.12,60,20
117.61,219.83,0.33708,34.88,45.139,14.875,38.837,67.626,60,20
117.37,199.07,0.3554,34.587,45.139,14.875,38.471,54.123,60,20
117.24,163.17,0.34196,34.221,45.066,14.949,38.251,49.357,60,20
117.24,125.31,0.32853,34.074,45.213,14.949,37.958,55.56,60,20
117.12,118.71,0.31754,34.074,45.213,14.949,38.105,53.316,60,20
116.88,118.95,0.35296,34.294,45.286,14.949,38.251,43.421,60,20
116.76,104.05,0.35173,34.294,45.213,15.095,38.178,52.45,60,20
116.51,100.88,0.3383,34.514,45.213,14.949,38.471,69.633,60,20
116.15,126.77,0.32609,34.66,45.213,15.022,38.764,62.403,60,20
116.27,143.62,0.3151,34.88,45.213,15.022,38.911,54.276,60,20
115.9,131.66,0.34441,34.734,45.139,14.875,38.691,80.303,60,20
116.02,171.47,0.34929,34.954,45.066,15.022,38.764,100,60,20
115.66,244.5,0.33586,34.807,45.139,14.949,38.837,80.385,60,20
115.41,267.95,0.32364,34.441,45.139,14.875,38.031,52.395,60,20
115.05,213.48,0.31021,34.001,45.286,14.949,37.372,57.645,60,20
115.05,159.75,0.35906,33.488,45.213,14.875,37.152,72.493,60,20
114.68,157.3,0.34319,33.488,45.213,15.022,37.152,74.672,60,20
114.44,181.73,0.33097,33.708,45.139,14.949,37.372,70.844,60,20
114.31,188.32,0.31754,33.561,45.066,14.949,37.298,61.211,60,20
114.31,166.1,0.32975,33.561,44.993,14.949,37.372,53.338,60,20
113.83,141.91,0.35418,33.635,44.993,14.949,37.445,63.104,60,20
113.95,140.21,0.34074,33.635,45.066,15.022,37.445,70.367,60,20
113.46,152.66,0.32853,33.708,45.066,15.022,37.518,53.649,60,20
113.58,148.27,0.31632,33.928,45.139,15.022,37.592,44.873,60,20
113.21,115.53,0.35051,33.854,45.139,15.022,37.665,63.462,60,20
113.21,120.42,0.35051,34.001,45.066,15.022,37.885,60,60,20
92.208,142.16,0.35906,34.66,45.139,15.095,38.544,60,60,20
91.964,145.33,0.34563,34.66,45.139,15.022,38.398,60,60,20
91.842,146.07,0.33464,34.734,45.213,15.022,38.471,60,60,20
91.72,148.51,0.31998,34.66,45.139,15.095,38.544,60,60,20
91.475,144.6,0.33586,34.66,45.213,15.022,38.471,60,60,20
91.353,146.56,0.35418,34.734,45.286,15.022,38.617,60,60,20
91.109,145.82,0.34196,34.66,45.286,15.095,38.398,60,60,20
90.987,143.38,0.32853,34.66,45.286,15.022,38.617,60,60,20
90.865,147.04,0.31754,34.734,45.286,15.095,38.471,60,60,20
90.743,141.43,0.32975,34.66,45.139,15.022,38.398,60,60,20
90.62,146.07,0.35173,34.66,45.286,15.095,38.544,60,60,20
90.498,140.94,0.33586,34.66,45.286,15.095,38.544,60,60,20
90.254,152.17,0.32364,34.734,45.066,15.022,38.617,60,60,20
90.01,153.15,0.31021,34.66,45.066,15.022,38.471,60,60,20
89.888,145.58,0.35784,34.734,45.066,15.095,38.691,60,60,20
89.643,147.29,0.34196,34.66,45.286,15.022,38.471,60,60,20
89.521,147.53,0.32975,34.734,45.139,15.095,38.544,60,60,20
89.399,149.73,0.31632,34.734,45.139,15.022,38.471,60,60,20
89.033,148.51,0.33586,34.66,45.213,15.022,38.471,60,60,20
89.033,145.33,0.34929,34.734,45.213,15.022,38.544,60,60,20
88.911,146.8,0.33708,34.66,45.213,15.022,38.471,60,60,20
88.666,141.67,0.32487,34.734,45.213,15.022,38.471,60,60,20
88.544,146.31,0.32242,34.66,45.213,15.169,38.398,60,60,20
88.3,145.33,0.35784,34.734,45.139,15.022,38.324,60,60,20
88.056,145.58,0.34441,34.734,45.213,15.022,38.544,60,60,20
88.056,147.78,0.33219,34.66,45.213,15.095,38.398,60,60,20
87.934,142.65,0.31876,34.807,45.359,15.169,38.324,60,60,20
87.689,150.46,0.3212,34.734,45.286,15.022,38.324,60,60,20
87.567,142.4,0.3554,34.734,45.213,15.022,38.251,60,60,20
87.445,145.58,0.3383,34.66,45.213,15.095,38.398,60,60,20
87.201,146.56,0.32487,34.734,45.213,15.022,38.398,60,60,20
86.957,145.82,0.31387,34.66,45.139,15.022,38.324,60,60,20
86.834,151.2,0.34563,34.807,45.213,15.095,38.324,60,60,20
86.712,145.82,0.34807,34.807,45.213,15.022,38.251,60,60,20
86.59,144.36,0.33586,34.734,45.286,15.022,38.324,60,60,20
86.224,147.29,0.32242,34.734,45.359,15.169,38.251,60,60,20
86.102,146.31,0.3212,34.734,45.213,15.095,38.398,60,60,20
86.102,147.29,0.35784,34.734,45.213,15.095,38.471,60,60,20
85.857,146.07,0.34196,34.734,45.359,15.169,38.544,60,60,20
85.735,143.14,0.32975,34.734,45.286,15.095,38.471,60,60,20
85.369,143.87,0.31876,34.807,45.139,15.095,38.471,60,60,20
85.491,146.07,0.34685,34.734,45.139,15.095,38.398,60,60,20
85.247,150.46,0.35418,34.734,45.213,15.095,38.471,60,60,20
85.002,147.78,0.33952,34.734,45.213,15.022,38.251,60,60,20
85.002,146.56,0.32731,34.88,45.286,15.095,38.398,60,60,20
84.636,146.56,0.31387,34.734,45.139,15.095,38.324,60,60,20
84.636,145.33,0.36273,34.734,45.139,15.169,38.324,60,60,20
84.514,143.62,0.34685,34.734,45.213,15.095,38.471,60,60,20
84.27,142.4,0.33341,34.734,45.213,15.169,38.398,60,60,20
84.025,138.98,0.31998,34.734,45.213,15.022,38.471,60,60,20
83.903,144.11,0.31265,34.734,45.213,15.095,38.324,60,60,20
83.659,142.16,0.35662,34.88,45.286,15.022,38.324,60,60,20
83.537,142.65,0.34319,34.88,45.213,15.169,38.471,60,60,20
83.293,144.6,0.33219,34.807,45.213,15.022,38.398,60,60,20
83.293,145.09,0.31632,34.734,45.213,15.095,38.398,60,60,20
82.926,146.31,0.32975,34.807,45.213,15.095,38.471,60,60,20
82.682,143.38,0.35296,34.734,45.213,15.095,38.398,60,60,20
82.56,145.58,0.33952,34.734,45.213,15.022,38.398,60,60,20
82.56,144.6,0.32975,34.88,45.213,15.095,38.324,60,60,20
82.193,141.67,0.3151,34.734,45.139,15.022,38.324,60,60,20
82.071,144.11,0.34807,34.807,45.213,15.022,38.324,60,60,20
81.827,147.29,0.34929,34.807,45.139,15.095,38.251,60,60,20
81.949,148.27,0.33586,34.807,45.213,15.169,38.324,60,60,20
81.827,144.6,0.34196,34.734,45.286,15.095,38.324,61.356,0,0
71.935,146.56,0.3554,34.954,45.286,15.095,38.324,61.356,27.601,25.246
71.69,110.16,0.34319,34.807,45.359,15.095,38.398,58.376,48.743,19.052
71.69,125.06,0.32853,34.294,45.359,15.095,38.178,64.621,76.985,19.805
71.446,161.94,0.31632,33.928,45.359,15.169,38.398,72.056,70.952,18.715
71.324,171.71,0.35051,34.514,45.286,15.169,38.471,75.055,47.543,13.432
71.08,163.9,0.35051,34.734,45.506,15.169,38.398,69.772,49.29,18.497
70.957,169.27,0.3383,34.514,45.579,15.095,37.958,74.987,67.844,30.612
70.713,204.45,0.32487,33.854,45.359,15.095,37.592,96.472,69.346,29.556
70.347,246.7,0.33097,34.001,45.139,15.022,37.665,94.916,59.541,18.468
69.98,287.01,0.35662,34.074,45.213,15.022,37.298,60.74,59.622,16.954
69.98,253.05,0.34319,33.781,45.359,15.022,36.566,51.06,64.084,24.116
69.736,179.53,0.32853,33.415,45.359,15.022,36.273,83.557,64.359,28.036
69.248,195.9,0.31754,33.341,45.359,15.242,36.492,97.672,65.635,30.054
69.126,274.3,0.35051,33.561,45.506,15.169,37.005,69.997,67.007,31.865
68.759,266,0.35296,33.415,45.652,15.022,36.419,48.33,63.54,27.664
68.637,188.57,0.3383,33.341,45.652,15.169,36.346,54.663,58.923,21.512
68.393,135.32,0.32731,33.415,45.506,15.095,36.346,67.187,58.631,21.64
68.393,138.74,0.31387,33.415,45.359,15.242,36.712,77.026,65.784,22.107
68.026,184.17,0.34563,33.635,45.213,15.095,36.859,77.409,75.55,18.199
67.904,217.64,0.34685,34.001,45.213,15.169,37.298,53.437,72.376,19.493
67.66,185.88,0.33464,34.441,45.432,15.095,37.298,28.424,61.46,25.642
67.782,98.437,0.32487,34.441,45.579,15.169,37.152,39.713,72.983,21.79
67.538,66.194,0.32364,34.587,45.359,15.095,37.298,65.663,98.858,11.362
67.416,122.86,0.35784,35.979,45.213,15.242,38.324,65.667,93.167,14.05
67.171,135.32,0.34196,37.225,45.432,15.169,39.057,57.257,61.961,27.703
67.049,117,0.33097,37.372,45.506,15.169,38.984,68.968,54.712,32.022
66.927,128.48,0.31754,36.859,45.506,15.242,39.35,77.165,67.296,24.415
66.561,190.77,0.34319,36.273,45.359,15.242,39.35,60.327,63.938,18.2
66.561,182.71,0.35051,35.906,45.066,15.095,39.204,46.471,58.331,18.144
66.194,133.61,0.33708,35.76,45.139,15.242,39.057,55.914,71.712,20.907
65.95,128.48,0.32609,35.54,45.359,15.169,38.911,65.061,78.683,23.351
66.072,148.75,0.32731,35.906,45.286,15.095,39.204,58.285,64.474,21.471
65.706,147.53,0.36028,36.273,45.286,15.242,39.277,53.171,52.944,16.531
65.584,119.93,0.34685,35.979,45.139,15.169,39.204,56.998,54.082,16.399
65.34,117,0.33219,35.76,44.919,15.169,39.057,54.867,60.214,20.611
65.462,129.46,0.31998,35.393,44.773,15.169,38.984,48.311,71.202,21.731
65.095,126.53,0.31754,35.32,44.846,15.169,38.984,51.769,74.302,22.33
64.973,117,0.3554,35.76,44.919,15.242,39.277,53.925,55.984,26.871
64.851,112.12,0.34074,35.979,44.993,15.169,39.497,39.671,41.872,28.035
64.729,68.393,0.32853,35.906,45.066,15.169,39.277,34.273,54.975,24.069
64.729,60.821,0.31876,35.393,45.213,15.242,39.277,60.444,67.929,25.698
64.362,103.32,0.34685,35.32,45.359,15.242,39.79,81.826,58.042,30.326
64.24,165.12,0.35051,35.76,45.725,15.169,40.01,61.787,47.938,23.998
64.118,166.1,0.33708,35.686,45.579,15.095,39.643,35.062,55.13,12.906
63.874,116.51,0.32242,35.247,45.725,15.242,39.057,47.008,67.919,13.275
63.874,100.88,0.31998,34.88,45.725,15.242,38.911,74.068,76.238,19.336
63.63,150.22,0.35906,35.393,45.945,15.242,39.643,72.757,78.628,18.568
63.508,184.9,0.34441,36.053,45.945,15.169,39.717,54.796,78.507,16.615
63.263,168.54,0.33219,36.273,45.945,15.169,39.424,55.962,84.651,18.901
63.263,141.43,0.31998,36.639,45.799,15.169,39.35,72.253,87.278,18.364
63.019,151.69,0.34074,37.225,45.872,15.169,39.57,74.164,66.913,15.679
62.775,172.45,0.35418,37.298,45.725,15.242,39.57,63.207,45.393,18.359
62.408,141.18,0.33952,36.932,45.725,15.169,39.57,70.398,57.41,21.87
62.286,165.12,0.32731,36.126,45.579,15.095,39.13,93.386,77.242,20.918
62.164,234.25,0.31632,35.613,45.506,15.095,39.277,86.996,64.217,22.336
61.676,262.58,0.36395,35.76,45.579,15.242,38.911,46.761,44.252,26.714
61.798,191.99,0.34929,35.613,45.506,15.095,37.811,32.992,55.349,24.684
61.309,112.6,0.33341,34.587,45.506,15.169,37.518,67.106,73.324,18.979
61.309,125.31,0.3212,34.148,45.359,15.169,37.958,92.961,65.884,18.999
61.065,207.87,0.31876,34.807,45.139,15.242,38.544,80.735,50.111,19.888
60.943,241.57,0.3554,34.807,44.993,15.095,38.178,63.387,48.921,16.231
60.454,215.93,0.34074,34.367,45.066,15.169,37.738,54.378,53.913,17.686
60.576,159.75,0.32731,33.708,45.213,15.242,37.225,40.747,53.465,27.279
60.332,105.03,0.31754,33.341,45.286,15.242,37.079,39.219,51.999,30.61
60.332,59.111,0.34685,33.122,45.286,15.242,37.152,61.462,52.778,22.595
59.844,85.735,0.34807,33.268,45.432,15.169,37.665,76.249,47.443,15.838
59.722,151.44,0.33586,33.341,45.506,15.242,38.031,69.044,34.755,15.111
59.477,157.3,0.3212,33.415,45.506,15.169,37.811,62.491,36.277,12.65
59.355,151.44,0.32487,33.122,45.579,15.169,37.225,60.475,62.657,9.914
59.233,162.43,0.35662,32.242,45.652,15.242,37.005,51.607,78.414,15.936
58.867,154.62,0.34319,32.755,46.092,15.242,37.225,44.095,55.522,25.26
58.867,99.902,0.32731,33.561,46.092,15.169,37.518,43.481,32.645,23.672
58.745,59.111,0.3151,33.561,46.165,15.242,37.665,47.298,46.344,14.493
58.622,61.553,0.36028,33.195,46.092,15.242,38.178,64.923,59.534,14.219
58.622,119.2,0.34929,33.122,46.019,15.169,38.764,83.301,40.733,23.273
58.256,169.52,0.33708,33.415,45.872,15.242,38.251,66.372,30.828,26.731
58.012,180.51,0.32364,33.341,45.725,15.169,37.738,31.768,56.191,22.345
57.89,131.66,0.31143,32.609,45.579,15.242,37.372,32.696,75.036,20.977
57.89,79.14,0.35906,32.682,45.872,15.242,37.225,60.005,62.469,23.091
57.89,98.681,0.34563,33.708,45.872,15.169,37.811,72.067,50.212,21.533
57.401,124.33,0.33097,34.294,45.945,15.169,38.617,74.126,59.09,19.483
57.279,178.8,0.31998,34.441,45.872,15.169,38.324,75.663,72.334,22.041
57.035,206.89,0.3383,34.441,45.652,15.169,38.251,61.027,73.44,23.8
57.035,191.74,0.35173,34.734,45.506,15.242,38.398,48.171,62.73,21.619
56.79,146.31,0.3383,34.954,45.725,15.169,38.178,64.515,53.01,20.641
56.546,115.05,0.32731,34.88,45.579,15.242,38.178,82.746,59.516,20.398
56.302,186.61,0.31387,34.807,45.506,15.169,38.178,80.163,75.852,16.499
56.058,239.62,0.36028,34.88,45.652,15.169,38.324,81.074,78.287,12.649
55.936,248.41,0.34563,35.1,45.872,15.242,38.105,83.934,63.836,12.193
55.691,247.92,0.32975,35.173,45.799,15.095,37.738,67.228,53.211,11.417
55.325,213.24,0.31876,34.66,45.652,15.095,37.298,59.403,57.852,12.1
55.203,171.71,0.34685,34.221,45.432,15.169,37.079,77.397,68.234,19.199
54.958,197.12,0.35173,33.854,45.139,15.242,37.225,74.847,66.252,25.805
54.836,206.4,0.34074,34.148,44.993,15.169,37.152,47.216,47.317,24.292
54.592,137.27,0.32731,34.074,44.993,15.169,37.152,52.545,36.274,21.355
54.592,95.261,0.32731,33.781,44.993,15.242,36.932,84.954,55.296,22.442
54.226,177.33,0.35906,33.195,45.066,15.169,37.225,87.355,81.441,22.351
53.981,259.16,0.34685,33.415,45.213,15.169,37.225,69.922,82.32,21.654
53.859,238.4,0.33219,34.148,45.506,15.169,37.152,69.288,70.385,25.497
53.615,205.18,0.32242,34.367,45.652,15.169,36.786,65.718,70.817,27.367
53.249,186.86,0.3212,34.294,45.725,15.242,36.639,46.713,76.311,21.221
53.249,151.93,0.35418,34.514,45.579,15.169,37.005,45.645,73.011,16.799
53.004,117,0.34074,34.88,45.506,15.169,37.592,64.355,63.634,20.269
52.882,127.26,0.32609,35.173,45.579,15.242,37.885,65.471,51.037,21.438
52.882,126.77,0.31387,35.1,45.652,15.242,38.324,47.788,40.841,15.965
52.76,99.414,0.35662,34.954,45.652,15.242,38.398,45.391,45.086,14.81
52.638,79.384,0.34563,34.514,45.652,15.169,38.324,67.384,56.527,22.224
52.394,119.2,0.33341,33.928,45.725,15.242,38.691,83.759,53.792,27.805
52.149,181,0.32242,34.001,45.652,15.315,38.617,66.661,39.086,25.689
51.905,181.49,0.33586,34.001,45.506,15.315,38.031,38.338,33.758,23.666
51.783,117.49,0.3554,33.781,45.506,15.242,37.592,45.506,44.308,28.043
51.783,75.965,0.33952,33.122,45.432,15.242,37.518,73.22,56.355,31.556
51.417,126.77,0.32609,32.316,45.139,15.388,38.251,66.911,53.908,25.882
51.295,153.15,0.31632,32.609,44.846,15.242,37.665,45.839,43.147,18.265
51.172,112.85,0.36028,32.755,44.846,15.388,37.372,65.375,48.17,19.887
51.172,114.56,0.34807,32.609,44.919,15.242,37.518,91.396,66.866,25.329
51.05,215.44,0.33586,32.755,45.213,15.242,37.372,66.645,71.63,23.981
50.562,235.47,0.32242,33.195,45.506,15.242,37.225,33.994,70.18,19.979
50.562,158.28,0.33952,33.488,45.799,15.242,37.079,47.417,88.496,20.21
50.195,103.32,0.3554,34.367,46.312,15.242,37.298,70.569,100,21.318
50.195,135.08,0.34319,36.199,46.532,15.315,38.031,69.77,77.924,22.673
50.195,148.02,0.32731,36.786,46.605,15.242,38.398,69.63,58.206,26.762
49.707,156.57,0.3151,36.566,46.532,15.315,38.764,70.144,61.449,25.863
50.684,190.28,0.3383,36.126,46.165,15.242,38.764,50.784,46.859,16.865
52.516,133.85,0.34807,35.686,45.799,15.169,38.764,41.46,22.038,13.561
54.592,75.965,0.33708,35.76,45.725,15.242,38.544,67.873,38.504,19.635
56.913,105.03,0.32487,34.954,45.506,15.169,38.837,87.827,66.922,21.147
59.111,210.8,0.32609,33.561,45.432,15.242,38.544,66.482,53.252,18.363
61.676,206.16,0.35784,33.635,45.066,15.169,38.251,36.491,36.821,22.633
63.874,118.22,0.34441,33.561,44.993,15.242,37.738,39.595,56.932,26.76
66.439,95.261,0.33097,32.975,44.846,15.242,37.445,71.19,72.166,21.648
68.759,138.98,0.31998,33.341,44.406,15.315,38.105,92.398,67.404,18.252
70.957,213.73,0.34685,34.221,44.406,15.315,38.105,72.818,72.756,21.202
73.034,239.13,0.35418,34.587,44.7,15.169,37.811,31.091,70.934,20.327
75.721,166.1,0.34196,34.587,44.919,15.388,37.518,14.431,48.446,18.673
77.797,57.401,0.32975,34.587,45.066,15.242,37.298,29.698,49.436,22.719
80.362,26.38,0.31754,34.221,45.066,15.315,37.298,46.012,69.72,20.947
82.926,65.217,0.34929,34.441,45.432,15.388,38.105,55.415,58.543,12.142
85.247,93.307,0.35173,35.027,45.872,15.535,39.424,66.551,43.454,14.069
87.567,99.658,0.3383,35.173,46.092,15.388,39.424,71.016,64.98,23.274
89.888,174.16,0.32487,35.1,46.458,15.388,39.13,67.303,74.311,22.853
92.33,185.39,0.32242,35.173,46.385,15.388,39.277,67.719,54.958,21.929
94.773,153.88,0.35906,35.467,46.238,15.169,39.204,64.77,67.714,28.796
96.971,172.2,0.34685,35.247,45.945,15.242,38.911,49.63,95.728,25.065
99.292,158.77,0.33219,35.906,45.213,15.242,39.13,42.226,75.798,11.753
101.73,105.03,0.31998,36.786,45.066,15.169,38.911,51.376,53.58,14.518
103.93,78.896,0.31998,36.859,45.139,15.242,39.057,55.917,79.088,24.489
106.62,123.84,0.3554,36.566,45.066,15.242,39.643,52.974,86.826,14.993
108.94,119.2,0.34196,37.152,45.213,15.242,39.936,59.173,52.389,2.7761
111.14,90.865,0.32853,37.445,45.359,15.095,39.79,66.874,51.187,12.895
113.7,117.49,0.31632,37.005,45.432,15.022,39.79,62.376,82.262,26.64
115.9,172.69,0.34563,36.346,45.432,14.949,39.643,56.996,76.119,25.323
118.1,156.08,0.35173,36.712,45.286,15.022,39.717,54.742,51.987,22.709
120.54,109.43,0.3383,36.639,45.432,15.022,39.863,41.573,57.996,23.745
122.98,103.57,0.32487,36.199,45.432,15.022,39.497,30.408,67.183,18.544
125.31,78.163,0.3212,35.906,45.359,15.095,39.497,50.542,61.731,14.413
127.75,77.186,0.36028,36.199,45.432,15.095,39.717,83.617,64.039,19.067
130.19,160.72,0.34685,36.419,45.432,14.949,40.376,81.765,60.447,21.425
132.27,219.59,0.33586,36.566,45.359,14.802,40.01,51.497,43.762,18.12
134.59,168.05,0.32364,36.273,45.286,14.875,39.35,44.153,55.117,17.225
136.79,121.15,0.31754,35.467,45.139,14.802,38.911,62.513,84.648,17.102
139.11,138.98,0.3554,35.173,45.432,14.949,39.057,63.342,74.279,17.463
141.43,150.46,0.34319,36.053,45.725,14.802,39.35,52.549,42.769,24.004
143.75,99.902,0.32975,35.979,45.799,14.949,39.277,71.269,46.663,28.513
146.31,127.5,0.31754,35.54,45.872,14.802,39.204,93.133,68.333,24.751
148.14,225.21,0.34685,34.954,45.725,14.656,38.837,64.758,72.197,25.717
150.46,233.76,0.35173,34.88,45.725,14.656,38.471,26.048,70.021,29.777
152.91,146.56,0.33952,34.88,45.872,14.656,38.398,45.843,67.343,19.706
155.11,92.33,0.32731,35.027,46.019,14.729,38.324,89.49,58.145,8.7697
157.18,161.21,0.31998,35.32,46.019,14.656,39.057,91.794,58.766,17.45
159.38,248.9,0.36028,35.32,46.019,14.582,38.617,73.326,65.177,25.102
161.33,254.52,0.34685,35.027,45.945,14.436,38.178,68.948,54.002,16.335
163.65,201.51,0.33341,34.734,45.872,14.509,37.665,60.523,47.294,16.928
165.73,152.42,0.32242,34.221,45.872,14.362,37.298,48.298,68.485,30.021
168.05,151.44,0.32242,33.781,45.872,14.436,37.445,58.484,81.707,24.833
170.49,147.04,0.35662,34.367,45.945,14.509,37.665,74.253,70.619,9.1622
172.45,164.14,0.34074,35.247,45.945,14.509,38.031,71.681,71.936,13.502
174.89,191.99,0.32731,35.32,46.019,14.362,38.251,68.277,81.668,23.765
176.97,198.34,0.3151,35.54,45.872,14.362,38.471,68.007,63.878,18.925
179.16,173.18,0.34807,35.833,45.799,14.289,38.324,54.115,39.596,16.895
181.49,127.26,0.34929,35.613,45.725,14.143,38.324,42.992,39.822,23.634
182.71,74.255,0.33586,35.173,45.652,14.362,38.398,48.382,42.776,19.131
182.58,62.775,0.32364,34.514,45.725,14.216,38.617,50.214,41.741,11.126
182.58,72.057,0.32853,34.074,45.725,14.216,39.204,54.353,60.317,16.965
182.46,118.22,0.35662,33.635,45.506,14.289,39.204,75.641,76.798,19.376
182.1,172.69,0.34319,34.221,45.652,14.069,38.911,77.036,60.523,9.2169
181.85,194.19,0.32853,34.954,45.799,13.923,38.911,47.368,46.086,9.9238
181.73,144.36,0.31632,34.954,45.799,13.996,38.398,42.94,62.396,22.024
181.73,122.13,0.33464,34.367,45.579,13.996,38.178,61.794,72.294,22.049
181.24,129.95,0.34929,34.514,45.286,13.923,38.544,44.207,55.838,16.626
181.36,108.45,0.33586,34.954,45.139,13.996,38.837,19.287,48.372,23.092
181.12,56.424,0.32364,35.027,45.213,13.996,38.691,45.444,62.806,28.38
181.12,59.844,0.31265,34.88,45.432,14.069,38.764,70.503,71.088,20.52
181,120.91,0.35662,35.467,45.725,14.143,39.936,46.237,61.911,12.636
180.75,128.97,0.34319,35.906,45.945,14.143,39.717,34.775,47.933,13.733
180.63,71.568,0.32975,35.833,46.019,14.069,39.643,62.427,37.256,21.015
180.63,61.065,0.31632,35.686,46.019,13.996,39.79,69.127,34.189,31.122
180.39,112.85,0.34074,35.467,45.945,13.996,40.01,56.155,43.45,33.029
180.39,130.68,0.34929,34.807,45.945,13.923,39.35,71.618,60.963,21.562
180.26,167.81,0.33586,34.074,45.872,13.923,39.204,85.971,73.323,14.77
179.9,219.1,0.32487,34.221,45.652,13.923,38.984,60.96,68.957,21.289
179.78,212.02,0.32609,34.514,45.579,13.776,38.544,38.984,53.587,23.509
179.78,115.53,0.35662,34.587,45.506,13.923,38.031,51.763,47.35,17.911
179.41,84.025,0.34441,34.441,45.579,13.923,37.811,68.582,53.363,18.827
179.29,116.76,0.32853,34.074,45.579,13.923,38.178,69.689,54.094,21.22
179.04,149.24,0.31876,34.001,45.506,13.923,38.105,63.004,50.086,16.405
178.92,142.89,0.35784,33.781,45.506,13.85,37.811,55.45,56.07,17.002
178.68,140.21,0.35051,33.708,45.579,13.923,37.811,59.285,61.521,23.85
178.68,145.33,0.33708,33.635,45.725,13.85,37.885,71.625,54.891,20.256
178.43,145.82,0.32609,33.854,45.872,13.85,37.738,66.787,59.421,14.576
178.43,165.85,0.31265,33.928,45.945,13.85,37.738,51.942,83.617,23.948
178.19,165.12,0.3554,34.294,46.165,13.85,37.811,54.733,91.239,31.699
178.07,130.19,0.34319,35.613,46.092,13.923,38.105,58.608,69.701,22.177
177.94,122.86,0.33219,36.346,45.872,13.85,38.471,47.351,52.47,15.159
177.94,101.37,0.31876,36.053,45.945,13.923,38.617,49.606,49.865,21.721
177.82,84.27,0.33341,35.686,45.799,13.923,38.764,63.931,44.953,23.806
177.7,94.04,0.35173,35.32,45.579,13.923,39.057,55.169,50.715,16.704
177.33,115.53,0.3383,34.954,45.359,13.923,39.35,43.692,81.87,14.397
177.21,129.46,0.32609,34.954,45.725,13.923,39.13,62.59,100,17.849
177.21,131.9,0.31632,36.566,45.799,13.923,39.717,78.527,80.713,20.299
176.84,160.23,0.3615,37.298,45.872,13.85,39.717,68.366,47.837,22.007
176.72,150.22,0.34807,37.298,45.872,13.85,39.57,63.245,44.214,21.075
176.72,146.8,0.33464,36.566,45.725,13.85,39.057,63.436,59.951,16.362
176.48,158.04,0.31998,35.393,45.359,13.85,38.911,45.951,66.527,14.343
176.6,140.45,0.33952,35.027,45.139,13.85,38.837,33.807,58.3,15.126
176.23,88.911,0.35296,35.1,45.213,13.923,38.984,43.723,45.144,14.645
176.11,53.737,0.33952,35.1,45.213,13.923,38.984,53.514,39.165,20.329
175.99,65.217,0.32609,34.954,45.359,13.996,39.497,67.568,47.725,33.38
176.11,111.14,0.3151,34.66,45.359,13.85,39.863,92.661,60.337,35.757
175.74,209.82,0.36028,34.441,45.139,13.85,39.13,92.549,59.734,22.896
175.38,276.5,0.34685,34.441,45.579,13.776,38.398,72.427,52.132,14.559
175.01,276.26,0.33097,34.221,45.945,13.85,37.372,81.277,57.088,17.711
174.89,255.01,0.3212,33.561,46.019,13.85,36.639,92.309,69.905,19.322
174.65,280.41,0.32364,33.122,46.019,13.923,36.126,61.627,70.333,16.123
174.65,255.01,0.3554,33.122,45.945,13.923,35.76,45.884,60.202,15.146
174.16,162.92,0.34196,33.122,45.945,13.923,35.833,77.634,55.711,16.59
174.04,150.22,0.32853,33.122,45.945,13.923,35.906,80.21,56.865,18.827
173.79,203.22,0.3151,33.122,45.945,13.923,36.346,38.084,56.632,22.438
173.55,166.1,0.34929,33.048,46.019,13.923,36.126,29.478,58.506,23.578
173.67,76.698,0.34929,33.122,46.092,13.85,36.126,52.204,61.475,20.547
173.55,88.666,0.33464,33.341,46.165,13.85,36.786,52.269,56.884,19.217
173.55,104.3,0.32364,33.854,46.238,13.923,38.251,54.069,51.682,21.918
173.18,98.925,0.33464,34.074,46.238,13.923,38.105,73.323,59.724,24.999
173.06,152.42,0.35662,34.294,46.165,13.85,38.251,62.589,72.033,27.255
172.81,178.8,0.34074,34.441,45.945,13.85,38.251,37.581,72.007,27.71
172.81,126.77,0.32731,34.807,45.652,13.923,38.471,51.751,64.954,23.518
172.94,107.23,0.31632,35.247,45.506,13.85,38.617,69.264,60.741,16.938
172.69,137.76,0.36273,35.54,45.432,13.85,39.057,54.285,53.72,13.749
172.45,132.14,0.34807,35.467,45.432,13.923,38.837,54.51,43.716,15.853
172.08,97.46,0.33341,35.247,45.359,13.85,38.617,74.24,44.235,21.369
171.96,138.5,0.31998,34.88,45.432,13.85,38.984,63.141,55.368,25.045
171.84,165.12,0.32364,34.221,45.359,13.85,38.471,47.714,60.351,21.856
171.71,138.98,0.35662,33.928,45.432,13.923,38.324,67.027,54.199,17.448
171.59,128.24,0.34074,34.001,45.579,13.923,38.105,73.079,49.421,21.058
171.35,153.88,0.32731,33.928,45.359,13.776,38.031,53.145,53.947,26.636
171.23,148.02,0.3151,33.781,45.432,13.85,37.665,69.208,62.001,23.437
171.1,159.99,0.34807,33.488,45.213,13.85,37.445,100,64.737,17.974
170.74,236.93,0.34807,33.928,45.213,13.85,37.738,92.719,59.458,20.224
170.62,286.03,0.33464,33.854,45.213,13.776,36.859,57.91,51.439,23.405
170.13,242.06,0.32364,33.708,45.359,13.776,36.199,53.389,51.965,18.971
169.88,159.75,0.32731,33.048,45.359,13.85,35.833,59.082,66.242,12.694
170,155.11,0.3554,32.535,45.359,13.923,36.053,64.661,77.408,12.702
169.88,166.83,0.34196,33.195,45.506,13.85,36.419,83.391,62.979,17.818
169.52,196.38,0.32853,33.781,45.872,13.923,36.932,76.987,37.963,21.894
169.39,204.2,0.31632,33.781,45.799,13.85,36.566,35.56,41.504,21.53
169.39,143.38,0.35418,33.341,45.799,13.776,36.199,33.026,65.775,20.17
169.27,92.574,0.34929,32.535,45.725,13.85,36.126,76.176,64.386,21.79
169.03,139.23,0.33586,32.755,45.359,13.923,37.079,78.717,44.113,22.272
168.66,177.82,0.32242,33.268,45.359,13.923,37.298,42.939,52.984,19.512
168.78,159.99,0.31021,33.048,45.213,13.85,36.932,49.696,76.386,21.206
168.42,136.54,0.35173,32.975,45.432,13.923,36.786,84.611,65.28,26.294
168.17,182.22,0.34441,33.708,45.359,13.85,37.298,80.21,46.042,22.729
167.93,212.75,0.33097,33.854,45.432,13.85,37.225,53.662,67.729,15.035
167.68,206.4,0.31998,33.488,45.359,13.85,36.786,48.858,92.419,17.549
167.81,152.66,0.32364,34.148,45.286,13.85,37.079,53.902,72.789,22.256
167.44,115.53,0.35418,35.173,45.359,13.85,37.298,57.333,54.356,16.599
167.2,107.72,0.34196,35.1,45.506,13.923,37.811,68.392,78.778,13.063
167.32,160.72,0.32975,35.027,45.579,13.923,38.105,71.738,94.429,20.38
166.95,188.81,0.31632,35.979,45.579,13.85,38.471,59.144,62.994,23.108
167.07,152.91,0.34807,36.419,45.579,13.85,38.324,59.473,37.032,17.85
166.71,111.14,0.35173,36.126,45.725,13.923,38.251,75.262,56.941,20.389
166.59,166.1,0.33708,35.173,45.725,13.85,38.471,70.358,80.151,28.559
166.46,202.74,0.32364,34.734,45.286,13.996,38.398,47.593,65.967,28.494
166.22,156.57,0.32609,35.1,45.139,13.85,38.251,47.656,43.976,24.412
165.97,87.445,0.35784,35.027,45.139,13.85,38.105,69.833,55.6,22.524
165.85,126.77,0.34319,34.514,45.066,13.85,38.691,77.528,83.985,17.054
165.85,193.94,0.32975,34.734,44.846,13.923,38.251,67.526,84.831,12.676
165.49,190.77,0.31632,35.54,44.846,13.85,38.398,63.262,59.469,19.163
165.49,160.48,0.35296,35.76,44.919,13.85,38.031,61.236,47.828,25.437
165.24,129.21,0.35051,35.32,44.919,13.85,37.811,44.985,59.886,19.384
165,134.59,0.33708,34.66,44.993,13.923,37.738,30.5,71.399,12.596
164.88,89.643,0.32364,34.367,45.066,13.996,37.958,43.246,76.009,15.648
164.88,76.698,0.31143,35.1,45.432,13.996,38.324,70.631,81.086,20.768
164.75,128.72,0.35784,35.906,45.506,13.996,39.204,83.559,77.043,22.696
164.51,200.05,0.34441,36.419,45.579,13.85,39.35,79.12,63.194,23.984
164.14,225.45,0.33219,36.273,45.652,13.923,39.057,67.626,60.092,21.882
164.02,206.64,0.31998,35.76,45.725,13.85,38.471,54.123,66.129,15.142
163.78,175.87,0.33708,35.173,45.725,13.85,38.105,49.357,61.637,11.637
163.9,136.79,0.35173,35.027,45.725,13.85,38.251,55.56,54.485,16.289
163.78,113.34,0.3383,34.88,45.799,13.85,38.324,53.316,58.187,24.609
163.41,125.55,0.32487,34.807,45.506,13.85,38.471,43.421,58.991,29.369
163.41,110.89,0.32609,34.734,45.432,13.85,38.398,52.45,54.797,27.352
163.29,98.925,0.35784,34.807,45.432,13.923,38.471,69.633,66.715,24.077
162.92,147.29,0.34319,34.954,45.286,13.923,38.911,62.403,87.615,26.605
162.8,164.88,0.33097,35.613,45.213,13.996,38.984,54.276,88.77,29.875
162.92,135.56,0.31876,36.566,45.286,13.85,38.984,80.303,71.669,26.666
162.43,169.03,0.35173,36.859,45.359,13.923,38.984,100,55.103,23.189
162.19,239.13,0.35173,36.419,45.359,13.85,38.764,80.385,44.342,23.415
161.94,260.87,0.3383,35.833,45.432,13.776,38.105,52.395,45.908,19.506
161.7,201.76,0.32609,34.954,45.213,13.85,37.152,57.645,64.181,14.232
161.82,173.91,0.3151,33.635,45.213,13.85,36.859,72.493,78.922,18.304
161.33,182.46,0.34685,33.708,45.579,13.923,37.225,74.672,71.314,22.765
161.46,197.85,0.34685,34.294,45.799,13.85,37.372,70.844,55.164,15.973
161.21,179.78,0.33341,34.221,45.872,13.923,37.298,61.211,54.481,11.949
160.97,159.75,0.31998,34.074,45.725,13.85,37.225,53.338,71.442,21.336
160.6,160.48,0.32487,33.781,45.725,13.85,37.152,63.104,84.008,27.709
160.48,153.64,0.35418,34.514,45.432,13.923,37.518,70.367,73.484,22.098
160.23,168.05,0.34196,35.247,45.432,13.923,37.811,53.649,59.273,16.958
160.23,148.27,0.32975,35.393,45.506,13.85,37.885,44.873,68.758,15.37
159.99,131.41,0.31632,34.954,45.286,13.85,37.811,63.462,73.455,11.9
159.99,133.85,0.3554,35.247,45.359,13.85,38.178,71.45,39.799,13.993
159.75,131.9,0.34807,35.54,45.359,13.996,38.617,57.281,16.076,24.727
159.5,127.5,0.33708,35.467,45.286,13.923,38.398,54.442,47.684,29.62
159.5,126.53,0.32487,34.441,45.286,13.996,37.958,60.213,77.3,23.138
159.38,161.46,0.32853,33.341,45.506,13.85,37.885,54.383,58.721,17.329
159.14,126.28,0.35906,33.928,45.652,13.996,38.105,57.778,44.99,19.298
158.77,105.03,0.34441,34.001,45.579,13.85,37.958,73.344,60.02,25.736
158.65,154.62,0.33097,33.854,45.506,13.85,38.105,63.789,55.059,30.378
158.52,162.68,0.31754,33.781,45.506,13.923,37.811,44.459,40.204,26.613
158.4,107.96,0.35296,33.781,45.359,13.923,37.298,66.571,63.786,19.122
158.16,145.09,0.35173,33.268,45.359,13.85,37.592,100,87.107,22.118
158.04,242.55,0.3383,34.148,45.506,13.923,37.958,91.656,62.567,31.02
157.67,280.9,0.32609,34.807,45.579,13.85,37.005,57.021,38.365,27.047
157.67,222.52,0.31387,34.514,45.506,13.776,36.053,55.988,51.375,16.352
157.43,162.43,0.35418,33.561,45.579,13.776,35.979,79.466,62.496,19.532
157.18,190.52,0.34563,32.755,45.799,13.923,36.126,88.066,56.685,28.851
156.94,235.71,0.33219,32.755,45.799,13.703,36.273,73.732,51.423,24.795
156.69,233.51,0.31998,32.682,45.872,13.923,35.76,50.237,35.036,15.289
156.33,163.41,0.33586,32.389,46.019,13.85,35.173,37.294,19.363,15.84
156.33,88.911,0.35296,32.535,45.872,13.85,35.173,44.605,45.974,20.719
156.08,70.347,0.3383,31.29,45.872,13.996,35.54,52.91,83.348,22.668
156.08,112.6,0.32609,30.923,45.652,13.85,35.979,48.152,74.293,26.285
156.2,116.02,0.31754,32.682,45.506,13.923,37.079,49.842,58.574,29.32
155.72,104.05,0.36028,33.415,45.725,13.996,37.152,62.953,82.082,24.527
155.59,146.07,0.34685,34.294,45.725,13.996,37.592,63.662,91.025,18.184
155.47,150.22,0.33341,35.54,45.213,13.85,37.958,57.722,55.831,19.441
155.35,122.37,0.31876,36.126,45.213,13.923,38.031,68.784,39.078,23.669
155.23,119.2,0.35173,35.76,45.286,13.85,37.958,78.503,57.089,24.598
154.98,181.73,0.35051,34.954,45.286,13.923,38.105,65.98,55.981,24.72
154.86,181.24,0.33708,34.367,45.139,13.85,37.665,58.104,40.523,24.151
154.49,139.47,0.32364,34.294,45.213,13.85,37.445,67.988,54.335,19.529
154.25,153.88,0.31143,33.488,45.506,13.85,37.445,63.675,73.551,16.427
154.13,176.84,0.35784,33.341,45.945,13.85,37.298,43.068,59.418,21.91
154.01,134.34,0.34441,33.708,46.019,13.923,37.298,44.597,41.881,27.174
154.01,75.965,0.33097,33.781,45.872,13.923,37.445,69.765,54.868,20.225
153.64,113.34,0.31876,33.488,45.652,13.996,38.251,83.335,70.8,10.543
153.88,202.25,0.34196,33.781,45.066,13.85,37.885,74.512,58.83,14.982
153.64,215.68,0.35173,34.001,44.553,13.85,37.518,54.812,38.971,26.113
153.4,153.88,0.3383,33.928,44.553,13.85,37.079,33.322,39.856,25.129
153.03,95.261,0.32609,33.561,44.626,13.85,36.639,25.323,50.972,17.009
153.03,56.913,0.32853,32.829,44.773,13.85,36.712,39.821,51.608,18.817
152.78,48.608,0.35784,32.609,44.993,13.996,37.372,58.589,52.652,25.32
152.91,71.324,0.34196,32.902,44.919,13.996,38.251,65.294,66.315,21.338
152.54,138.01,0.32975,33.415,45.359,13.996,38.398,68.558,70.488,12.801
152.42,169.03,0.31754,34.074,45.799,13.996,38.251,72.183,55.712,13.625
152.42,163.65,0.36273,34.294,45.872,13.85,38.031,63.802,53.386,19.531
152.17,159.5,0.35051,34.221,46.019,13.923,37.738,45.481,67.275,19.67
151.93,148.51,0.33708,34.001,45.725,13.923,37.665,37.911,60.114,16.321
151.81,107.72,0.32242,34.001,45.506,13.85,37.738,49.988,40.026,17.078
151.69,66.439,0.31143,34.221,45.286,13.923,38.105,65.868,51.349,21.632
151.56,103.81,0.35662,33.928,45.359,13.996,38.911,64.298,79.234,23.502
151.32,166.83,0.34196,34.148,45.432,13.85,38.398,47.546,77.708,18.563
151.07,148.75,0.32853,35.027,45.432,13.85,38.471,41.091,54.448,11.957
151.07,94.773,0.31632,35.32,45.579,13.923,38.544,52.338,36.619,13.614
151.07,70.591,0.34929,35.173,45.432,13.85,38.617,55.684,25.498,22.6
150.83,74.744,0.34807,35.027,45.506,13.85,39.204,40.462,28.966,26.442
150.71,98.925,0.33464,34.734,45.359,13.996,38.837,32.076,50.732,20.282
150.59,67.66,0.3212,33.561,45.213,13.996,38.324,43.665,62.862,12.281
150.83,75.721,0.32853,32.975,44.919,13.85,38.471,56.43,60.651,9.4692
150.46,101.86,0.3554,33.635,44.919,13.996,39.35,59.249,69.629,12.367
150.1,138.01,0.33952,34.367,45.213,13.996,38.984,60.201,72.545,19.084
150.22,151.93,0.32731,34.954,45.432,13.923,38.837,62.892,47.031,24.366
149.85,122.86,0.31387,35.173,45.359,13.923,38.617,64.911,38.828,22.818
149.73,129.46,0.36273,34.88,45.286,13.923,38.471,63.149,71.018,17.371
149.73,175.38,0.34563,34.221,45.359,13.85,38.251,53.203,82.37,14.913
149.61,160.97,0.33341,34.514,45.213,13.85,38.178,45.673,54.932,15.436
149.36,102.34,0.3212,35.1,45.432,13.85,38.178,58.362,49.689,15.104
149,95.506,0.35051,34.954,45.579,13.923,38.324,74.695,69.379,15.353
148.88,166.83,0.3554,34.807,45.652,13.996,38.544,63.469,61.196,20.108
148.88,175.38,0.34074,34.807,45.725,13.923,38.471,41.199,40.909,26.664
148.63,98.681,0.32853,34.807,45.725,13.85,38.178,43.319,53.33,27.357
148.39,82.316,0.31632,34.294,45.725,13.923,38.105,57.737,75.179,22.415
148.27,122.37,0.34196,34.148,45.652,13.996,38.691,60.435,72.879,21.688
148.27,146.07,0.34929,34.954,45.066,13.85,38.764,63.767,64.946,27.006
148.27,152.42,0.33586,35.393,45.139,13.923,38.691,71.144,70.44,27.92
147.78,169.27,0.32242,35.467,45.139,13.85,38.691,61.521,79.662,23.589
147.78,172.94,0.32487,35.76,45.286,13.923,38.544,47.077,79.417,24.946
147.53,144.85,0.35662,36.053,45.286,13.923,38.471,55.805,63.671,29.085
147.41,125.55,0.34319,36.126,45.213,13.85,38.691,68.289,48.364,24.364
147.17,121.64,0.33097,35.833,45.213,13.923,38.837,60.355,60.304,18.156
147.29,156.33,0.31632,35.467,45.139,13.85,38.764,56.399,78.807,20.959
147.04,160.72,0.3554,35.32,44.993,13.923,38.544,68.186,60.69,20.261
146.92,147.29,0.35051,35.686,45.139,13.923,38.691,65.172,29.951,9.2823
146.56,131.66,0.33708,35.54,45.213,13.85,38.471,49.434,34.284,7.8069
146.19,115.29,0.32487,35.247,45.359,13.85,38.105,57.292,50.952,21.259
146.31,117,0.32853,33.928,45.359,13.85,37.885,76.807,47.367,26.193
145.95,151.69,0.35906,33.415,45.432,13.923,37.885,68.045,47.668,16.74
145.82,172.45,0.34441,33.048,45.286,13.85,37.445,42.837,57.084,12.094
145.58,142.65,0.33219,32.755,45.286,13.85,37.445,35.013,43.295,15.253
145.58,67.416,0.31632,32.755,45.213,13.923,37.152,39.732,23.464,15.601
145.46,45.677,0.33464,32.609,45.139,13.85,37.225,45.437,37.9,17.388
145.33,54.714,0.34929,32.242,44.919,13.923,38.178,60.715,64.164,24.977
145.33,121.15,0.33708,31.803,44.993,13.923,38.251,75.659,67.515,27.945
144.97,172.69,0.32364,32.682,45.359,13.85,37.738,67.67,63.496,24.124
144.85,184.66,0.31265,33.415,45.506,13.85,37.445,52.06,64.693,23.108
144.6,162.43,0.35784,33.635,45.799,13.85,37.298,58.67,59.306,23.258
144.6,136.3,0.34441,33.781,45.799,13.923,37.372,74.182,54.941,18.511
144.24,154.86,0.33097,33.928,45.872,13.85,37.445,69.91,60.152,15.531
143.99,179.04,0.31632,33.854,45.872,13.85,37.298,56.422,58.389,18.606
143.99,158.77,0.34319,33.781,46.019,13.85,37.225,54.458,49.817,19.284
143.87,122.62,0.35173,33.781,45.945,13.85,37.152,50.584,53.579,14.694
143.62,111.63,0.3383,33.561,45.872,13.85,37.298,34.161,61.139,12.846
143.5,94.529,0.32487,33.488,45.872,13.996,37.445,33.713,55.146,17.308
143.38,57.157,0.32609,33.781,45.799,13.923,37.738,64.767,47.099,24.172
143.26,68.637,0.35784,34.074,45.725,13.996,38.471,89.959,50.456,28.479
143.01,179.04,0.34441,34.221,45.579,13.85,38.837,80.313,57.97,25.88
142.77,241.08,0.33097,34.148,45.359,13.85,37.958,62.38,56.437,17.459
142.65,208.11,0.31876,33.854,44.846,13.85,37.445,62.435,37.012,11.766
142.28,147.29,0.35662,33.635,44.626,13.85,37.079,65.054,15.968,13.978
142.4,139.23,0.35173,33.708,44.7,13.923,36.712,56.79,32.495,19.899
142.04,129.95,0.3383,33.341,44.553,13.85,36.053,47.545,76.194,23.941
142.04,150.46,0.32364,30.997,44.553,13.85,35.906,40.566,80.007,24.487
141.91,110.65,0.31143,32.316,45.359,13.996,36.419,37.603,37.62,22.391
141.55,53.737,0.35784,33.195,45.579,13.923,36.712,49.475,18.442,20.024
141.55,52.272,0.34196,33.195,45.506,13.923,37.298,61.129,35.061,19.153
141.43,81.583,0.32975,32.902,45.506,13.996,38.031,46.653,36.467,19.328
141.3,88.911,0.31876,32.316,45.506,13.923,37.079,33.442,27.784,20.134
141.18,55.691,0.34319,32.022,45.432,13.923,36.786,59.831,48.971,21.287
141.18,75.232,0.35173,30.923,45.359,13.923,37.079,89.074,76.296,21.86
141.18,200.54,0.33708,31.363,45.652,13.996,37.298,75.207,71.729,22.772
140.69,227.41,0.32487,32.462,45.799,13.85,36.859,55.248,59.652,24.028
140.57,186.37,0.31632,32.829,45.872,13.85,36.346,67.036,67.047,21.419
140.45,172.94,0.35906,33.048,45.725,13.923,36.199,72.849,72.357,15.998
140.21,188.08,0.34685,33.561,45.579,13.923,36.419,53.83,60.946,16.435
139.84,162.43,0.33219,33.635,45.359,13.923,36.786,53.819,53.277,21.09
139.72,124.33,0.3212,33.781,45.359,13.996,36.712,76.331,61.335,17.631
139.72,166.1,0.34196,33.781,45.213,13.923,36.932,77.482,71.011,8.3939
139.23,203.96,0.35418,34.001,45.359,13.923,37.152,66.121,68.708,8.7844
139.11,195.16,0.34074,34.221,45.652,13.85,37.005,74.39,59.176,17.87
139.11,185.39,0.32853,34.294,45.652,13.923,37.079,74.147,54.468,20.495
138.5,191.74,0.3151,34.074,45.725,13.85,36.566,42.573,53.16,15.251
138.37,147.04,0.36273,33.781,45.725,13.85,36.492,25.987,47.935,13.563
138.37,71.568,0.34685,33.488,45.359,13.923,36.566,48.934,47.255,18.208
138.37,52.76,0.33464,33.048,45.066,13.923,36.859,68.558,54.984,21.743
138.25,103.08,0.32242,33.048,44.553,13.996,38.398,68.315,52.79,19.432
138.01,135.56,0.32364,33.341,44.553,13.85,37.738,77.531,44.323,14.892
137.76,167.56,0.3554,33.415,44.626,13.85,37.298,88.26,59.546,14.962
137.76,238.15,0.34319,33.122,44.773,13.85,37.079,69.729,83.72,18.989
137.4,252.81,0.32853,33.341,45.286,13.923,36.712,44.459,74.97,19.378
137.15,181.73,0.3151,34.001,45.286,13.923,36.566,49.01,54.191,16.992
136.79,111.38,0.34807,34.001,45.359,13.923,36.566,62.724,62.163,20.247
136.79,134.1,0.35051,33.854,45.359,13.923,36.786,54.986,72.702,25.702
136.66,143.14,0.33708,34.001,45.359,13.923,37.152,45.437,62.776,22.985
136.54,123.11,0.32364,34.294,45.359,13.923,37.298,57.48,68.955,16.48
136.3,130.92,0.32731,34.66,45.579,13.996,37.885,72.8,87.79,15.901
136.17,166.34,0.35784,35.393,45.652,13.85,38.178,72.976,67.429,16.622
136.05,175.62,0.34441,35.979,45.506,13.923,38.398,69.549,32.626,13.058
135.69,149.24,0.33097,35.686,45.506,13.85,38.178,70.12,44.496,12.028
135.56,156.81,0.31876,34.954,45.359,13.85,37.811,65.393,67.956,16.483
135.44,190.28,0.35173,34.001,45.066,13.923,37.592,56.49,50.951,19.683
135.2,138.25,0.35173,33.781,44.48,13.923,37.592,52.216,38.666,20.787
135.08,109.92,0.33952,33.635,44.406,13.996,37.298,48.563,67.666,22.921
134.95,130.19,0.32609,33.341,44.48,13.923,37.445,44.329,88.164,22.18
134.83,111.63,0.31387,34.148,44.48,13.923,37.592,50.052,76.319,17.422
134.59,106.99,0.34929,35.393,44.773,13.85,37.738,58.343,67.061,16.142
134.59,124.08,0.34807,35.467,44.919,13.996,38.324,49.425,63.43,19.257
134.34,124.08,0.33341,35.467,45.139,13.923,38.471,36.229,55.534,19.205
134.22,84.758,0.3212,35.467,45.139,13.923,38.544,45.135,69.873,16.239
134.34,86.712,0.32487,35.32,45.139,13.996,38.691,58.665,97.089,17.116
133.98,118.71,0.3554,36.273,45.359,14.069,39.424,47.818,84.512,20.362
133.73,108.45,0.34196,37.225,45.725,13.996,39.424,36.649,47.38,19.635
133.85,61.065,0.32853,37.372,45.872,13.996,39.57,57.971,46.594,16.569
133.73,63.996,0.31754,36.712,45.799,13.923,39.79,84.458,68.193,17.481
133.49,174.65,0.35051,36.199,45.725,13.923,40.376,78.001,63.893,21.815
133.24,229.12,0.35051,35.979,45.506,13.776,39.497,58.403,51.435,23.611
132.88,191.74,0.33586,35.76,45.359,13.85,38.837,59.803,63.046,21.994
132.76,165.12,0.32242,35.173,45.286,13.85,38.471,71.287,79.494,21.342
132.63,187.59,0.33464,35.1,44.993,13.85,38.471,68.098,80.67,22.125
132.39,187.84,0.35784,35.686,44.773,13.85,38.251,53.984,75.092,21.555
132.14,166.1,0.34319,35.833,44.846,13.85,38.251,43.188,65.997,21.294
132.27,122.37,0.33341,35.833,44.919,13.85,38.178,39.014,55.415,22.928
132.14,85.735,0.31998,35.613,44.993,13.923,38.324,45.097,52.474,22.149
131.9,71.324,0.33219,35.467,44.919,13.923,38.691,68.491,47.838,19.265
131.9,92.574,0.35051,35.32,44.919,13.996,39.204,100,35.491,21.67
131.29,196.38,0.33708,35.173,44.846,13.85,39.057,100,41.853,26.264
131.17,287.01,0.32609,34.66,44.846,13.923,38.105,90.315,68.439,21.723
130.92,319,0.3151,33.488,44.993,13.776,36.492,59.71,69.059,13.042
130.56,262.58,0.35784,32.829,45.725,13.776,35.54,55.01,40.634,15.071
130.31,154.62,0.34563,32.975,45.872,13.85,35.393,70.205,39.131,23.694
130.19,145.33,0.33219,32.316,46.019,13.85,35.247,75.813,71.143,23.917
130.07,204.45,0.31998,31.876,45.872,13.923,35.467,68.639,84.959,16.839
129.82,203.47,0.33708,32.682,45.725,13.996,35.906,62.925,71.62,12.368
129.82,179.04,0.35296,33.561,45.579,13.923,36.053,58.872,59.424,11.833
129.58,154.13,0.33952,33.635,45.579,13.85,36.346,57.451,42.443,14.811
129.34,117.98,0.32609,33.708,45.652,13.923,36.273,65.392,17.566,21.892
129.09,125.55,0.31632,33.561,45.652,13.85,36.712,66.082,24.945,25.695
128.85,137.52,0.36028,33.415,45.506,13.923,36.346,44.021,69.938,21.406
128.85,153.64,0.34929,31.51,45.506,13.85,35.979,31.162,95.168,18.804
128.72,95.506,0.33464,32.975,45.799,13.923,36.346,55.917,80.703,23.644
128.48,84.514,0.32242,34.88,46.019,13.923,37.225,81.664,67.038,24.868
128.36,158.28,0.31143,35.32,46.092,13.923,38.398,73.043,63.327,17.3
128.24,202.98,0.35662,35.1,45.799,13.85,37.958,60.047,46.549,13.93
127.99,158.28,0.34196,35.1,45.579,13.923,37.665,67.343,36.362,22.024
127.63,145.82,0.32853,34.514,45.213,13.923,37.518,65.977,58.22,29.82
127.75,165.12,0.31632,33.708,45.066,13.923,37.372,45.695,72.94,27.116
127.38,156.33,0.33586,33.488,44.846,13.85,37.298,37.986,44.541,19.992
127.26,78.163,0.35173,33.928,45.066,13.923,37.518,45.104,16.642,17.548
127.26,52.272,0.3383,33.854,44.993,13.923,37.738,42.068,35.827,18.694
127.14,59.599,0.32731,33.561,45.066,13.996,38.251,37.757,72.652,18.909
126.89,88.911,0.31387,32.462,45.213,14.069,38.031,49.987,84.076,19.584
126.77,102.83,0.36028,34.001,45.725,14.069,38.324,61.331,77.719,22.945
126.77,123.6,0.34685,35.32,45.652,14.069,38.764,60.082,72.084,24.536
126.65,140.45,0.33341,35.613,45.506,13.923,38.911,61.515,64.848,19.404
126.4,148.75,0.32364,35.686,45.213,13.923,38.911,62.361,59.618,12.336
126.4,144.36,0.33952,35.76,45.066,13.923,38.837,51.687,64.735,13.272
126.04,142.65,0.35784,35.54,45.066,13.923,38.617,55.085,68.841,22.298
125.92,139.23,0.34319,35.54,45.359,13.923,38.691,85.759,61.487,27.043
125.67,183.68,0.33219,35.76,45.652,13.85,38.911,98.61,55.557,20
125.18,266,0.31876,35.393,46.019,13.85,38.178,69.676,59.525,11.209
125.18,259.89,0.35173,34.807,45.945,13.85,37.152,47.281,61.463,12.496
124.94,189.06,0.35051,34.221,45.799,13.85,36.932,62.006,58.255,17.12
124.82,142.16,0.33952,33.928,45.872,13.923,36.932,76.505,61.906,13.716
124.69,181.97,0.32487,33.928,45.725,13.923,37.152,67.592,67.815,9.4875
124.45,194.68,0.31387,34.074,45.359,13.923,37.152,62.57,56.42,14.321
124.33,159.26,0.35051,34.148,45.066,13.996,37.152,70.963,32.592,18.159
124.21,149.49,0.34929,34.074,44.846,13.85,36.932,68.619,26.212,12.436
123.72,153.15,0.33341,33.854,44.846,13.923,36.639,55.147,46.13,10.057
123.72,147.78,0.3212,32.902,44.626,13.923,36.199,54.002,66.979,17.697
123.6,155.59,0.32364,31.876,44.626,13.923,36.199,63.344,69.7,20.62
123.23,156.81,0.35662,32.535,45.213,13.923,36.639,63.025,62.159,14.585
122.98,151.93,0.34196,33.195,45.725,13.996,36.786,56.037,53.521,14.327
122.86,126.77,0.32975,33.341,45.725,13.923,36.712,59.863,45.165,21.522
122.74,119.93,0.31632,33.268,45.432,13.923,36.786,70.013,47.791,24.067
122.5,136.54,0.34929,33.048,45.506,13.996,36.859,68.597,65.812,23.221
122.5,183.93,0.35173,32.829,45.359,13.923,36.786,61.107,75.631,26.13
122.37,183.19,0.33708,33.268,45.725,13.923,37.005,67.451,63.386,26.748
121.89,173.18,0.32364,33.928,45.799,13.923,37.079,80.154,53.86,20.238
121.76,191.01,0.32609,34.001,45.872,13.923,37.079,75.981,59.342,14.977
121.64,216.9,0.3615,33.781,45.799,13.85,36.492,63.943,54.206,16.977
121.64,187.1,0.34685,33.635,45.799,13.923,36.346,67.028,36.544,22.791
121.28,150.46,0.33464,33.415,45.652,13.923,36.566,72.198,39.309,27.48
121.03,160.23,0.3212,32.829,45.579,13.923,36.126,61.585,58.459,26.304
120.54,177.58,0.32242,32.096,45.652,13.996,35.906,57.249,59.458,19.393
120.54,157.55,0.3554,32.096,45.213,13.923,35.979,70.538,53.049,16.408
120.42,149,0.34196,32.316,44.993,13.923,36.126,68.35,68.722,20.826
120.54,181,0.32853,32.682,44.773,13.85,36.126,44.05,81.402,21.501
120.05,159.01,0.31632,33.415,44.919,13.85,36.419,37.323,58.529,15.118
120.05,92.086,0.3383,34.074,45.066,13.923,36.639,52.826,31.549,14.139
120.05,63.019,0.35418,34.074,45.066,14.069,36.932,57.979,39.896,21.696
119.81,88.666,0.3383,33.635,45.066,14.069,37.885,57.368,63.401,26.03
119.57,142.65,0.32487,33.268,45.066,13.996,37.665,70.306,69.871,23.327
119.57,166.59,0.32364,33.561,45.066,13.996,37.592,77.112,67.636,20.95
119.2,195.16,0.36028,34.001,45.286,13.923,37.665,69.161,70.88,21.879
118.83,202.49,0.34441,34.221,45.725,13.923,37.298,75.715,68.205,23.522
118.71,202.25,0.33219,34.367,45.799,13.923,37.372,92.312,53.795,23.551
118.59,236.2,0.3212,34.441,45.872,13.85,37.005,80.545,47.91,19.697
118.22,255.5,0.33952,33.928,45.579,13.85,36.199,49.433,60.587,13.323
117.86,213.24,0.35418,33.341,45.286,13.85,35.613,39.483,66.135,11.237
117.86,138.98,0.34074,32.829,44.919,13.923,35.686,51.166,48.516,16.419
117.61,89.888,0.32731,32.975,44.846,13.923,36.053,62.32,40.817,23.45
117.61,99.17,0.31754,32.975,44.846,13.923,36.786,65.703,65.257,26.114
117.37,164.39,0.36395,32.902,44.919,13.923,36.932,56.706,77.991,23.179
117.24,169.27,0.34929,33.415,44.993,13.996,36.859,40.765,49.138,18.252
117.12,98.925,0.33586,34.001,44.993,13.923,37.005,38.567,29.094,16.629
116.88,58.378,0.32364,33.854,45.066,13.996,37.298,44.543,49.937,18.992
116.88,63.752,0.31021,33.268,44.993,13.996,37.885,38.117,64.317,20.617
116.63,90.132,0.35051,33.122,44.846,14.143,38.251,39.538,56.965,18.61
116.76,68.393,0.34441,33.635,44.553,14.069,38.251,67.484,73.189,14.584
116.63,117,0.33341,34.441,44.993,14.069,38.691,81.265,94.258,12.43
116.27,197.12,0.31998,35.76,45.579,13.996,38.837,57.282,62.732,16.249
116.02,172.2,0.32609,36.273,45.652,13.85,38.324,41.836,23.996,22.549
115.9,93.307,0.3554,35.979,45.725,13.923,38.178,55.393,48.566,20.541
115.9,94.529,0.34074,35.1,45.579,13.923,38.105,56.057,82.498,12.806
115.66,147.29,0.33097,34.441,45.359,13.996,38.471,36.827,59.935,15.571
115.41,105.52,0.3151,35.1,45.359,13.996,38.471,36.618,36.036,24.73
115.41,62.775,0.34929,35.027,45.432,13.996,38.544,52.704,56.817,18.504
115.41,87.201,0.34929,34.514,45.432,14.069,38.984,52.502,66.784,4.3436
115.17,120.42,0.3383,34.734,45.359,14.069,39.35,44.075,42.715,10.548
114.92,80.117,0.32364,34.954,45.139,14.069,39.13,52.534,37.303,28.232
115.05,79.629,0.32731,34.807,44.919,13.996,39.277,68.765,58.816,24.935
114.68,138.5,0.36028,34.367,44.919,14.069,39.35,71.231,68.19,8.6182
114.44,177.82,0.34563,34.514,44.846,13.923,38.691,62.507,63.876,11.251
114.31,177.82,0.33341,34.807,44.773,13.923,38.544,60.837,58.306,26.567
114.19,153.4,0.3212,34.807,44.919,13.923,38.178,69.648,46.311,27.032
113.95,136.79,0.3212,34.734,44.993,13.996,37.885,69.217,41.236,17.103
113.83,148.75,0.35418,34.441,44.993,13.923,37.665,54.351,52.405,17.319
113.7,155.11,0.34074,33.708,44.919,13.996,37.518,56.018,53.742,24.659
113.46,133.85,0.32609,33.268,44.993,13.996,37.225,82.429,45.379,26.228
113.21,163.17,0.3151,33.048,45.066,13.996,37.005,88.738,58.148,23.791
112.97,245.73,0.34685,32.902,45.213,13.996,36.786,61.978,72.136,22.706
112.85,243.04,0.34929,32.829,45.579,13.923,36.419,53.796,55.986,21.178
112.73,161.7,0.33708,32.975,46.019,13.923,35.906,76.894,51.003,19.587
112.24,161.94,0.3212,32.902,46.092,13.996,35.906,77.957,84.995,21.566
112.24,225.45,0.31754,33.195,45.945,13.923,36.053,45.569,100,25.208
111.87,189.79,0.3554,34.587,45.506,13.923,36.419,28.312,75.095,25.691
111.87,89.399,0.34441,35.54,45.579,13.923,36.419,41.974,69.894,23.186
111.87,64.485,0.32853,35.613,45.579,13.923,36.859,58.209,90.053,21.207
111.63,95.506,0.31876,36.346,45.432,14.143,39.057,61.116,74.116,21.029
111.5,128.48,0.35051,37.005,45.432,14.069,38.837,53.038,32.701,20.928
111.14,91.353,0.35418,36.932,45.506,13.996,39.057,43.151,29.819,19.424
111.02,71.08,0.3383,36.639,45.432,13.996,39.13,44.806,56.988,18.445
111.02,89.888,0.32609,35.393,45.432,13.996,39.204,52.446,65.334,20.735
110.89,112.12,0.31265,34.88,45.139,14.069,39.35,51.904,58.653,23.028
110.89,110.89,0.36273,35.173,44.846,13.996,39.424,56.653,58.734,18.827
110.53,115.29,0.34685,35.247,44.919,13.996,39.35,73.715,58.117,11.077
110.41,147.29,0.33586,35.467,44.846,13.996,39.204,72.712,56.848,10.947
110.16,174.65,0.32242,35.32,44.626,13.996,38.617,52.452,68.16,19.268
110.04,171.96,0.31021,35.1,44.48,13.996,38.178,55.704,78.924,24.011
109.92,152.91,0.35662,35.173,44.553,13.923,38.031,77.641,70.343,21.309
109.67,174.65,0.34441,35.686,44.7,13.996,38.251,73.053,58.477,20.377
109.43,184.9,0.33219,35.393,44.919,13.85,37.958,52.853,63.303,23.344
109.18,173.42,0.31754,35.027,45.066,13.923,37.445,54.601,70.236,22.103
109.06,152.91,0.33464,34.734,45.359,13.996,37.665,65.78,60.55,17.154
108.82,145.82,0.35173,34.807,45.506,13.923,37.958,69.398,46.739,16.737
108.7,142.4,0.3383,34.88,45.652,13.923,37.885,78.591,48.793,19.505
108.45,181,0.32609,34.441,45.652,13.923,37.592,83.271,62.642,19.239
108.33,236.93,0.31387,33.928,45.799,13.923,36.932,66.405,72.705,18.721
108.21,228.14,0.3615,33.635,45.725,13.923,36.786,55.396,73.182,21.533
107.84,187.84,0.34807,34.001,45.652,13.85,37.005,66.88,65.143,22.624
107.6,167.81,0.33341,34.221,45.725,13.923,37.005,72.136,54.577,18.698
107.47,164.39,0.32242,34.294,45.506,13.996,37.152,65.152,53.714,14.678
107.23,163.9,0.33464,34.148,45.286,13.85,36.859,62.955,60.977,15.366
107.35,168.05,0.35662,33.854,45.139,13.996,36.859,52.449,56.892,20.15
106.99,131.9,0.34319,33.781,44.773,13.996,37.152,36.066,43.705,23.604
106.99,73.278,0.33219,33.781,44.7,13.996,36.932,50.78,48.912,19.986
106.62,69.37,0.31876,33.488,44.626,14.069,37.445,79.733,68.589,13.727
106.5,164.14,0.3212,33.561,44.919,13.996,38.105,73.449,68.653,15.72
106.5,201.27,0.35418,33.928,45.286,13.996,37.738,56.019,51.919,22.672
106.01,169.52,0.33952,34.294,45.506,13.996,37.445,62.729,49.16,21.381
106.01,141.67,0.32731,34.001,45.506,14.069,37.079,53.791,56.137,15.523
105.89,138.98,0.31387,33.561,45.432,14.069,37.005,21.424,56.202,18.059
105.64,79.384,0.34685,33.415,45.432,13.996,37.152,28.928,63.95,22.845
105.64,50.073,0.35173,33.488,45.432,13.996,37.298,62.646,80.37,17.584
105.4,95.506,0.33586,34.587,45.432,14.069,38.031,48.451,74.245,10.668
105.15,122.37,0.32364,35.54,45.506,14.069,39.057,20.518,51.902,14.036
105.28,61.065,0.32609,35.76,45.579,14.069,38.764,50.993,56.104,20.307
105.28,55.691,0.35906,35.76,45.579,14.069,38.911,87.142,80.305,19.999
105.03,171.96,0.34319,35.979,45.359,14.069,40.083,65.401,79.077,18.067
104.67,207.87,0.33219,36.566,45.213,13.996,39.424,44.879,52.456,20.459
104.54,123.35,0.31876,36.566,45.286,13.996,39.13,68.561,36.26,24.118
104.42,108.7,0.35051,36.053,45.139,13.923,38.911,76.97,39.096,24.096
104.3,164.14,0.35296,35.54,45.286,13.923,38.691,51.398,47.349,19.927
103.93,157.79,0.3383,34.66,45.066,13.996,38.178,46.627,53.413,16.802
103.69,118.71,0.32609,33.928,44.919,13.996,37.885,61.222,51.432,19.362
103.93,110.65,0.31265,33.415,44.846,13.996,37.811,51.875,42.001,22.461
103.57,105.28,0.36028,33.341,44.919,14.069,37.811,35.464,40.743,19.679
103.32,74.011,0.34563,33.195,44.919,13.996,37.738,43.253,54.674,17.174
103.44,72.057,0.33586,32.755,44.993,14.069,37.958,54.715,67.536,21.005
103.08,116.02,0.31998,33.122,44.773,14.069,38.471,54.861,64.82,23.34
102.96,127.26,0.31387,34.001,44.773,14.069,38.324,61.727,52.824,19.293
102.96,119.44,0.35662,34.294,44.919,13.996,38.031,74.07,46.265,16.308
102.47,141.67,0.34196,34.294,45.066,13.996,37.885,77.185,51.403,15.904
102.47,190.77,0.32853,34.001,45.286,13.996,37.518,78.144,64.363,12.847
102.22,228.87,0.31632,33.561,45.286,13.996,37.079,78.291,78.491,11.925
101.98,242.06,0.34807,33.781,45.652,13.996,36.859,64.524,85.829,18.711
101.86,216.41,0.34929,34.367,46.238,13.996,36.639,50.368,78.536,25.797
101.61,162.43,0.33586,34.88,46.385,13.923,36.566,58.71,66.051,27.955
101.37,144.11,0.32487,34.954,46.385,13.996,37.005,72.155,72.733,29.688
101.25,171.47,0.32487,35.027,46.092,13.996,37.738,63.993,92.657,29.79
101,182.95,0.35906,35.833,45.506,13.996,37.958,49.018,88.063,24.134
100.88,136.54,0.34563,36.932,45.359,13.996,38.031,54.149,60.595,19.466
100.76,107.72,0.33341,37.005,45.359,13.996,38.398,73.287,53.675,21.625
100.64,132.14,0.31998,36.639,45.213,13.996,38.764,80.749,65.813,24.308
100.39,203.22,0.34563,36.053,44.846,13.923,38.617,65.482,58.081,23.66
100.02,196.14,0.35296,35.686,44.553,13.996,38.324,44.753,43.898,24.116
99.78,121.4,0.34074,35.54,44.553,13.923,38.031,47.384,60.409,25.716
99.78,119.44,0.32975,34.66,44.626,13.996,38.031,72.086,83.832,24.647
99.658,156.81,0.3151,34.807,44.7,13.996,38.471,83.119,79.468,22.015
99.414,204.2,0.33952,35.76,44.626,13.923,38.105,68.814,72.611,20.097
99.17,216.9,0.34929,35.686,44.846,13.923,37.885,60.69,86.378,19.084
99.047,186.13,0.33586,35.54,44.919,13.996,37.518,71.233,92.939,19.853
98.803,182.46,0.3212,36.126,45.139,13.996,37.738,73.854,75.953,20.92
98.559,182.46,0.32242,36.492,45.213,13.923,37.665,63.593,56.835,18.823
98.437,162.19,0.35662,36.053,45.213,14.069,37.738,68.546,48.628,16.057
98.07,149.49,0.34441,35.613,45.213,13.923,37.738,88.709,49.803,17.623
97.948,212.02,0.33097,34.88,45.066,13.996,37.592,89.794,60.978,21.442
97.46,273.57,0.31876,34.221,45.066,13.996,37.225,64.762,72.575,22.761
97.46,256.96,0.33952,33.781,45.506,13.923,36.199,47.34,74.204,21.573
97.215,186.61,0.35296,33.928,46.019,13.996,36.199,58.182,74.874,20.227
97.093,152.91,0.34074,34.148,45.945,13.996,36.566,74.572,78.581,20.867
96.727,179.04,0.32609,34.807,45.579,14.069,37.152,67.295,71.401,23.479
96.605,182.22,0.32731,35.173,45.213,13.996,37.298,48.667,53.119,23.903
96.361,129.7,0.35784,35.1,45.066,14.069,37.372,53.833,41.078,21.461
96.361,94.04,0.34807,34.807,45.066,13.996,37.298,77.256,44.666,21.917
96.116,144.6,0.33464,34.367,44.773,14.069,37.811,78.658,61.456,23.579
95.872,214.7,0.3212,33.708,44.846,13.996,37.592,58.756,75.798,18.836
95.628,212.51,0.32242,33.708,44.773,13.996,36.932,58.44,66.84,14.683
95.383,167.32,0.3554,34.221,45.213,13.996,37.005,76.469,47.241,22.06
95.261,156.33,0.34196,34.148,45.139,14.069,37.225,72.867,51.325,28.48
94.895,184.42,0.32853,33.928,45.286,13.996,36.859,50.708,69.668,18.48
94.773,178.07,0.31632,33.488,45.359,14.069,36.566,45.552,68.873,6.6194
94.773,137.76,0.3383,33.561,45.725,13.996,36.712,53.667,60.303,11.322
94.406,120.91,0.35051,33.928,45.652,14.069,37.225,52.724,64.066,21.009
94.529,129.21,0.3383,34.148,45.799,14.069,37.738,55.426,60.325,20.553
94.284,131.41,0.32487,34.367,45.652,14.216,37.738,75.912,48.009,18.587
93.918,140.21,0.31387,34.514,45.506,14.069,37.885,92.231,60.473,22.427
93.918,232.29,0.36028,34.441,45.506,13.996,37.811,86.023,86.285,21.729
93.429,291.4,0.34685,34.441,45.579,13.923,37.372,69.879,83.981,14.123
93.552,250.61,0.33464,35.173,45.652,13.996,36.566,57.644,65.155,12.987
93.063,187.35,0.32242,35.173,45.725,13.996,36.566,48.722,61.118,20.271
92.941,144.6,0.33952,34.734,45.579,14.069,36.712,40.144,61.866,21.417
92.819,112.36,0.35784,34.66,45.213,14.069,36.932,31.232,57.549,12.543
92.819,67.66,0.34319,34.66,44.919,14.069,37.298,27.058,59.541,7.5102
92.697,44.455,0.33097,34.88,44.846,14.069,37.592,35.909,60.997,13.181
92.697,45.188,0.31876,35.32,44.846,14.216,38.251,51.187,55.945,19.549
92.33,65.706,0.33464,35.613,44.846,14.216,39.424,55.711,62.042,20.252
92.33,109.18,0.35418,36.053,44.993,14.216,39.79,48.551,72.352,21.606
92.208,127.75,0.33952,36.199,44.993,14.216,39.424,42.128,62.001,25.371
92.086,102.83,0.32609,36.346,44.846,14.069,39.424,43.241,49.254,25.517
92.086,69.614,0.31265,36.273,44.773,14.143,39.57,54.492,57.376,24.685
91.72,90.62,0.35784,36.199,44.919,14.143,40.01,68.328,61.114,28.42
91.72,138.5,0.34807,35.979,44.846,14.069,39.863,62.735,49.806,28.408
91.597,136.79,0.33464,35.833,44.773,13.996,39.57,39.67,55.754,18.737
91.475,117.98,0.3212,35.613,44.846,14.069,39.13,36.978,75.923,13.142
91.353,99.414,0.3383,35.247,44.919,14.069,38.837,63.113,71.491,20.356
91.109,110.65,0.35418,35.833,45.139,14.143,39.424,76.548,46.595,27.444
90.865,135.56,0.34074,36.126,45.359,14.216,39.35,61.132,34.626,25.978
90.743,151.93,0.32731,35.833,45.359,14.069,38.911,49.297,41.182,22.99
90.498,126.28,0.31632,35.247,45.359,14.069,38.471,55.367,55.238,20.186
90.376,127.02,0.3615,34.074,45.359,14.069,38.178,59.71,66.372,15.514
90.132,150.22,0.34807,33.781,45.213,14.143,38.251,54.36,65.187,16.088
90.01,145.82,0.33464,34.221,45.432,14.069,38.251,44.751,62.612,21.905
89.888,125.31,0.3212,34.514,45.432,14.216,38.031,30.893,69.955,20.767
89.766,85.491,0.32242,34.66,45.432,14.069,38.178,23.297,65.935,15.339
89.766,49.585,0.35296,35.32,45.359,14.143,38.398,38.002,48.714,19.461
89.643,38.349,0.3383,35.54,45.286,14.143,38.398,62.612,59.434,26.209
89.521,86.224,0.32609,35.686,45.286,14.216,39.717,71.54,91.675,21.205
89.643,155.84,0.3151,36.566,45.359,14.143,39.79,69.158,88.648,14.931
89.033,161.94,0.34563,37.518,45.359,13.996,39.643,75.483,59.009,21.451
89.155,165.61,0.34929,37.592,45.432,14.069,39.497,84.252,55.685,28.807
88.666,213.24,0.33586,36.932,45.506,13.996,39.057,74.472,65.601,23.922
88.422,236.93,0.32242,36.053,45.359,13.996,38.324,52.013,57.389,17.037
88.3,182.95,0.32487,35.54,45.359,14.069,38.105,42.981,55.616,18.191
88.178,123.11,0.35662,35.173,45.432,13.996,37.738,48.21,68.248,20.452
88.056,113.58,0.34319,34.734,45.359,14.143,37.885,44.992,62.794,19.622
87.811,107.72,0.33097,34.954,45.286,14.069,38.251,38.293,47.641,22.074
87.689,74.988,0.31754,35.173,45.213,14.069,38.398,54.615,47.021,27.08
87.811,74.988,0.35418,34.954,45.139,14.143,38.764,78.705,42.183,25.401
87.323,130.43,0.34929,34.88,44.919,14.069,38.984,70.887,38.741,17.996
87.079,171.96,0.33464,34.734,44.993,14.069,38.324,45.054,71.91,16.498
86.834,170.98,0.32364,33.854,44.993,13.996,37.885,41.908,100,22.911
86.834,124.33,0.31143,35.027,45.213,14.069,37.885,51.293,77.758,25.897
86.712,95.017,0.35784,36.346,45.432,14.069,38.324,51.469,49.631,20.914
86.712,74.744,0.34441,36.346,45.359,14.069,38.837,62.972,70.798,17.579
86.468,132.88,0.32853,35.833,45.432,14.069,38.984,83.91,80.938,21.843
86.224,201.76,0.31754,36.053,45.506,14.143,39.057,71.208,50.551,27.01
86.102,202,0.33341,36.273,45.652,14.069,38.471,38.751,48.876,27.025
85.857,133.12,0.35173,35.686,45.725,13.996,38.031,46.618,80.825,23.418
85.735,122.37,0.33952,34.954,45.872,14.069,37.811,79.137,72.879,18.159
85.369,159.26,0.32731,35.686,45.872,13.996,38.837,72.838,36.075,13.085
85.369,166.1,0.3151,35.613,45.945,14.069,38.398,38.727,35.706,12.615
85.125,124.33,0.35784,35.393,45.872,14.069,38.105,28.486,56.959,17.021
85.125,82.804,0.34685,34.294,45.872,14.069,37.738,38.199,63.069,20.692
85.002,63.752,0.33341,33.928,45.725,14.069,38.105,41.484,71.894,21.73
85.002,72.545,0.3212,34.66,45.432,14.143,38.617,42.765,80.596,23.073
84.636,83.293,0.3383,35.833,45.066,14.143,39.424,46.711,59.633,24.349
84.514,78.407,0.35418,36.639,44.773,14.143,39.717,45.445,40.045,22.751
84.392,56.913,0.34074,36.419,44.773,14.216,39.863,41.65,61.806,19.455
84.514,89.155,0.32853,36.126,44.773,14.143,39.717,39.215,85.198,18.292
84.392,80.606,0.31632,36.419,44.993,14.216,39.79,39.952,71.967,20.247
84.148,70.347,0.3615,37.152,45.432,14.143,40.156,55.375,56.478,22.053
84.025,76.942,0.34929,37.225,45.652,14.143,40.376,77.526,60.01,20.95
83.903,140.69,0.33586,37.005,45.725,14.143,40.449,74.52,53.373,19.774
83.537,182.46,0.32364,36.859,45.799,13.996,39.936,51.797,34.672,21.116
83.537,146.07,0.31265,36.492,45.725,14.069,39.35,47.654,33.212,19.52
83.17,105.28,0.35662,36.126,45.652,14.069,39.057,58.581,47.246,12.426
83.048,110.16,0.34074,34.807,45.652,14.069,38.764,57.423,58.287,10.266
82.804,133.37,0.32853,34.001,45.652,14.069,38.691,57.987,66.206,17.628
82.804,146.31,0.31387,33.928,45.725,14.069,38.398,74.556,69.27,20.811
82.56,171.47,0.33708,34.441,45.579,14.069,38.324,78.573,61.802,13.56
82.438,202.74,0.34807,34.88,45.506,14.069,38.031,60.964,54.623,10.665
82.193,185.64,0.33464,34.734,45.432,14.069,37.372,53.89,55.583,19.169
81.949,147.04,0.3212,34.514,45.359,14.069,37.225,60.656,57.203,25.631
81.949,137.76,0.32487,34.294,45.432,14.069,37.445,54.626,59.744,22.485
81.705,140.21,0.35906,34.294,45.432,14.069,37.445,40.936,63.152,17.522
81.583,122.62,0.34319,34.294,45.432,14.143,37.445,40.001,54.669,15.212
81.583,79.629,0.33097,34.587,45.579,14.216,37.811,45.752,44.836,13.192
81.216,52.76,0.31754,34.514,45.579,14.143,38.178,51.698,59.815,12.212
80.972,98.437,0.35051,34.514,45.725,14.216,38.617,63.686,77.552,14.019
80.972,140.69,0.35173,34.954,46.092,14.143,38.764,69.942,60.253,17.601
80.728,150.71,0.33708,35.54,46.165,14.143,38.691,58.728,40.069,21.629
80.606,128.72,0.32487,35.54,46.165,14.069,38.617,50.082,64.121,23.166
80.606,142.89,0.31265,34.954,45.945,14.143,38.471,57.785,97.969,19.623
80.239,151.69,0.3615,35.76,45.506,14.143,38.617,62.089,91.736,15.511
80.117,132.39,0.34563,37.152,45.652,14.143,38.911,56.519,68.993,16.906
80.117,126.77,0.33097,37.445,45.799,14.143,38.911,61.308,64.72,21.816
79.873,137.52,0.3212,37.005,45.799,14.143,38.984,72.034,68.562,25.425
79.629,163.65,0.32242,36.786,45.725,14.216,39.277,64.701,74.231,26.933
79.384,192.97,0.3554,36.639,45.579,14.069,39.13,53.483,86.147,26.643
79.384,160.48,0.34074,36.786,45.579,14.069,39.057,69.702,82.809,25.247
79.018,155.59,0.32853,37.152,45.652,14.216,38.911,94.375,59.744,23.628
78.774,208.35,0.31754,37.225,45.579,14.143,38.837,86.432,53.848,19.509
78.53,259.16,0.34074,36.419,45.652,13.996,38.398,59.167,69.739,13.567
78.285,244.5,0.35296,35.467,45.506,14.069,37.518,55.53,72.535,13.431
78.041,189.55,0.33952,35.1,45.432,14.143,37.372,71.448,64.094,18.809
77.919,171.47,0.32731,35.1,45.213,14.143,37.372,71.496,63.901,18.442
77.675,182.95,0.31387,35.027,45.213,14.143,37.445,52.163,56.453,12.502
77.43,141.43,0.3615,34.954,45.213,14.143,37.372,34.332,43.776,13.797
77.308,75.965,0.34807,34.734,45.139,14.143,37.298,28.7,56.863,22.948
77.308,59.844,0.33464,34.221,44.993,14.143,37.372,42.908,70.916,28.732
77.308,71.324,0.3212,34.514,45.286,14.216,38.544,74.816,42.278,26.848
77.064,92.086,0.30899,35.027,45.286,14.216,38.837,89.494,15.767,18.276
76.575,186.61,0.35662,34.88,45.213,14.216,38.837,63.552,44.355,6.6984
76.575,214.22,0.34319,34.587,45.213,14.069,37.518,35.827,76.701,5.0638
76.453,167.07,0.33097,33.048,45.432,14.143,37.079,47.414,64.342,18.662
76.209,115.78,0.31754,33.488,45.652,14.143,37.079,73.17,52.885,29.538
76.087,124.82,0.33097,33.928,45.725,14.143,37.738,77.007,64.457,25.172
76.087,192.23,0.35296,34.001,45.872,14.143,37.665,72.733,52.951,19.143
75.721,190.52,0.33952,34.074,45.872,14.069,37.079,76.967,24.256,21.246
75.476,185.64,0.32487,34.001,45.945,14.069,36.786,75.538,28.733,21.86
75.11,202.98,0.31387,33.854,45.872,14.069,36.053,69.036,47.198,17.822
74.988,198.83,0.35173,32.609,45.872,14.143,35.467,75.309,38.842,16.492
74.621,183.19,0.34685,31.656,45.799,14.069,35.32,81.443,32.639,16.306
74.499,212.75,0.33464,31.29,45.725,14.069,35.027,66.938,52.186,14.758
74.133,214.46,0.3212,30.337,45.725,14.069,34.367,52.86,57.814,18.801
74.011,166.34,0.33097,30.117,45.799,14.069,34.221,59.923,37.351,26.482
73.889,124.82,0.35418,30.41,46.019,14.216,34.294,61.747,34.134,25.516
73.644,128.48,0.34074,30.337,45.872,14.143,34.734,41.393,57.155,18.131
73.644,125.31,0.32609,29.971,45.799,14.143,34.66,33.603,71.353,16.773
73.766,95.75,0.31632,30.777,45.652,14.216,34.734,54.578,65.962,19.741
73.4,97.948,0.3554,32.169,45.432,14.216,35.686,62.771,54.814,19.339
73.278,110.16,0.34929,32.829,45.579,14.216,36.639,41.393,45.537,20.303
73.034,87.934,0.33341,33.048,45.579,14.143,36.566,35.677,47.572,26.761
72.912,54.47,0.32487,32.975,45.725,14.289,36.639,60.454,63.897,28.503
72.789,99.17,0.31143,33.195,45.872,14.216,37.372,67.142,73.625,18.669
72.667,153.64,0.34807,33.928,46.238,14.289,37.738,44.169,66.559,9.452
72.423,134.83,0.34319,34.587,46.238,14.143,37.811,41.696,64.606,14.251
72.423,107.96,0.33097,34.88,46.165,14.216,37.958,66.816,74.793,24.697
72.179,131.66,0.31754,35.32,45.872,14.216,38.398,71.328,72.263,23.04
72.301,166.1,0.33219,35.906,45.506,14.069,38.691,53.213,53.776,12.541
71.812,134.1,0.35296,36.053,45.432,14.069,38.617,52.336,49.093,12.263
71.69,110.65,0.34074,35.686,45.359,14.143,38.324,63.987,65.248,22.35
71.568,155.11,0.32731,35.247,45.213,14.143,38.617,63.379,76.506,24.594
71.324,168.05,0.31265,35.393,44.846,14.143,38.471,64.403,72.986,17.515
71.202,167.81,0.35906,35.906,44.919,14.069,38.544,72.428,67.567,16.021
70.957,173.18,0.34685,35.833,44.919,14.143,38.324,61.335,61.759,20.093
70.713,166.1,0.33097,35.833,45.066,14.216,38.251,42.123,51.012,19.15
70.713,112.6,0.31998,35.54,45.066,14.143,38.105,51.228,46.829,16.592
70.469,80.85,0.33708,35.173,44.993,14.143,37.958,70.536,54.776,19.391
70.225,128.72,0.35051,34.66,44.919,14.216,38.617,65.942,58.24,21.996
70.225,159.01,0.3383,34.514,44.626,14.143,38.105,59.77,51.291,21.356
69.98,151.69,0.32853,34.367,44.553,14.143,37.738,70.693,48.398,22.9
69.858,152.17,0.31387,34.148,44.7,14.143,37.592,64.839,50.617,23.344
69.614,159.5,0.33219,33.781,44.773,14.143,37.152,35.403,49.554,15.718
69.37,112.36,0.34929,33.488,44.993,14.143,37.079,28.082,53.499,8.092
69.37,64.973,0.33708,33.195,45.066,14.143,37.152,52,62.571,11.264
69.248,80.606,0.32242,33.341,45.286,14.216,37.518,67.275,57.296,19.84
69.003,116.51,0.31143,33.928,45.432,14.216,38.324,62,47.519,24.521
68.759,124.82,0.3554,34.221,45.359,14.216,37.958,55.464,63.709,26.053
68.881,151.2,0.34196,34.148,45.432,14.143,37.885,48.975,86.542,26.886
68.515,136.05,0.32975,34.66,45.579,14.216,37.885,35.625,77.527,26.431
68.515,96.238,0.31632,35.686,45.725,14.143,38.031,27.828,61.301,26.116
68.393,53.981,0.34319,35.906,45.872,14.216,38.178,40.162,74.014,26.187
68.393,59.844,0.35173,36.126,45.945,14.289,38.764,66.39,82.654,23.638
68.149,112.85,0.33708,36.932,45.799,14.289,40.23,84.291,54.417,20.09
67.904,166.1,0.32364,37.298,45.799,14.143,39.936,78.807,25.841,20.52
67.904,202.49,0.32609,37.225,45.725,14.069,39.277,61.763,27.177,22.948
67.294,188.81,0.35784,37.005,45.652,14.143,38.691,55.346,34.077,21.742
67.416,145.09,0.34441,36.053,45.506,14.143,37.958,58.176,34.329,18.129
67.049,126.77,0.33097,35.1,45.432,14.143,37.445,56.268,45.636,17.014
66.805,124.82,0.31876,33.268,45.359,14.069,37.225,53.639,63.408,19.108
66.805,140.45,0.35418,32.096,45.213,14.216,37.225,57.228,69.317,22.673
66.561,146.31,0.35173,32.755,44.993,14.216,37.079,57.411,65.664,25.885
66.439,146.31,0.33708,33.561,44.919,14.289,37.152,51.335,56.679,25.328
66.194,123.11,0.32364,33.928,44.919,14.143,37.152,51.286,41.626,20.302
66.194,90.865,0.31143,33.928,44.773,14.216,37.005,57.091,36.107,17.084
66.072,99.658,0.34685,33.708,44.846,14.216,37.445,55.095,51.773,20.314
65.828,115.78,0.34685,33.341,44.846,14.362,37.298,43.699,72.221,24.548
65.706,126.04,0.33219,33.268,44.993,14.216,37.079,36.91,81.943,23.063
65.584,98.192,0.31876,34.294,45.872,14.216,37.445,49.482,85.901,18.308
65.584,83.781,0.32853,35.613,46.312,14.216,38.105,77.142,88.66,15.514
65.34,136.05,0.35296,36.566,46.532,14.216,38.691,87.164,85.881,15.074
65.217,213.48,0.33952,37.225,46.605,14.143,38.691,60.075,72.307,17.525
64.729,207.87,0.32609,36.932,46.532,14.143,38.324,34.581,49.555,23.68
64.729,112.85,0.3151,36.639,46.312,14.143,38.398,51.982,38.854,26.383
64.362,72.057,0.36028,36.053,46.165,14.143,38.324,78.308,60.387,18.683
64.24,151.44,0.34563,35.393,45.652,14.216,39.057,61.103,89.039,10.39
64.118,193.7,0.33341,35.54,45.066,14.143,38.837,26.569,85.921,15.662
64.118,110.65,0.31998,36.786,45.286,14.143,38.471,31.493,66.27,26.903
63.874,53.493,0.33586,37.005,45.506,14.216,38.544,62.597,62.586,26.025
63.874,84.758,0.3554,36.932,45.432,14.216,39.35,68.817,58.748,17.217
63.752,130.19,0.34196,36.859,45.213,14.289,39.936,51.321,39.008,19.738
63.63,113.09,0.32731,36.712,44.993,14.216,39.57,48.609,35.004,31.447
63.508,93.307,0.31754,36.346,44.773,14.216,39.424,65.305,58.826,30.951
63.141,131.66,0.33708,35.32,44.553,14.216,39.277,73.37,73.232,16.387
63.263,179.53,0.35173,35.173,44.48,14.216,39.057,64.648,63.581,9.5795
62.775,173.91,0.3383,35.32,45.066,14.216,38.691,58.391,54.852,17.12
62.408,150.46,0.32487,35.32,45.432,14.143,38.398,62.366,57.668,20.778
62.408,148.75,0.31265,35.027,45.579,14.216,38.105,60.995,63.78,14.145
62.164,162.19,0.3554,34.807,45.799,14.216,38.031,47.751,66.404,13.574
61.92,144.11,0.34563,34.807,45.799,14.289,37.885,41.198,56.643,24.112
62.042,101.12,0.33219,34.88,45.872,14.216,38.105,54.752,43.144,30.717
61.798,74.499,0.31998,34.954,45.945,14.216,38.324,71.482,53.165,28.441
61.676,127.5,0.33586,34.734,46.019,14.216,38.764,68.477,72.445,26.004
61.431,181.49,0.35418,34.587,46.019,14.216,38.324,54.736,57.196,23.408
61.187,150.46,0.33952,34.734,46.092,14.216,38.178,59.198,30.058,18.308
61.187,111.87,0.32609,34.88,46.019,14.143,38.031,80.343,51.042,18.221
60.943,174.4,0.3151,34.221,45.945,14.216,38.105,83.357,96.039,21.826
60.699,261.6,0.3615,34.441,45.725,14.143,37.592,62.059,95.228,17.832
60.576,224.96,0.34929,36.053,45.725,14.143,37.298,54.934,59.134,13.181
60.332,147.29,0.33341,36.273,45.872,14.216,36.932,75.249,45.158,20.848
60.332,141.67,0.3212,35.906,45.799,14.143,37.152,86.563,59.483,26.888
60.088,222.77,0.35173,35.173,45.799,14.289,37.372,70.62,78.822,17.384
59.844,237.91,0.35296,34.807,45.579,14.216,37.079,50.969,90.17,11.351
59.477,185.15,0.33952,35.467,45.652,14.289,37.005,42.873,75.458,21.696
59.233,124.82,0.32731,35.979,45.945,14.289,37.152,45.017,43.045,28.029
59.111,72.545,0.31387,35.979,45.945,14.216,37.518,58.341,46.154,21.332
58.989,84.27,0.34319,35.54,45.872,14.216,38.251,67.058,88.013,19.15
58.867,155.84,0.34685,35.247,45.652,14.289,38.837,55.868,94.967,23.181
58.745,153.88,0.33341,36.786,45.872,14.216,38.691,52.893,51.326,20.929
58.5,89.643,0.3212,37.225,45.945,14.289,38.691,75.015,30.48,18.716
58.378,121.15,0.33586,37.005,45.872,14.216,38.764,78.237,48.052,22.267
58.012,193.7,0.35418,35.979,45.799,14.216,38.764,50.685,41.823,18.735
57.89,165.12,0.3383,35.247,45.652,14.362,38.031,48.819,15.11,10.575
57.767,108.45,0.32731,35.247,45.579,14.216,37.811,73.616,33.391,15.114
57.767,133.37,0.3151,34.587,45.432,14.289,37.592,66.823,82.698,22.612
57.523,197.12,0.35662,32.316,44.846,14.216,37.152,47.207,86.917,15.14
57.279,155.84,0.34685,34.001,45.506,14.216,36.932,65.826,46.026,8.4296
57.157,105.28,0.33341,34.734,45.725,14.289,37.152,80.503,28.309,17.358
57.035,159.01,0.3212,34.514,45.725,14.289,37.298,55.461,52.761,21.881
56.668,175.87,0.3383,33.635,45.725,14.216,36.492,53.022,74.33,12.182
56.424,167.07,0.35418,33.048,45.725,14.289,36.492,85.091,63.382,10.22
56.424,192.23,0.34196,33.781,45.799,14.216,37.005,72.649,42.342,20.909
56.302,201.03,0.32853,33.854,45.872,14.216,36.639,26.013,49.285,24.395
55.936,133.12,0.3151,33.415,45.945,14.216,36.273,29.944,83.163,20.119
55.936,83.537,0.36273,33.268,46.238,14.289,36.273,60.858,99.059,20.818
56.058,88.178,0.35051,35.54,46.458,14.216,37.372,50.89,72.779,20.013
55.569,106.99,0.33586,36.639,46.605,14.436,38.251,38.693,40.03,11.732
55.691,66.439,0.32364,36.639,46.751,14.289,38.324,64.886,39.413,10.939
55.447,71.08,0.31265,36.053,46.605,14.362,39.277,75.272,58.879,22.988
55.325,160.23,0.36028,35.54,46.385,14.289,39.204,51.531,70.811,30.038
55.081,171.71,0.34563,35.393,46.019,14.289,38.764,51.493,70.846,23.949
54.958,142.65,0.33219,35.613,45.652,14.362,38.837,75.582,62.889,17.469
54.836,163.17,0.31876,35.906,45.652,14.362,38.984,73.251,53.59,18.862
54.592,174.16,0.33586,35.906,45.579,14.289,38.691,56.703,58.885,22.485
54.47,163.41,0.35296,35.613,45.506,14.289,38.178,65.006,77.475,21.307
54.226,173.42,0.34074,35.467,45.432,14.289,38.105,82.454,84.269,14.18
54.104,205.91,0.32853,36.053,45.432,14.289,38.324,79.8,74.114,6.9445
53.859,238.4,0.3151,36.273,45.652,14.289,38.031,61.324,68.543,7.5646
53.493,210.8,0.35051,35.906,45.725,14.289,37.518,42.679,72.045,13.887
53.371,153.15,0.35418,35.54,45.725,14.216,37.372,36.797,70.275,16.002
53.371,103.57,0.33586,35.54,45.579,14.362,37.665,46.277,62.854,14.322
53.004,89.888,0.32364,35.76,45.432,14.289,38.178,52.985,57.522,17.464
53.004,100.15,0.31754,35.906,45.506,14.289,38.911,48.003,52.919,22.728
53.004,93.552,0.36028,35.906,45.506,14.362,39.057,47.036,50.831,21.289
52.76,84.514,0.34807,35.833,45.579,14.289,39.057,52.954,58.24,17.536
52.638,109.18,0.33341,35.54,45.652,14.362,39.204,56.999,70.569,19.688
52.394,131.41,0.32364,35.686,45.652,14.289,39.204,69.137,76.246,22.132
52.272,162.68,0.31143,36.053,45.799,14.289,39.277,85.885,71.461,18.726
52.149,210.55,0.35418,36.419,45.945,14.216,39.057,76.947,58.685,16.088
51.905,223.74,0.34319,36.273,45.945,14.289,38.617,50.508,43.565,16.534
51.661,164.14,0.32975,35.979,45.799,14.289,38.031,48.174,34.157,12.589
51.539,107.96,0.31754,35.467,45.872,14.362,37.811,60.966,34.69,8.5492
51.295,108.21,0.33341,34.88,45.579,14.289,37.738,52.516,44.944,16.024
51.172,117.24,0.35296,33.928,45.432,14.362,37.738,40.64,60.522,26.687
51.172,115.53,0.34074,33.048,45.359,14.362,37.592,56.114,69.781,24.773
50.928,121.89,0.32609,33.341,45.432,14.362,37.811,77.368,68.994,17.297
50.806,167.07,0.3151,34.367,45.799,14.362,38.031,80.93,72.386,17.31
50.562,221.3,0.35784,34.807,46.019,14.362,37.811,81.05,81.899,18.456
50.318,249.39,0.34929,35.173,45.945,14.289,37.445,82.949,77.234,15.196
50.073,255.74,0.33586,35.467,45.945,14.289,37.152,75.427,59.407,16.729
49.951,235.71,0.32487,35.247,45.945,14.216,36.786,67.483,52.989,22.842
50.684,216.66,0.32853,34.88,45.872,14.143,36.199,67.809,56.444,23.167
52.638,189.79,0.35784,34.074,45.799,14.289,36.273,61.824,52.831,22.02
54.714,165.36,0.34441,33.781,45.652,14.289,36.419,49.303,51.15,26.587
56.913,129.21,0.33219,33.488,45.725,14.216,36.419,52.057,57.207,27.33
58.989,123.84,0.31876,33.341,45.799,14.289,36.492,67.597,52.815,21.274
61.431,128.72,0.32364,33.415,45.945,14.289,36.786,69.361,43.034,21.883
63.63,147.04,0.35418,33.635,46.165,14.289,36.932,52.274,50.502,27.816
65.95,130.68,0.34074,33.268,46.019,14.362,36.932,37.704,60.85,24.736
68.271,117,0.32853,33.195,45.652,14.362,36.932,42.674,56.354,17.748
70.713,92.086,0.31632,33.415,45.139,14.362,37.225,61.877,59.899,17.479
72.912,110.41,0.34929,33.854,44.846,14.509,37.811,71.734,73.938,14.739
75.354,167.07,0.34929,34.587,44.919,14.582,37.958,60.157,63.544,6.8423
78.041,166.34,0.3383,35.1,45.286,14.656,37.738,51.413,42.018,10.269
79.995,112.12,0.32487,35.027,45.359,14.582,37.811,67.957,55.372,22.891
82.682,138.01,0.32731,34.66,45.359,14.656,37.738,81.376,81.655,23.082
85.002,205.67,0.36028,34.734,45.725,14.582,37.738,58.161,72.156,12.771
87.323,201.03,0.34563,35.1,45.945,14.656,37.592,29.227,49.376,10.983
89.643,102.59,0.33341,35.027,46.019,14.656,37.445,40.496,52.424,16.657
91.964,71.812,0.32242,34.66,45.945,14.729,37.518,69.416,62.238,19.521
94.406,117.98,0.32364,34.66,46.092,14.582,38.471,72.118,59.195,21.231
96.605,156.33,0.35662,34.807,45.872,14.656,38.251,65.312,61.437,21.014
98.925,175.38,0.34319,34.954,45.725,14.656,38.031,76.692,69.777,14.732
101.37,195.16,0.33219,35.173,45.579,14.582,38.105,77.762,65.41,11.509
103.57,225.7,0.31754,35.173,45.359,14.582,37.738,49.709,60.314,17.416
106.01,189.55,0.35051,35.027,45.066,14.582,37.445,38.434,75.529,20.515
108.33,135.08,0.35173,34.954,44.993,14.582,37.152,69.302,93.06,17.566
110.65,138.74,0.34196,35.979,44.993,14.582,38.031,94.761,81.167,21.039
112.97,210.55,0.32487,36.932,45.432,14.656,38.105,82.067,45.791,28.058
115.17,237.42,0.31387,36.786,45.432,14.509,37.518,61.356,27.601,25.246
117.37,202,0.34563,36.273,45.432,14.509,36.639,58.376,48.743,19.052
119.69,162.92,0.34807,34.954,45.213,14.656,36.419,64.621,76.985,19.805
121.89,183.44,0.33341,33.415,45.139,14.582,36.712,72.056,70.952,18.715
124.21,183.68,0.3212,34.148,45.286,14.582,36.932,75.055,47.543,13.432
126.53,175.62,0.32364,34.148,45.286,14.582,36.859,69.772,49.29,18.497
128.6,183.93,0.35662,33.928,45.432,14.656,36.419,74.987,67.844,30.612
131.17,210.06,0.34441,33.488,45.579,14.582,36.273,96.472,69.346,29.556
133.37,252.08,0.33219,33.708,45.432,14.436,36.346,94.916,59.541,18.468
135.44,293.84,0.31876,33.781,45.359,14.362,35.76,60.74,59.622,16.954
137.64,257.69,0.35051,33.488,45.432,14.436,34.88,51.06,64.084,24.116
139.84,184.42,0.35173,33.195,45.359,14.436,34.954,83.557,64.359,28.036
142.16,199.56,0.33708,33.268,45.432,14.436,35.467,97.672,65.635,30.054
144.36,263.07,0.32487,33.415,45.506,14.509,35.613,69.997,67.007,31.865
146.19,265.75,0.31387,33.341,45.506,14.436,35.247,48.33,63.54,27.664
148.75,189.06,0.35296,33.268,45.652,14.436,35.173,54.663,58.923,21.512
150.83,138.01,0.34929,33.341,45.725,14.436,35.393,67.187,58.631,21.64
153.15,150.46,0.33341,33.488,45.799,14.436,35.979,77.026,65.784,22.107
155.47,194.19,0.32487,33.635,45.872,14.362,36.419,77.409,75.55,18.199
157.67,224.72,0.32609,34.148,45.652,14.362,36.639,53.437,72.376,19.493
159.62,196.38,0.35784,34.367,45.725,14.289,36.419,28.424,61.46,25.642
161.82,117,0.34319,34.514,45.652,14.289,36.566,39.713,72.983,21.79
164.02,84.025,0.33219,34.807,45.579,14.289,36.859,65.663,98.858,11.362
166.22,121.89,0.31876,36.273,45.506,14.362,38.178,65.667,93.167,14.05
168.54,142.4,0.35173,37.445,45.286,14.289,38.544,57.257,61.961,27.703
170.86,125.06,0.35418,37.738,45.359,14.216,38.471,68.968,54.712,32.022
173.3,138.5,0.3383,37.152,45.286,14.143,38.764,77.165,67.296,24.415
175.5,192.72,0.32609,36.492,45.139,14.143,38.837,60.327,63.938,18.2
177.45,185.88,0.3151,36.126,44.919,14.069,38.398,46.471,58.331,18.144
179.53,138.25,0.34685,35.76,44.919,14.069,38.398,55.914,71.712,20.907
181.73,138.01,0.34807,35.686,45.066,13.996,38.178,65.061,78.683,23.351
182.95,139.96,0.33708,36.053,45.139,14.069,38.617,58.285,64.474,21.471
183.07,143.87,0.3212,36.273,45.139,14.069,38.911,53.171,52.944,16.531
182.95,114.8,0.33219,36.126,45.139,13.996,38.691,56.998,54.082,16.399
182.95,112.85,0.35418,35.686,45.066,13.996,38.617,54.867,60.214,20.611
182.71,132.88,0.34319,35.393,44.773,13.85,38.617,48.311,71.202,21.731
182.34,130.43,0.32853,35.467,44.7,13.85,38.544,51.769,74.302,22.33
182.34,128.72,0.31876,35.833,44.773,13.85,38.691,53.925,55.984,26.871
182.1,104.3,0.36273,35.979,44.993,13.85,38.911,39.671,41.872,28.035
181.97,71.324,0.35173,35.906,44.993,13.85,38.837,34.273,54.975,24.069
181.85,61.798,0.3383,35.467,45.139,13.996,38.911,60.444,67.929,25.698
181.85,103.57,0.32364,35.32,45.213,13.996,39.424,81.826,58.042,30.326
181.61,159.75,0.31265,35.686,45.286,13.923,39.277,61.787,47.938,23.998
181.73,168.78,0.35662,35.54,45.359,13.776,38.764,35.062,55.13,12.906
181.36,122.86,0.34319,35.247,45.432,13.776,38.398,47.008,67.919,13.275
181.12,109.43,0.32975,34.88,45.579,13.776,38.178,74.068,76.238,19.336
181.24,153.4,0.31754,35.32,45.652,13.923,38.837,72.757,78.628,18.568
180.87,186.86,0.33586,35.833,45.652,13.776,38.617,54.796,78.507,16.615
180.63,179.78,0.35051,36.126,45.799,13.703,38.471,55.962,84.651,18.901
180.75,150.46,0.33952,36.492,45.872,13.85,38.324,72.253,87.278,18.364
180.51,180.75,0.32487,37.005,45.725,13.703,38.691,74.164,66.913,15.679
180.39,183.68,0.3212,37.152,45.579,13.703,38.471,63.207,45.393,18.359
180.14,161.94,0.35784,36.712,45.506,13.703,38.398,70.398,57.41,21.87
179.9,168.05,0.34441,35.979,45.432,13.776,38.251,93.386,77.242,20.918
179.65,237.66,0.33097,35.393,45.432,13.776,38.324,86.996,64.217,22.336
179.41,266.98,0.31876,35.467,45.506,13.703,37.518,46.761,44.252,26.714
179.16,196.87,0.33952,35.247,45.506,13.63,36.419,32.992,55.349,24.684
179.16,111.87,0.35296,34.221,45.506,13.703,36.273,67.106,73.324,18.979
179.16,128.24,0.34074,33.928,45.286,13.923,36.932,92.961,65.884,18.999
178.68,205.91,0.32609,34.587,44.993,13.776,37.592,80.735,50.111,19.888
178.55,243.04,0.31387,34.587,44.993,13.776,37.152,63.387,48.921,16.231
178.19,211.04,0.34074,34.221,44.919,13.703,36.346,54.378,53.913,17.686
178.07,159.99,0.34929,33.488,44.993,13.776,36.053,40.747,53.465,27.279
177.94,108.21,0.33341,33.122,44.919,13.85,36.053,39.219,51.999,30.61
177.94,68.637,0.32364,32.975,44.919,13.776,36.346,61.462,52.778,22.595
177.82,84.27,0.32242,33.048,45.066,13.923,37.079,76.249,47.443,15.838
177.82,139.96,0.35784,33.341,45.139,13.85,37.225,69.044,34.755,15.111
177.58,163.17,0.34319,33.195,45.213,13.776,36.932,62.491,36.277,12.65
177.33,158.28,0.33219,32.902,45.066,13.703,36.273,60.475,62.657,9.914
177.09,170.49,0.31876,32.022,45.359,13.776,36.199,51.607,78.414,15.936
177.09,157.55,0.33586,32.462,45.652,13.776,36.126,44.095,55.522,25.26
176.97,100.39,0.35418,33.268,45.872,13.776,36.492,43.481,32.645,23.672
176.84,60.332,0.33952,33.415,45.872,13.923,36.786,47.298,46.344,14.493
176.72,69.126,0.32609,32.902,45.872,13.85,37.445,64.923,59.534,14.219
176.6,120.42,0.3151,32.829,45.945,13.85,37.592,83.301,40.733,23.273
176.23,171.71,0.36028,33.048,45.725,13.703,37.225,66.372,30.828,26.731
176.11,190.77,0.34929,32.975,45.725,13.703,36.786,31.768,56.191,22.345
175.99,139.47,0.33586,32.389,45.359,13.703,36.199,32.696,75.036,20.977
175.87,87.689,0.32242,32.242,45.506,13.776,36.273,60.005,62.469,23.091
175.87,97.215,0.3383,33.415,45.725,13.776,37.005,72.067,50.212,21.533
175.5,123.35,0.35662,33.928,45.725,13.923,37.518,74.126,59.09,19.483
175.38,178.07,0.34196,33.928,45.652,13.703,37.372,75.663,72.334,22.041
175.13,212.51,0.33219,34.148,45.579,13.776,37.079,61.027,73.44,23.8
175.26,196.14,0.31632,34.514,45.432,13.776,37.079,48.171,62.73,21.619
174.77,148.51,0.32731,34.66,45.286,13.703,37.079,64.515,53.01,20.641
174.77,126.28,0.35173,34.587,45.286,13.776,37.079,82.746,59.516,20.398
174.52,184.17,0.3383,34.514,45.213,13.703,37.445,80.163,75.852,16.499
174.28,241.08,0.32364,34.587,45.066,13.63,37.079,81.074,78.287,12.649
173.91,252.32,0.31387,34.88,45.359,13.703,36.712,83.934,63.836,12.193
173.79,258.43,0.3554,34.807,45.506,13.703,36.346,67.228,53.211,11.417
173.67,223.5,0.34929,34.294,45.506,13.776,35.76,59.403,57.852,12.1
173.55,180.75,0.33464,33.854,45.432,13.703,35.76,77.397,68.234,19.199
173.42,204.45,0.31998,33.415,45.139,13.703,36.126,74.847,66.252,25.805
173.18,212.02,0.33708,33.708,44.919,13.703,36.053,47.216,47.317,24.292
172.81,152.17,0.3554,33.708,44.773,13.703,35.979,52.545,36.274,21.355
172.94,105.28,0.34196,33.415,44.773,13.703,35.833,84.954,55.296,22.442
172.45,178.8,0.32731,32.829,44.7,13.703,36.273,87.355,81.441,22.351
172.33,262.09,0.31754,33.048,44.919,13.703,36.053,69.922,82.32,21.654
172.08,249.15,0.35906,33.781,45.066,13.703,35.686,69.288,70.385,25.497
171.96,203.96,0.35296,34.221,45.286,13.63,35.467,65.718,70.817,27.367
171.59,187.35,0.33708,34.001,45.286,13.776,35.613,46.713,76.311,21.221
171.71,158.77,0.32364,34.148,45.213,13.703,36.126,45.645,73.011,16.799
171.47,125.06,0.31021,34.587,45.286,13.776,36.273,64.355,63.634,20.269
171.23,130.68,0.35662,34.807,45.139,13.703,37.005,65.471,51.037,21.438
171.1,128.48,0.34441,34.807,45.213,13.85,37.372,47.788,40.841,15.965
170.86,107.96,0.33097,34.66,45.213,13.776,37.225,45.391,45.086,14.81
170.86,84.025,0.31754,34.148,45.286,13.923,37.518,67.384,56.527,22.224
170.49,118.47,0.32364,33.635,45.213,13.85,37.958,83.759,53.792,27.805
170.37,193.7,0.3554,33.708,45.213,13.703,37.665,66.661,39.086,25.689
170.13,194.68,0.34074,33.708,45.066,13.703,36.859,38.338,33.758,23.666
170.13,132.39,0.32731,33.341,45.066,13.703,36.419,45.506,44.308,28.043
170.13,80.606,0.31632,32.682,45.066,13.776,36.273,73.22,56.355,31.556
169.76,131.9,0.36028,31.876,44.919,13.776,36.859,66.911,53.908,25.882
169.52,155.35,0.34929,32.096,44.773,13.776,36.346,45.839,43.147,18.265
169.27,121.15,0.33464,32.242,44.553,13.703,36.126,65.375,48.17,19.887
169.39,122.13,0.32487,32.096,44.553,13.85,36.273,91.396,66.866,25.329
169.03,220.81,0.32731,32.242,44.7,13.703,36.492,66.645,71.63,23.981
168.78,235.71,0.35662,32.682,45.066,13.703,35.686,33.994,70.18,19.979
168.66,157.55,0.34319,33.048,45.359,13.703,35.613,47.417,88.496,20.21
168.54,111.38,0.33219,33.928,45.725,13.703,36.053,70.569,100,21.318
168.42,139.47,0.31754,35.613,45.945,13.776,36.859,69.77,77.924,22.673
168.54,156.33,0.32242,36.419,46.165,13.703,37.152,69.63,58.206,26.762
168.17,157.55,0.35296,36.273,46.165,13.923,37.665,70.144,61.449,25.863
167.81,174.89,0.3383,35.686,45.945,13.703,37.665,50.784,46.859,16.865
167.81,132.14,0.32609,35.467,45.725,13.703,37.665,41.46,22.038,13.561
167.44,77.919,0.31265,35.467,45.579,13.703,37.665,67.873,38.504,19.635
167.44,109.92,0.34074,34.66,45.359,13.923,37.811,87.827,66.922,21.147
167.2,209.82,0.34807,33.268,45.213,13.923,37.738,66.482,53.252,18.363
167.07,204.2,0.33708,33.415,44.919,13.776,36.932,36.491,36.821,22.633
166.95,124.57,0.32487,33.415,44.773,13.776,36.492,39.595,56.932,26.76
166.83,95.261,0.32487,32.682,44.553,13.776,36.273,71.19,72.166,21.648
166.59,136.3,0.35662,33.122,44.406,13.85,37.005,92.398,67.404,18.252
166.34,214.22,0.34196,33.854,44.26,13.776,37.005,72.818,72.756,21.202
166.22,239.37,0.32975,34.148,44.333,13.703,36.419,31.091,70.934,20.327
165.97,170.74,0.31754,34.221,44.7,13.776,36.126,14.431,48.446,18.673
166.1,61.309,0.35051,34.221,44.7,13.703,36.126,29.698,49.436,22.719
166.1,26.624,0.35296,33.928,44.626,13.776,36.199,46.012,69.72,20.947
165.73,62.775,0.33708,34.148,44.993,13.85,37.445,55.415,58.543,12.142
165.61,90.62,0.32487,34.807,45.359,13.996,38.544,66.551,43.454,14.069
165.49,107.23,0.31143,34.954,45.432,13.923,38.471,71.016,64.98,23.274
165.49,171.47,0.35906,34.954,45.799,13.776,38.544,67.303,74.311,22.853
165.12,193.21,0.34441,34.807,46.092,13.703,38.324,67.719,54.958,21.929
165.12,161.46,0.33097,34.954,46.165,13.923,38.178,64.77,67.714,28.796
164.75,191.01,0.31876,34.807,45.945,13.703,37.958,49.63,95.728,25.065
164.75,168.05,0.3212,35.467,45.213,13.776,37.738,42.226,75.798,11.753
164.39,113.09,0.35296,36.492,44.846,13.776,37.885,51.376,53.58,14.518
164.39,75.721,0.33952,36.492,44.919,13.85,38.471,55.917,79.088,24.489
164.51,126.28,0.32853,36.273,44.773,13.85,38.691,52.974,86.826,14.993
164.14,127.02,0.3151,36.932,44.773,13.776,39.13,59.173,52.389,2.7761
164.02,104.05,0.34929,37.225,44.919,13.85,38.911,66.874,51.187,12.895
163.78,125.55,0.35051,36.712,45.066,13.776,38.911,62.376,82.262,26.64
163.65,167.07,0.33708,36.199,45.066,13.85,38.911,56.996,76.119,25.323
163.53,158.77,0.32364,36.419,44.773,13.776,38.764,54.742,51.987,22.709
163.53,110.41,0.32731,36.346,44.773,13.776,38.691,41.573,57.996,23.745
163.17,103.57,0.3615,35.76,44.773,13.776,38.398,30.408,67.183,18.544
163.17,84.025,0.34441,35.54,44.846,13.776,38.544,50.542,61.731,14.413
163.04,81.583,0.33464,35.76,44.919,13.85,39.057,83.617,64.039,19.067
162.8,162.19,0.3212,35.979,44.919,13.776,39.424,81.765,60.447,21.425
162.68,221.3,0.35173,36.053,44.993,13.703,38.764,51.497,43.762,18.12
162.31,181.24,0.35296,35.76,44.919,13.85,38.031,44.153,55.117,17.225
162.31,129.21,0.33952,34.954,44.773,13.703,37.665,62.513,84.648,17.102
162.07,145.33,0.32853,34.66,44.846,13.776,38.105,63.342,74.279,17.463
161.94,155.35,0.31387,35.467,45.066,13.923,38.031,52.549,42.769,24.004
161.7,106.99,0.34685,35.613,45.286,13.776,37.811,71.269,46.663,28.513
161.7,132.39,0.34807,34.954,45.213,13.776,38.031,93.133,68.333,24.751
161.58,229.85,0.33341,34.441,45.213,13.703,37.738,64.758,72.197,25.717
161.09,256.23,0.3212,34.441,45.213,13.703,37.152,26.048,70.021,29.777
161.09,159.99,0.32609,34.441,45.286,13.703,36.786,45.843,67.343,19.706
160.97,104.3,0.35662,34.587,45.432,13.703,36.566,89.49,58.145,8.7697
160.72,166.34,0.34319,34.734,45.579,13.776,37.811,91.794,58.766,17.45
160.6,259.65,0.32853,34.807,45.579,13.703,37.152,73.326,65.177,25.102
160.11,255.74,0.31876,34.441,45.579,13.776,36.492,68.948,54.002,16.335
159.99,207.38,0.35906,34.074,45.359,13.703,35.979,60.523,47.294,16.928
159.75,157.06,0.35051,33.781,45.359,13.703,35.906,48.298,68.485,30.021
159.62,155.84,0.33708,33.415,45.432,13.776,36.126,58.484,81.707,24.833
159.62,151.2,0.32364,33.781,45.139,13.776,36.566,74.253,70.619,9.1622
159.26,171.96,0.3383,34.734,45.213,13.85,36.932,71.681,71.936,13.502
159.01,191.74,0.35906,34.954,45.286,13.776,36.932,68.277,81.668,23.765
158.89,196.14,0.34563,35.247,45.286,13.776,37.079,68.007,63.878,18.925
158.65,174.4,0.33464,35.467,45.359,13.85,36.932,54.115,39.596,16.895
158.65,123.84,0.31876,35.247,45.286,13.703,36.859,42.992,39.822,23.634
158.65,95.75,0.33341,34.734,45.213,13.776,37.225,48.382,42.776,19.131
158.16,84.025,0.35173,34.148,45.066,13.776,37.592,50.214,41.741,11.126
158.16,82.071,0.3383,33.635,45.066,13.776,37.665,54.353,60.317,16.965
157.91,120.42,0.32487,33.048,45.066,13.85,37.885,75.641,76.798,19.376
157.79,178.8,0.31387,33.635,45.359,13.85,37.738,77.036,60.523,9.2169
157.55,195.9,0.35906,34.221,45.506,13.85,37.298,47.368,46.086,9.9238
157.67,149.98,0.34685,34.294,45.432,13.776,36.712,42.94,62.396,22.024
157.18,128.24,0.33341,33.928,45.286,13.85,36.786,61.794,72.294,22.049
157.06,134.1,0.31998,34.001,44.846,13.85,37.445,44.207,55.838,16.626
157.06,109.92,0.33708,34.587,44.773,13.85,37.518,19.287,48.372,23.092
157.06,62.042,0.35296,34.514,44.773,13.776,37.445,45.444,62.806,28.38
156.81,68.637,0.34074,34.441,44.993,13.85,37.885,70.503,71.088,20.52
156.69,127.26,0.32609,35.027,45.286,13.923,38.911,46.237,61.911,12.636
156.69,130.19,0.3212,35.613,45.432,13.85,38.544,34.775,47.933,13.733
156.45,78.896,0.3615,35.467,45.579,13.923,38.544,62.427,37.256,21.015
156.2,75.232,0.34929,35.247,45.506,13.776,38.764,69.127,34.189,31.122
156.08,122.37,0.33464,35.027,45.579,13.923,38.837,56.155,43.45,33.029
155.96,137.27,0.32364,34.514,45.506,13.776,38.324,71.618,60.963,21.562
155.72,170,0.32364,33.781,45.359,13.776,38.178,85.971,73.323,14.77
155.59,224.72,0.35662,33.854,45.286,13.776,37.738,60.96,68.957,21.289
155.23,216.66,0.34441,34.294,44.993,13.703,37.005,38.984,53.587,23.509
155.11,130.43,0.32975,34.221,44.993,13.776,36.492,51.763,47.35,17.911
155.23,89.155,0.31632,34.001,44.993,13.776,36.566,68.582,53.363,18.827
154.86,124.08,0.34196,33.854,44.993,13.776,37.298,69.689,54.094,21.22
154.74,158.52,0.34929,33.708,45.139,13.85,37.079,63.004,50.086,16.405
154.62,151.44,0.33708,33.561,45.139,13.776,36.859,55.45,56.07,17.002
154.37,147.04,0.32487,33.415,45.066,13.85,36.712,59.285,61.521,23.85
154.13,152.17,0.32487,33.415,45.213,13.776,36.712,71.625,54.891,20.256
154.01,154.62,0.35906,33.708,45.286,13.923,36.786,66.787,59.421,14.576
153.64,172.69,0.34441,33.708,45.432,13.776,36.566,51.942,83.617,23.948
153.64,165.61,0.33097,34.148,45.579,13.85,36.712,54.733,91.239,31.699
153.4,141.67,0.32242,35.32,45.652,13.776,36.932,58.608,69.701,22.177
153.4,128.48,0.34563,35.906,45.506,13.776,37.445,47.351,52.47,15.159
153.15,94.773,0.35296,35.76,45.506,13.776,37.592,49.606,49.865,21.721
153.03,87.689,0.33952,35.54,45.359,13.776,37.958,63.931,44.953,23.806
153.15,106.99,0.32731,35.1,45.066,13.923,38.178,55.169,50.715,16.704
152.66,123.84,0.32609,34.734,44.846,13.923,38.251,43.692,81.87,14.397
152.66,135.81,0.3615,34.587,45.066,13.776,38.178,62.59,100,17.849
152.66,140.45,0.34807,36.199,45.286,13.776,38.471,78.527,80.713,20.299
152.3,167.81,0.33586,37.152,45.359,13.85,38.398,68.366,47.837,22.007
152.3,156.81,0.32242,36.932,45.213,13.703,38.324,63.245,44.214,21.075
152.05,150.46,0.3151,36.346,45.139,13.776,37.885,63.436,59.951,16.362
151.69,164.88,0.35784,35.173,44.846,13.85,37.885,45.951,66.527,14.343
151.56,150.22,0.34563,34.734,44.406,13.776,37.738,33.807,58.3,15.126
151.69,97.215,0.33464,34.807,44.553,13.776,37.811,43.723,45.144,14.645
151.32,61.553,0.31876,34.88,44.773,13.923,37.958,53.514,39.165,20.329
151.32,72.301,0.33708,34.66,44.773,13.85,38.544,67.568,47.725,33.38
151.07,114.07,0.35173,34.367,44.773,13.776,38.691,92.661,60.337,35.757
150.83,211.28,0.34074,34.074,44.846,13.776,38.105,92.549,59.734,22.896
150.59,273.33,0.32609,34.074,45.213,13.63,37.079,72.427,52.132,14.559
150.46,273.57,0.31387,33.781,45.359,13.776,36.053,81.277,57.088,17.711
150.22,251.59,0.3615,33.268,45.579,13.703,35.393,92.309,69.905,19.322
149.61,277.48,0.34685,32.975,45.506,13.63,34.954,61.627,70.333,16.123
149.73,254.52,0.33341,32.902,45.286,13.776,34.66,45.884,60.202,15.146
149.36,165.61,0.3212,32.975,45.213,13.703,34.66,77.634,55.711,16.59
149.24,167.32,0.33952,32.975,45.286,13.85,35.027,80.21,56.865,18.827
148.88,213.24,0.35418,32.975,45.286,13.703,35.32,38.084,56.632,22.438
148.75,175.87,0.34074,32.975,45.286,13.85,35.1,29.478,58.506,23.578
148.63,88.422,0.32853,32.902,45.432,13.85,35.247,52.204,61.475,20.547
148.51,91.842,0.3151,33.122,45.725,13.85,35.906,52.269,56.884,19.217
148.39,98.192,0.36273,33.635,45.799,13.923,37.005,54.069,51.682,21.918
148.14,92.819,0.34685,33.854,45.799,13.85,37.079,73.323,59.724,24.999
148.14,149.24,0.33708,34.148,45.872,13.85,37.518,62.589,72.033,27.255
148.02,181,0.32242,34.294,45.432,13.85,37.298,37.581,72.007,27.71
147.78,137.76,0.32364,34.66,45.139,13.776,37.298,51.751,64.954,23.518
147.78,111.87,0.35662,35.027,44.846,13.85,37.518,69.264,60.741,16.938
147.29,141.91,0.34196,35.247,44.773,13.85,38.031,54.285,53.72,13.749
147.53,131.9,0.32853,35.173,44.773,13.85,37.885,54.51,43.716,15.853
147.29,107.23,0.31632,35.173,44.773,13.776,37.811,74.24,44.235,21.369
146.92,144.36,0.3615,34.587,44.846,13.776,37.958,63.141,55.368,25.045
146.92,163.65,0.34685,34.074,44.919,13.776,37.592,47.714,60.351,21.856
146.8,149.98,0.33464,33.854,44.993,13.776,37.152,67.027,54.199,17.448
146.31,128.72,0.32242,33.781,44.993,13.776,37.079,73.079,49.421,21.058
146.19,153.64,0.35051,33.854,45.066,13.703,37.079,53.145,53.947,26.636
146.07,155.11,0.35296,33.561,45.066,13.776,36.786,69.208,62.001,23.437
145.7,163.9,0.3383,33.415,44.846,13.776,36.712,100,64.737,17.974
145.82,234.73,0.32731,33.635,44.773,13.776,36.639,92.719,59.458,20.224
145.33,288.96,0.31265,33.635,44.773,13.703,35.686,57.91,51.439,23.405
144.97,244.5,0.36028,33.415,44.773,13.776,34.807,53.389,51.965,18.971
144.97,169.27,0.34563,32.829,44.846,13.776,34.734,59.082,66.242,12.694
144.85,167.07,0.33219,32.389,44.846,13.776,35.027,64.661,77.408,12.702
144.6,175.13,0.31876,33.122,44.919,13.776,35.467,83.391,62.979,17.818
144.24,199.32,0.33341,33.635,45.213,13.776,35.979,76.987,37.963,21.894
144.24,212.75,0.35418,33.635,45.359,13.776,35.613,35.56,41.504,21.53
143.99,155.11,0.34074,33.268,45.286,13.703,35.247,33.026,65.775,20.17
143.62,108.45,0.32487,32.389,45.286,13.776,35.247,76.176,64.386,21.79
143.5,133.61,0.31265,32.755,45.066,13.85,36.346,78.717,44.113,22.272
143.26,176.11,0.36028,33.122,45.066,13.776,36.346,42.939,52.984,19.512
143.26,161.94,0.34563,32.902,44.919,13.703,35.979,49.696,76.386,21.206
143.26,149.49,0.33219,32.902,44.993,13.776,36.053,84.611,65.28,26.294
142.89,184.66,0.32242,33.635,44.919,13.776,36.566,80.21,46.042,22.729
142.53,214.95,0.34441,33.708,44.846,13.776,36.199,53.662,67.729,15.035
142.4,210.55,0.35296,33.488,44.919,13.703,35.833,48.858,92.419,17.549
142.16,161.94,0.3383,34.001,44.919,13.703,35.979,53.902,72.789,22.256
142.04,127.26,0.32609,34.954,45.066,13.923,36.492,57.333,54.356,16.599
142.04,111.87,0.32364,34.954,45.213,13.776,36.786,68.392,78.778,13.063
141.91,167.32,0.36028,34.88,45.066,13.85,37.225,71.738,94.429,20.38
141.67,189.79,0.34563,35.833,44.993,13.776,37.445,59.144,62.994,23.108
141.55,159.99,0.33219,36.273,45.066,13.85,37.372,59.473,37.032,17.85
141.18,120.18,0.31998,36.053,45.139,13.703,37.298,75.262,56.941,20.389
141.06,173.18,0.32242,35.173,45.139,13.776,37.592,70.358,80.151,28.559
141.18,204.93,0.3554,34.66,44.993,13.776,37.372,47.593,65.967,28.494
140.94,161.7,0.34196,34.954,44.773,13.776,37.225,47.656,43.976,24.412
140.69,92.574,0.32975,34.807,44.773,13.776,37.152,69.833,55.6,22.524
140.33,127.02,0.31754,34.441,44.846,13.703,37.885,77.528,83.985,17.054
140.08,218.12,0.33708,34.514,44.773,13.776,37.592,67.526,84.831,12.676
139.96,205.42,0.35173,35.393,44.48,13.703,37.152,63.262,59.469,19.163
139.84,163.17,0.33952,35.613,44.626,13.776,36.859,61.236,47.828,25.437
139.84,138.25,0.32609,35.173,44.48,13.776,36.712,44.985,59.886,19.384
139.59,130.92,0.3212,34.514,44.553,13.776,36.786,30.5,71.399,12.596
139.35,95.017,0.36273,34.441,44.406,13.85,37.005,43.246,76.009,15.648
139.35,80.362,0.34807,34.954,44.7,13.776,37.372,70.631,81.086,20.768
139.11,132.39,0.33464,35.76,45.139,13.85,38.691,83.559,77.043,22.696
138.98,203.22,0.3212,36.273,45.286,13.85,38.398,79.12,63.194,23.984
138.74,227.89,0.3383,35.979,45.286,13.703,37.885,67.626,60.092,21.882
138.5,210.55,0.3554,35.613,45.432,13.703,37.298,54.123,66.129,15.142
138.13,177.09,0.34319,35.1,45.432,13.703,37.005,49.357,61.637,11.637
138.13,140.69,0.32975,34.807,45.506,13.776,37.225,55.56,54.485,16.289
137.88,115.05,0.31632,34.66,45.359,13.776,37.518,53.316,58.187,24.609
137.76,121.64,0.33464,34.66,45.359,13.923,37.592,43.421,58.991,29.369
138.01,108.21,0.35051,34.734,45.066,13.923,37.592,52.45,54.797,27.352
137.52,96.238,0.3383,34.587,44.919,13.85,37.738,69.633,66.715,24.077
137.4,149.73,0.32487,34.807,44.773,13.85,38.031,62.403,87.615,26.605
137.27,170.74,0.31387,35.613,44.846,13.776,38.105,54.276,88.77,29.875
136.91,143.14,0.3615,36.566,44.846,13.776,38.105,80.303,71.669,26.666
136.79,171.47,0.34563,36.786,44.919,13.85,38.031,100,55.103,23.189
136.54,242.55,0.33097,36.273,44.993,13.85,37.885,80.385,44.342,23.415
136.17,264.53,0.3212,35.76,44.919,13.63,37.079,52.395,45.908,19.506
135.93,212.26,0.3383,34.88,44.846,13.85,36.053,57.645,64.181,14.232
135.81,181,0.35418,33.488,44.846,13.85,36.199,72.493,78.922,18.304
135.69,188.32,0.34196,33.488,45.213,13.85,36.273,74.672,71.314,22.765
135.44,199.56,0.32731,34.148,45.286,13.776,36.346,70.844,55.164,15.973
135.2,181.97,0.32609,34.221,45.359,13.776,36.273,61.211,54.481,11.949
135.08,165.36,0.36273,34.001,45.432,13.776,35.833,53.338,71.442,21.336
134.71,164.39,0.34807,33.781,45.213,13.85,36.126,63.104,84.008,27.709
134.83,161.21,0.33464,34.514,45.066,13.85,36.786,70.367,73.484,22.098
134.71,165.85,0.32242,35.173,44.993,13.85,37.005,53.649,59.273,16.958
134.47,142.4,0.35051,35.1,45.066,13.85,37.005,44.873,68.758,15.37
134.22,126.53,0.3554,35.1,44.919,13.923,37.079,63.462,73.455,11.9
134.1,141.18,0.34196,35.247,44.846,13.85,37.372,71.45,39.799,13.993
134.1,130.68,0.32975,35.393,44.773,13.923,37.738,57.281,16.076,24.727
133.73,134.34,0.31632,35.32,44.846,13.776,37.445,54.442,47.684,29.62
133.61,131.9,0.34685,34.367,44.773,13.85,37.005,60.213,77.3,23.138
133.37,163.17,0.34929,33.195,44.919,13.85,37.079,54.383,58.721,17.329
133.24,126.77,0.33586,33.781,45.286,13.85,37.298,57.778,44.99,19.298
133.24,109.18,0.32609,33.854,45.432,13.85,37.152,73.344,60.02,25.736
132.88,157.79,0.31754,33.708,45.286,13.85,37.152,63.789,55.059,30.378
132.88,162.68,0.36028,33.708,45.066,13.776,36.786,44.459,40.204,26.613
132.51,113.58,0.34563,33.635,44.919,13.703,36.566,66.571,63.786,19.122
132.39,144.85,0.33341,33.268,44.773,13.776,36.786,100,87.107,22.118
132.39,239.37,0.32242,34.001,44.846,13.703,37.152,91.656,62.567,31.02
132.02,292.13,0.34319,34.734,44.846,13.703,36.199,57.021,38.365,27.047
131.66,231.56,0.3554,34.514,44.993,13.703,35.1,55.988,51.375,16.352
131.41,170.25,0.34074,33.415,45.139,13.703,35.027,79.466,62.496,19.532
131.17,190.77,0.32853,32.682,45.213,13.776,35.247,88.066,56.685,28.851
131.05,240.6,0.32364,32.682,45.213,13.85,35.32,73.732,51.423,24.795
130.8,241.82,0.36273,32.609,45.432,13.776,34.734,50.237,35.036,15.289
130.56,170.98,0.34929,32.389,45.432,13.703,34.367,37.294,19.363,15.84
130.31,89.888,0.33708,32.462,45.432,13.776,34.221,44.605,45.974,20.719
130.31,68.637,0.32364,31.29,45.432,13.776,34.587,52.91,83.348,22.668
130.07,117,0.31876,30.777,45.359,13.923,35.393,48.152,74.293,26.285
130.07,121.64,0.35906,32.609,45.213,13.85,35.906,49.842,58.574,29.32
129.95,104.54,0.34685,33.268,45.286,13.85,36.126,62.953,82.082,24.527
129.7,145.58,0.33219,34.074,45.286,13.85,36.859,63.662,91.025,18.184
129.7,152.17,0.31998,35.467,44.919,13.85,37.005,57.722,55.831,19.441
129.34,120.66,0.33708,35.979,44.919,13.85,37.079,68.784,39.078,23.669
129.34,124.57,0.35418,35.76,44.773,13.85,37.298,78.503,57.089,24.598
128.85,189.06,0.34196,34.954,44.846,13.85,37.445,65.98,55.981,24.72
128.6,190.03,0.32853,34.367,44.846,13.703,37.005,58.104,40.523,24.151
128.48,144.36,0.31632,34.074,44.846,13.776,36.566,67.988,54.335,19.529
128.24,155.59,0.35906,33.488,44.993,13.703,36.492,63.675,73.551,16.427
128.36,180.51,0.35051,33.341,45.432,13.923,36.419,43.068,59.418,21.91
127.99,135.08,0.33586,33.635,45.579,13.923,36.419,44.597,41.881,27.174
127.99,70.347,0.32487,33.781,45.579,13.85,36.566,69.765,54.868,20.225
127.75,116.02,0.33708,33.488,45.359,13.85,37.372,83.335,70.8,10.543
127.63,203.71,0.35784,33.708,45.066,13.776,37.152,74.512,58.83,14.982
127.26,217.64,0.34319,33.928,44.553,13.703,36.639,54.812,38.971,26.113
127.02,164.88,0.33097,34.074,44.406,13.776,36.126,33.322,39.856,25.129
127.02,95.994,0.31998,33.561,44.553,13.776,35.76,25.323,50.972,17.009
126.89,51.295,0.35418,32.755,44.48,13.776,35.979,39.821,51.608,18.817
126.77,43.478,0.3554,32.535,44.553,13.85,36.786,58.589,52.652,25.32
126.77,67.171,0.34196,32.975,44.7,13.996,37.665,65.294,66.315,21.338
126.53,142.65,0.32853,33.415,44.919,13.923,37.665,68.558,70.488,12.801
126.16,169.76,0.31387,34.001,45.213,13.85,37.445,72.183,55.712,13.625
126.04,168.54,0.34807,34.367,45.432,13.776,37.225,63.802,53.386,19.531
126.04,160.23,0.34929,34.294,45.506,13.776,37.079,45.481,67.275,19.67
125.92,148.75,0.33464,34.074,45.432,13.776,36.859,37.911,60.114,16.321
125.67,98.925,0.3212,34.074,45.213,13.85,37.079,49.988,40.026,17.078
125.43,61.553,0.32731,34.294,45.139,13.85,37.445,65.868,51.349,21.632
125.43,108.45,0.35662,34.001,44.993,13.923,38.105,64.298,79.234,23.502
125.55,173.91,0.34319,34.148,45.066,13.923,37.811,47.546,77.708,18.563
124.94,151.69,0.32853,34.88,45.139,13.85,37.592,41.091,54.448,11.957
124.94,88.666,0.31632,35.32,45.286,13.85,37.592,52.338,36.619,13.614
124.94,63.752,0.36273,35.173,45.213,13.85,38.105,55.684,25.498,22.6
124.57,87.201,0.34807,34.954,45.066,13.996,38.251,40.462,28.966,26.442
124.69,75.721,0.33341,34.66,45.066,13.923,38.031,32.076,50.732,20.282
124.57,64.729,0.31998,33.561,44.846,13.85,37.738,43.665,62.862,12.281
124.45,75.232,0.34929,32.902,44.553,13.923,38.031,56.43,60.651,9.4692
124.21,100.39,0.3554,33.635,44.48,13.923,38.544,59.249,69.629,12.367
124.08,136.79,0.34196,34.441,44.846,13.923,38.398,60.201,72.545,19.084
123.96,150.95,0.32609,34.954,44.919,13.85,38.178,62.892,47.031,24.366
123.6,122.86,0.31387,35.1,45.066,13.776,37.885,64.911,38.828,22.818
123.47,131.17,0.36028,34.954,44.993,13.85,37.811,63.149,71.018,17.371
123.23,171.96,0.34685,34.294,45.066,13.776,37.592,53.203,82.37,14.913
123.11,166.34,0.33341,34.66,44.919,13.776,37.592,45.673,54.932,15.436
122.98,106.01,0.3212,35.1,45.066,13.85,37.592,58.362,49.689,15.104
122.86,95.506,0.32975,34.954,45.213,13.85,37.738,74.695,69.379,15.353
122.62,168.3,0.35418,34.66,45.432,13.85,37.958,63.469,61.196,20.108
122.62,172.45,0.34074,34.88,45.432,13.776,37.592,41.199,40.909,26.664
122.5,109.18,0.32731,34.807,45.432,13.85,37.445,43.319,53.33,27.357
122.25,87.689,0.31387,34.221,45.506,13.85,37.372,57.737,75.179,22.415
122.25,128.97,0.36028,34.221,45.359,13.85,37.958,60.435,72.879,21.688
122.01,145.82,0.34685,35.027,44.993,13.85,38.105,63.767,64.946,27.006
121.64,154.37,0.33708,35.247,44.846,13.85,38.031,71.144,70.44,27.92
121.52,177.09,0.32242,35.393,44.7,13.85,38.031,61.521,79.662,23.589
121.52,192.72,0.33952,35.686,44.773,13.85,37.885,47.077,79.417,24.946
121.28,159.99,0.3554,36.053,44.846,13.85,37.958,55.805,63.671,29.085
121.15,127.26,0.34319,36.053,44.919,13.923,37.958,68.289,48.364,24.364
120.91,121.4,0.32975,35.906,44.919,13.85,37.958,60.355,60.304,18.156
120.66,157.06,0.3151,35.54,44.846,13.776,38.031,56.399,78.807,20.959
120.66,159.26,0.36395,35.32,44.7,13.85,37.958,68.186,60.69,20.261
120.3,150.71,0.34807,35.686,44.993,13.85,38.031,65.172,29.951,9.2823
120.05,128.48,0.33464,35.467,44.993,13.85,37.738,49.434,34.284,7.8069
119.93,121.15,0.32242,35.173,44.993,13.776,37.372,57.292,50.952,21.259
119.81,120.66,0.32487,34.148,45.066,13.85,37.298,76.807,47.367,26.193
119.69,152.66,0.35662,33.415,45.139,13.85,37.298,68.045,47.668,16.74
119.44,175.87,0.34074,33.195,45.213,13.923,36.859,42.837,57.084,12.094
119.32,146.31,0.32731,32.829,45.066,13.85,36.566,35.013,43.295,15.253
119.2,76.942,0.3151,32.755,44.993,13.85,36.346,39.732,23.464,15.601
119.2,50.318,0.34929,32.682,44.846,13.85,36.492,45.437,37.9,17.388
118.95,57.645,0.35051,32.242,44.846,13.923,37.225,60.715,64.164,24.977
118.83,117.24,0.33586,31.729,44.626,13.85,37.372,75.659,67.515,27.945
118.71,170.98,0.32242,32.609,44.993,13.85,37.079,67.67,63.496,24.124
118.47,184.66,0.33219,33.341,45.359,13.923,36.712,52.06,64.693,23.108
118.34,160.97,0.35662,33.635,45.579,13.776,36.639,58.67,59.306,23.258
118.22,141.18,0.34319,33.928,45.799,13.85,36.786,74.182,54.941,18.511
117.98,157.06,0.33097,34.001,45.725,13.85,36.712,69.91,60.152,15.531
117.86,184.66,0.31876,34.001,45.579,13.85,36.566,56.422,58.389,18.606
117.73,162.19,0.35173,33.854,45.506,13.776,36.419,54.458,49.817,19.284
117.37,124.57,0.35296,33.854,45.506,13.923,36.419,50.584,53.579,14.694
117.24,113.34,0.33952,33.635,45.579,13.85,36.712,34.161,61.139,12.846
117.12,102.59,0.32731,33.561,45.725,13.85,36.859,33.713,55.146,17.308
117,64.973,0.3151,33.781,45.725,13.85,37.079,64.767,47.099,24.172
116.88,71.324,0.36273,34.074,45.725,13.996,37.885,89.959,50.456,28.479
116.76,176.11,0.34807,34.367,45.359,13.85,38.178,80.313,57.97,25.88
116.63,244.02,0.33708,34.221,45.213,13.85,37.298,62.38,56.437,17.459
116.39,213.24,0.32364,33.928,44.7,13.703,36.639,62.435,37.012,11.766
115.9,157.3,0.32487,33.928,44.48,13.85,36.346,65.054,15.968,13.978
115.78,145.82,0.36028,33.781,44.48,13.85,35.833,56.79,32.495,19.899
115.53,135.56,0.34319,33.488,44.333,13.85,35.467,47.545,76.194,23.941
115.53,149.98,0.33219,31.216,44.406,13.85,35.54,40.566,80.007,24.487
115.53,114.31,0.31754,32.462,44.919,13.923,35.686,37.603,37.62,22.391
115.29,61.798,0.35051,33.195,45.139,13.923,36.126,49.475,18.442,20.024
115.17,52.272,0.35173,33.341,45.139,13.923,36.712,61.129,35.061,19.153
114.92,85.979,0.3383,32.902,45.139,13.923,37.079,46.653,36.467,19.328
114.8,95.506,0.32609,32.389,45.139,13.923,36.566,33.442,27.784,20.134
114.68,63.508,0.32853,32.096,45.066,13.923,36.273,59.831,48.971,21.287
114.56,75.476,0.35906,31.143,45.066,13.996,36.566,89.074,76.296,21.86
114.19,199.32,0.34563,31.583,45.432,13.85,36.712,75.207,71.729,22.772
114.19,249.63,0.33097,32.682,45.652,13.923,36.053,55.248,59.652,24.028
114.07,197.12,0.31876,33.048,45.652,13.923,35.467,67.036,67.047,21.419
113.7,177.82,0.36395,33.122,45.652,13.85,35.393,72.849,72.357,15.998
113.7,192.23,0.35296,33.561,45.359,13.776,35.686,53.83,60.946,16.435
113.46,167.32,0.33708,33.781,45.432,13.85,35.833,53.819,53.277,21.09
113.58,126.53,0.32487,33.854,45.286,13.85,35.979,76.331,61.335,17.631
113.09,170.49,0.31265,33.854,45.286,13.85,36.273,77.482,71.011,8.3939
112.85,209.33,0.35784,34.148,45.066,13.85,36.492,66.121,68.708,8.7844
112.6,201.03,0.34441,34.221,45.213,13.85,36.273,74.39,59.176,17.87
112.24,195.9,0.32975,34.294,45.359,13.776,36.419,74.147,54.468,20.495
112.12,196.87,0.31754,34.221,45.359,13.85,35.979,42.573,53.16,15.251
111.99,150.71,0.34929,33.854,45.506,13.923,35.906,25.987,47.935,13.563
111.75,69.37,0.35173,33.561,45.213,13.85,35.979,48.934,47.255,18.208
111.75,55.203,0.3383,33.195,45.066,13.923,36.492,68.558,54.984,21.743
111.5,103.32,0.32364,33.268,44.773,13.996,37.518,68.315,52.79,19.432
111.5,150.46,0.31754,33.488,44.48,13.85,37.152,77.531,44.323,14.892
111.26,180.02,0.35906,33.561,44.553,13.85,36.786,88.26,59.546,14.962
111.02,241.57,0.34563,33.268,44.626,13.776,36.419,69.729,83.72,18.989
110.89,248.9,0.33097,33.561,44.993,13.85,36.053,44.459,74.97,19.378
110.53,173.18,0.3212,34.221,45.139,13.776,35.613,49.01,54.191,16.992
110.41,108.21,0.34929,34.148,45.213,13.85,35.686,62.724,62.163,20.247
110.41,138.74,0.3554,34.074,45.286,13.996,36.346,54.986,72.702,25.702
110.16,152.17,0.34319,34.148,45.066,13.923,36.566,45.437,62.776,22.985
110.04,121.64,0.32853,34.587,45.139,13.85,36.859,57.48,68.955,16.48
109.67,127.75,0.31632,34.734,45.286,13.923,37.372,72.8,87.79,15.901
109.79,173.18,0.34685,35.54,45.506,13.85,37.738,72.976,67.429,16.622
109.31,176.84,0.34807,36.053,45.506,13.776,37.592,69.549,32.626,13.058
109.31,154.62,0.33464,35.979,45.579,13.85,37.445,70.12,44.496,12.028
108.82,165.36,0.32364,35.173,45.359,13.776,37.225,65.393,67.956,16.483
108.94,190.77,0.31632,34.148,45.139,13.923,37.079,56.49,50.951,19.683
108.57,140.45,0.35784,34.001,44.553,13.85,36.932,52.216,38.666,20.787
108.57,110.16,0.34319,33.854,44.26,13.85,36.712,48.563,67.666,22.921
108.45,132.39,0.33219,33.341,44.406,13.923,37.079,44.329,88.164,22.18
108.21,116.27,0.31876,34.367,44.187,13.85,37.005,50.052,76.319,17.422
108.09,103.32,0.3383,35.32,44.553,13.923,37.298,58.343,67.061,16.142
107.96,120.91,0.35296,35.686,44.919,13.776,37.811,49.425,63.43,19.257
107.72,125.31,0.34074,35.686,44.919,13.923,37.958,36.229,55.534,19.205
107.72,88.666,0.32609,35.54,44.919,13.923,37.885,45.135,69.873,16.239
107.72,92.086,0.31754,35.467,44.846,13.923,38.178,58.665,97.089,17.116
107.47,126.28,0.36028,36.419,45.066,13.923,38.837,47.818,84.512,20.362
107.35,110.41,0.35051,37.445,45.432,13.996,38.911,36.649,47.38,19.635
107.11,66.683,0.33586,37.592,45.579,13.85,39.057,57.971,46.594,16.569
106.99,71.324,0.32364,37.005,45.579,13.923,39.204,84.458,68.193,17.481
106.86,179.53,0.34074,36.346,45.506,13.923,39.717,78.001,63.893,21.815
106.74,226.67,0.35784,36.126,45.432,13.776,38.984,58.403,51.435,23.611
106.38,187.59,0.34563,35.906,45.359,13.776,38.251,59.803,63.046,21.994
106.13,171.71,0.33219,35.173,45.286,13.776,37.885,71.287,79.494,21.342
106.13,183.68,0.31876,35.173,44.846,13.776,37.811,68.098,80.67,22.125
105.89,187.35,0.33219,35.686,44.7,13.776,37.738,53.984,75.092,21.555
105.52,162.43,0.35173,35.979,44.919,13.923,37.592,43.188,65.997,21.294
105.52,126.28,0.33952,35.906,44.773,13.923,37.445,39.014,55.415,22.928
105.4,79.384,0.32731,35.76,44.846,13.85,37.665,45.097,52.474,22.149
105.28,66.194,0.31387,35.54,44.846,13.85,38.178,68.491,47.838,19.265
105.03,94.04,0.36028,35.54,44.919,13.923,38.544,100,35.491,21.67
104.79,200.29,0.35051,35.247,44.773,13.85,38.471,100,41.853,26.264
104.54,294.09,0.33586,34.88,44.846,13.776,37.372,90.315,68.439,21.723
103.93,319.49,0.32364,33.488,44.846,13.703,35.906,59.71,69.059,13.042
104.05,267.71,0.32731,32.902,45.432,13.85,34.88,55.01,40.634,15.071
103.69,167.07,0.35906,33.122,45.506,13.776,34.66,70.205,39.131,23.694
103.69,153.15,0.34319,32.535,45.506,13.923,34.734,75.813,71.143,23.917
103.44,200.29,0.32975,31.949,45.652,13.923,34.954,68.639,84.959,16.839
103.32,211.04,0.31998,32.755,45.579,13.85,35.32,62.925,71.62,12.368
103.08,175.38,0.35051,33.781,45.506,13.923,35.247,58.872,59.424,11.833
102.83,149.49,0.35662,33.928,45.432,13.85,35.467,57.451,42.443,14.811
102.71,121.64,0.33952,33.854,45.432,13.85,35.686,65.392,17.566,21.892
102.47,124.33,0.32853,33.854,45.359,13.923,36.053,66.082,24.945,25.695
102.34,144.85,0.31387,33.561,45.359,13.85,35.76,44.021,69.938,21.406
102.1,155.11,0.34685,31.876,45.286,13.85,35.54,31.162,95.168,18.804
102.1,94.529,0.34685,33.195,45.725,13.85,35.906,55.917,80.703,23.644
101.98,87.201,0.33586,35.027,45.799,13.923,36.639,81.664,67.038,24.868
101.73,151.69,0.31876,35.613,45.872,13.85,37.592,73.043,63.327,17.3
101.49,199.56,0.32487,35.393,45.725,13.85,37.298,60.047,46.549,13.93
101.12,160.23,0.3554,35.173,45.359,13.85,36.859,67.343,36.362,22.024
101.12,148.27,0.34196,34.734,45.286,13.85,36.786,65.977,58.22,29.82
100.76,167.32,0.32731,34.001,44.993,13.85,36.859,45.695,72.94,27.116
100.64,156.81,0.3151,33.781,44.773,13.923,36.639,37.986,44.541,19.992
100.64,70.347,0.3615,34.074,44.846,13.85,36.859,45.104,16.642,17.548
100.51,50.318,0.34807,33.928,44.773,13.923,37.152,42.068,35.827,18.694
100.64,54.226,0.33464,33.635,44.846,13.923,37.592,37.757,72.652,18.909
100.15,89.643,0.32242,32.609,45.066,13.923,37.445,49.987,84.076,19.584
100.15,94.04,0.33952,34.148,45.359,13.996,37.592,61.331,77.719,22.945
100.15,120.91,0.35662,35.393,45.506,13.996,38.105,60.082,72.084,24.536
99.78,140.69,0.34319,35.833,45.359,13.923,38.324,61.515,64.848,19.404
99.658,149.98,0.32853,35.979,45.213,13.85,38.324,62.361,59.618,12.336
99.658,146.07,0.31632,35.833,44.919,13.85,38.178,51.687,64.735,13.272
99.292,143.87,0.36273,35.613,44.919,13.85,38.031,55.085,68.841,22.298
99.047,139.96,0.34929,35.613,45.359,13.996,38.324,85.759,61.487,27.043
99.047,198.34,0.33586,35.76,45.652,13.996,38.324,98.61,55.557,20
98.559,270.64,0.32364,35.54,45.799,13.85,37.665,69.676,59.525,11.209
98.437,263.31,0.31387,34.954,45.799,13.85,36.566,47.281,61.463,12.496
98.07,186.37,0.35906,34.294,45.579,13.85,36.053,62.006,58.255,17.12
97.948,146.07,0.34441,34.074,45.506,13.85,36.199,76.505,61.906,13.716
97.704,177.33,0.33097,34.001,45.432,13.85,36.419,67.592,67.815,9.4875
97.704,195.16,0.31876,34.221,45.213,13.85,36.346,62.57,56.42,14.321
97.46,156.81,0.3383,34.221,44.993,13.85,36.346,70.963,32.592,18.159
97.46,145.09,0.35418,34.221,44.773,13.85,36.199,68.619,26.212,12.436
97.215,164.63,0.34319,34.148,44.773,13.923,36.053,55.147,46.13,10.057
96.605,146.07,0.32853,33.122,44.626,13.85,35.76,54.002,66.979,17.697
96.727,153.64,0.31632,32.096,44.48,13.85,35.686,63.344,69.7,20.62
96.605,155.59,0.36273,32.682,44.919,13.996,36.053,63.025,62.159,14.585
96.361,157.06,0.35173,33.488,45.432,13.923,36.199,56.037,53.521,14.327
96.238,129.95,0.33708,33.635,45.432,13.923,36.053,59.863,45.165,21.522
95.994,117.24,0.32487,33.488,45.432,13.85,36.053,70.013,47.791,24.067
95.75,141.91,0.32975,33.268,45.432,13.923,36.346,68.597,65.812,23.221
95.628,183.68,0.36028,33.122,45.359,13.923,36.346,61.107,75.631,26.13
95.383,185.64,0.34685,33.415,45.579,13.923,36.199,67.451,63.386,26.748
95.139,166.1,0.33464,34.001,45.725,13.923,36.492,80.154,53.86,20.238
95.139,188.57,0.32242,34.074,45.872,13.923,36.419,75.981,59.342,14.977
94.773,215.19,0.31143,34.001,45.725,13.85,36.053,63.943,54.206,16.977
94.529,189.06,0.35784,33.708,45.506,13.85,35.686,67.028,36.544,22.791
94.406,153.15,0.34441,33.561,45.432,13.996,35.686,72.198,39.309,27.48
94.04,169.27,0.33097,33.195,45.432,13.85,35.54,61.585,58.459,26.304
94.162,173.67,0.31998,32.316,45.359,13.85,35.393,57.249,59.458,19.393
93.796,155.35,0.3383,32.242,45.139,13.923,35.393,70.538,53.049,16.408
93.674,146.56,0.35418,32.609,44.993,13.85,35.393,68.35,68.722,20.826
93.552,180.26,0.34196,32.829,44.846,13.923,35.686,44.05,81.402,21.501
93.552,161.21,0.32731,33.708,44.773,13.923,35.76,37.323,58.529,15.118
93.185,89.155,0.31632,34.294,44.773,13.996,36.126,52.826,31.549,14.139
93.063,57.157,0.34929,34.441,44.919,13.923,36.346,57.979,39.896,21.696
92.941,84.514,0.35173,33.928,44.846,13.996,37.079,57.368,63.401,26.03
92.697,136.3,0.33952,33.561,44.919,13.923,37.079,70.306,69.871,23.327
92.574,164.63,0.32609,33.781,44.846,13.996,37.225,77.112,67.636,20.95
92.33,190.03,0.32609,34.221,44.993,13.923,37.152,69.161,70.88,21.879
92.208,199.07,0.36273,34.441,45.359,13.85,36.786,75.715,68.205,23.522
91.964,200.05,0.34807,34.66,45.579,13.923,36.639,92.312,53.795,23.551
91.72,241.57,0.33586,34.587,45.506,13.776,36.273,80.545,47.91,19.697
91.475,265.51,0.32242,34.221,45.432,13.85,35.613,49.433,60.587,13.323
91.231,213.97,0.31143,33.415,45.213,13.85,34.954,39.483,66.135,11.237
90.987,141.67,0.35662,32.975,44.846,13.85,35.173,51.166,48.516,16.419
90.987,80.117,0.34441,33.122,44.846,13.85,35.393,62.32,40.817,23.45
90.743,92.086,0.33097,33.268,44.773,13.996,36.199,65.703,65.257,26.114
90.62,156.81,0.31876,32.975,44.919,13.923,36.419,56.706,77.991,23.179
90.498,164.88,0.33586,33.561,44.919,13.923,36.346,40.765,49.138,18.252
90.254,91.597,0.35418,34.148,44.919,13.996,36.639,38.567,29.094,16.629
90.132,45.921,0.33952,34.001,44.993,13.996,36.639,44.543,49.937,18.992
90.01,58.134,0.32731,33.488,44.919,14.069,37.372,38.117,64.317,20.617
89.888,84.514,0.31387,33.341,44.919,14.069,37.445,39.538,56.965,18.61
89.888,66.194,0.35662,33.854,44.626,13.996,37.738,67.484,73.189,14.584
89.643,116.27,0.34807,34.514,44.773,14.069,38.178,81.265,94.258,12.43
89.521,202.25,0.33586,35.906,45.432,13.923,38.398,57.282,62.732,16.249
89.155,172.45,0.32487,36.419,45.432,13.923,37.811,41.836,23.996,22.549
89.033,85.735,0.32975,36.273,45.432,13.923,37.738,55.393,48.566,20.541
89.033,91.597,0.3554,35.32,45.432,13.996,37.811,56.057,82.498,12.806
88.911,145.82,0.34319,34.587,45.213,14.069,37.738,36.827,59.935,15.571
88.911,101.86,0.32975,35.247,45.213,13.996,38.031,36.618,36.036,24.73
88.666,50.806,0.31998,35.247,45.139,13.996,38.105,52.704,56.817,18.504
88.544,76.698,0.35784,34.88,45.359,13.996,38.617,52.502,66.784,4.3436
88.3,119.44,0.3554,34.88,45.359,14.069,38.764,44.075,42.715,10.548
88.178,71.324,0.33952,35.173,45.213,14.069,38.617,52.534,37.303,28.232
87.934,68.637,0.32853,35.1,45.139,13.996,38.764,68.765,58.816,24.935
87.934,135.56,0.31387,34.587,44.919,13.996,38.837,71.231,68.19,8.6182
87.811,176.6,0.34685,34.734,44.993,13.996,38.178,62.507,63.876,11.251
87.445,170.25,0.34685,34.954,44.919,13.85,38.031,60.837,58.306,26.567
87.323,146.07,0.33341,34.88,44.919,13.996,37.738,69.648,46.311,27.032
86.957,141.18,0.32242,34.807,44.919,13.923,37.445,69.217,41.236,17.103
86.834,158.04,0.32487,34.587,44.919,13.923,37.079,54.351,52.405,17.319
86.834,149.98,0.35906,33.928,44.846,13.923,36.932,56.018,53.742,24.659
86.59,128.24,0.34319,33.488,44.919,13.996,36.639,82.429,45.379,26.228
86.346,165.12,0.32975,33.268,45.066,13.996,36.639,88.738,58.148,23.791
85.979,251.34,0.31632,33.122,45.286,13.923,36.346,61.978,72.136,22.706
85.857,239.37,0.34929,32.902,45.579,13.923,35.467,53.796,55.986,21.178
85.735,157.55,0.34929,33.122,45.799,13.996,35.393,76.894,51.003,19.587
85.369,165.36,0.33586,33.122,45.725,13.996,35.54,77.957,84.995,21.566
85.247,226.92,0.32364,33.415,45.799,13.996,35.76,45.569,100,25.208
85.002,198.58,0.32609,34.88,45.432,13.996,35.613,28.312,75.095,25.691
85.002,91.109,0.35784,35.833,45.579,13.996,35.833,41.974,69.894,23.186
84.88,70.591,0.34563,35.979,45.506,13.996,36.273,58.209,90.053,21.207
84.636,93.307,0.33219,36.639,45.139,13.996,38.324,61.116,74.116,21.029
84.636,129.95,0.3212,37.372,45.432,13.996,38.398,53.038,32.701,20.928
84.27,93.796,0.35418,37.225,45.359,14.069,38.544,43.151,29.819,19.424
84.27,73.522,0.35296,36.859,45.359,13.996,38.398,44.806,56.988,18.445
84.148,91.353,0.33952,35.686,45.213,14.069,38.544,52.446,65.334,20.735
83.903,115.05,0.32975,35.173,45.066,13.996,38.837,51.904,58.653,23.028
83.781,108.45,0.31754,35.393,44.846,14.069,38.837,56.653,58.734,18.827
83.659,110.16,0.33952,35.54,44.7,14.069,38.691,73.715,58.117,11.077
83.415,151.93,0.35051,35.613,44.7,13.996,38.691,72.712,56.848,10.947
83.415,179.29,0.33708,35.54,44.48,14.069,38.031,52.452,68.16,19.268
83.048,172.94,0.32242,35.247,44.406,13.996,37.665,55.704,78.924,24.011
83.048,155.59,0.31387,35.393,44.48,13.996,37.738,77.641,70.343,21.309
82.56,172.45,0.35784,35.686,44.7,13.996,37.738,73.053,58.477,20.377
82.438,194.19,0.34563,35.613,44.993,13.923,37.372,52.853,63.303,23.344
82.438,172.69,0.33464,35.173,45.066,13.996,37.005,54.601,70.236,22.103
81.949,156.08,0.31998,34.954,45.359,13.923,36.932,65.78,60.55,17.154
81.949,146.31,0.3383,34.954,45.432,14.069,37.298,69.398,46.739,16.737
81.827,142.89,0.3554,34.954,45.506,13.996,37.372,78.591,48.793,19.505
81.583,184.9,0.34074,34.587,45.506,13.996,37.005,83.271,62.642,19.239
81.216,241.08,0.33219,34.074,45.652,13.923,36.859,66.405,72.705,18.721
80.972,231.8,0.31876,33.854,45.799,13.923,36.273,55.396,73.182,21.533
80.728,188.32,0.35173,34.294,45.872,13.996,36.199,66.88,65.143,22.624
80.484,171.23,0.35418,34.441,45.725,13.996,36.346,72.136,54.577,18.698
80.484,159.26,0.34074,34.514,45.432,13.996,36.419,65.152,53.714,14.678
80.362,164.39,0.32853,34.367,45.286,13.996,36.419,62.955,60.977,15.366
80.362,165.12,0.31387,34.148,45.139,13.996,36.419,52.449,56.892,20.15
79.995,141.67,0.33464,34.074,44.773,13.996,36.566,36.066,43.705,23.604
79.751,76.942,0.35051,34.074,44.626,13.996,36.419,50.78,48.912,19.986
79.629,69.37,0.3383,33.854,44.7,14.069,36.712,79.733,68.589,13.727
79.384,161.94,0.32364,33.928,44.846,14.069,37.372,73.449,68.653,15.72
79.14,203.71,0.31387,34.367,45.286,13.923,37.079,56.019,51.919,22.672
79.018,160.72,0.3615,34.367,45.432,14.069,36.712,62.729,49.16,21.381
78.896,139.23,0.34929,34.221,45.506,14.069,36.566,53.791,56.137,15.523
78.652,144.6,0.33464,33.854,45.432,13.923,36.492,21.424,56.202,18.059
78.53,92.086,0.32364,33.635,45.432,14.069,36.639,28.928,63.95,22.845
78.53,52.516,0.32487,33.781,45.213,14.069,36.639,62.646,80.37,17.584
78.407,100.15,0.35906,34.88,45.286,14.069,37.738,48.451,74.245,10.668
78.53,117,0.34563,35.833,45.432,14.069,38.471,20.518,51.902,14.036
78.285,62.531,0.33219,35.979,45.432,14.069,38.398,50.993,56.104,20.307
77.919,58.378,0.3212,35.906,45.506,14.143,38.544,87.142,80.305,19.999
77.919,168.05,0.3383,36.346,45.432,14.143,39.35,65.401,79.077,18.067
77.553,205.18,0.35418,36.932,45.286,13.923,38.911,44.879,52.456,20.459
77.43,128.97,0.34196,36.712,45.213,13.996,38.617,68.561,36.26,24.118
77.308,111.63,0.32731,36.346,45.213,13.996,38.398,76.97,39.096,24.096
77.064,172.45,0.3212,35.76,45.139,13.996,38.251,51.398,47.349,19.927
76.82,164.88,0.36273,34.954,45.066,13.996,37.738,46.627,53.413,16.802
76.575,124.82,0.35173,34.001,44.7,14.069,37.445,61.222,51.432,19.362
76.575,112.12,0.3383,33.635,44.773,14.069,37.298,51.875,42.001,22.461
76.331,105.52,0.32487,33.635,44.846,14.069,37.225,35.464,40.743,19.679
76.331,80.117,0.31143,33.415,44.846,14.069,37.152,43.253,54.674,17.174
76.453,77.675,0.35173,33.048,44.919,14.143,37.225,54.715,67.536,21.005
75.965,113.09,0.34563,33.341,44.773,14.143,37.665,54.861,64.82,23.34
75.965,128.72,0.33219,34.074,44.7,14.143,37.738,61.727,52.824,19.293
75.721,117.24,0.31998,34.367,44.919,14.069,37.592,74.07,46.265,16.308
75.721,144.36,0.32609,34.441,44.993,13.923,37.445,77.185,51.403,15.904
75.354,186.86,0.3554,34.148,45.286,13.996,37.298,78.144,64.363,12.847
75.11,229.36,0.34196,33.928,45.359,13.996,36.859,78.291,78.491,11.925
74.866,240.11,0.33097,34.001,45.579,13.923,36.419,64.524,85.829,18.711
74.744,215.93,0.31876,34.66,45.945,13.996,36.053,50.368,78.536,25.797
74.499,163.65,0.34685,35.247,46.238,13.996,35.979,58.71,66.051,27.955
74.377,140.94,0.34929,35.247,46.238,13.996,36.419,72.155,72.733,29.688
74.133,168.54,0.33952,35.32,46.238,14.069,37.005,63.993,92.657,29.79
73.889,181.97,0.32487,36.053,45.799,14.069,37.592,49.018,88.063,24.134
73.766,138.5,0.32731,37.005,45.579,13.996,37.738,54.149,60.595,19.466
73.644,114.56,0.36028,37.298,45.506,14.069,37.738,73.287,53.675,21.625
73.4,132.88,0.34929,36.859,45.432,14.069,38.251,80.749,65.813,24.308
73.278,199.56,0.33341,36.346,45.139,13.996,38.178,65.482,58.081,23.66
73.034,195.16,0.32487,36.053,44.626,13.996,37.958,44.753,43.898,24.116
72.667,127.26,0.35173,35.76,44.553,13.996,37.665,47.384,60.409,25.716
72.789,118.71,0.35784,35.027,44.553,14.069,37.665,72.086,83.832,24.647
72.545,154.13,0.34441,35.173,44.626,14.069,37.885,83.119,79.468,22.015
72.301,204.2,0.33219,35.979,44.553,14.069,37.885,68.814,72.611,20.097
72.057,213.48,0.31998,35.906,44.626,14.069,37.372,60.69,86.378,19.084
71.935,186.13,0.33708,35.833,44.773,14.069,37.005,71.233,92.939,19.853
71.568,181.97,0.35418,36.419,45.139,14.069,37.225,73.854,75.953,20.92
71.446,183.68,0.34196,36.712,45.286,14.143,37.152,63.593,56.835,18.823
71.202,162.19,0.32731,36.346,45.432,14.069,37.225,68.546,48.628,16.057
71.08,149.49,0.31632,35.979,45.432,13.996,37.298,88.709,49.803,17.623
70.835,205.18,0.35662,35.173,45.286,13.996,36.932,89.794,60.978,21.442
70.713,276.26,0.35173,34.441,45.213,13.996,36.786,64.762,72.575,22.761
70.103,253.3,0.33708,33.928,45.506,13.996,36.053,47.34,74.204,21.573
70.103,183.68,0.32487,34.074,45.799,14.069,35.76,58.182,74.874,20.227
69.98,155.11,0.3383,34.441,45.872,14.069,35.906,74.572,78.581,20.867
69.736,182.46,0.36028,34.954,45.652,14.143,36.566,67.295,71.401,23.479
69.492,185.39,0.34563,35.467,45.432,14.069,36.712,48.667,53.119,23.903
69.492,128.72,0.33341,35.32,45.139,14.069,36.786,53.833,41.078,21.461
69.248,98.925,0.31998,35.1,44.993,14.069,36.859,77.256,44.666,21.917
69.126,144.85,0.35296,34.66,44.993,14.143,37.152,78.658,61.456,23.579
68.759,217.39,0.35662,34.148,44.846,14.069,37.152,58.756,75.798,18.836
68.515,212.99,0.34074,34.001,45.139,13.996,36.639,58.44,66.84,14.683
68.393,168.3,0.32975,34.441,45.432,14.069,36.639,76.469,47.241,22.06
68.149,161.21,0.31754,34.514,45.432,14.069,36.639,72.867,51.325,28.48
67.904,191.01,0.33708,34.221,45.432,14.143,36.273,50.708,69.668,18.48
67.904,176.11,0.35051,33.708,45.506,14.069,36.053,45.552,68.873,6.6194
67.66,138.98,0.33952,33.854,45.579,14.143,36.273,53.667,60.303,11.322
67.416,118.47,0.32487,34.221,45.579,14.143,36.566,52.724,64.066,21.009
67.294,126.53,0.3151,34.514,45.506,14.069,37.005,55.426,60.325,20.553
67.171,127.02,0.3615,34.807,45.359,14.143,37.298,75.912,48.009,18.587
67.049,138.98,0.35051,34.807,45.359,14.069,37.518,92.231,60.473,22.427
66.805,233.02,0.33341,34.807,45.359,14.069,37.372,86.023,86.285,21.729
66.561,286.76,0.3212,34.88,45.506,13.996,36.786,69.879,83.981,14.123
66.317,255.25,0.33097,35.467,45.725,13.996,36.126,57.644,65.155,12.987
65.95,189.55,0.35784,35.393,45.725,14.069,35.979,48.722,61.118,20.271
66.194,141.67,0.34441,34.954,45.652,14.143,36.199,40.144,61.866,21.417
65.828,108.94,0.33219,34.88,45.432,14.069,36.492,31.232,57.549,12.543
65.706,69.37,0.31998,34.954,45.066,14.143,36.712,27.058,59.541,7.5102
65.706,38.593,0.35173,35.1,44.919,14.143,37.152,35.909,60.997,13.181
65.462,42.99,0.35418,35.467,44.846,14.216,37.811,51.187,55.945,19.549
65.584,62.775,0.34074,35.906,44.846,14.216,39.057,55.711,62.042,20.252
65.34,111.14,0.32609,36.199,44.919,14.216,39.13,48.551,72.352,21.606
65.34,124.82,0.31876,36.566,44.919,14.143,38.764,42.128,62.001,25.371
65.095,104.79,0.36517,36.639,44.919,14.143,38.984,43.241,49.254,25.517
64.973,71.324,0.35173,36.566,44.919,14.143,39.057,54.492,57.376,24.685
64.729,88.666,0.33708,36.346,44.846,14.216,39.497,68.328,61.114,28.42
64.729,133.37,0.32731,36.199,44.773,14.143,39.424,62.735,49.806,28.408
64.485,136.79,0.31632,36.199,44.773,14.216,39.13,39.67,55.754,18.737
64.362,115.78,0.35784,35.833,44.773,14.069,38.837,36.978,75.923,13.142
64.485,101.61,0.34563,35.54,44.846,14.069,38.398,63.113,71.491,20.356
64.362,112.6,0.33464,36.053,45.139,14.216,38.984,76.548,46.595,27.444
63.874,140.21,0.32242,36.199,45.286,14.143,39.057,61.132,34.626,25.978
63.874,154.86,0.32731,35.979,45.286,14.069,38.471,49.297,41.182,22.99
63.63,130.19,0.35906,35.467,45.286,14.069,37.885,55.367,55.238,20.186
63.508,128.48,0.34319,34.367,45.286,14.143,37.885,59.71,66.372,15.514
63.263,148.51,0.32975,33.928,45.432,14.143,37.738,54.36,65.187,16.088
63.141,145.82,0.31876,34.367,45.506,14.069,37.665,44.751,62.612,21.905
63.019,126.04,0.35173,34.587,45.432,14.143,37.592,30.893,69.955,20.767
62.897,93.307,0.35051,34.88,45.506,14.143,37.592,23.297,65.935,15.339
63.019,48.852,0.3383,35.393,45.506,14.143,37.885,38.002,48.714,19.461
62.897,33.952,0.32487,35.686,45.432,14.143,37.885,62.612,59.434,26.209
62.775,84.025,0.32364,35.979,45.359,14.216,39.277,71.54,91.675,21.205
62.531,156.81,0.36028,36.786,45.359,14.143,39.35,69.158,88.648,14.931
62.531,172.45,0.34929,37.811,45.652,14.143,39.35,75.483,59.009,21.451
62.286,168.54,0.33464,37.811,45.725,14.069,39.204,84.252,55.685,28.807
61.92,209.82,0.32364,37.152,45.725,14.069,38.837,74.472,65.601,23.922
61.676,234.73,0.32487,36.346,45.506,14.069,37.958,52.013,57.389,17.037
61.431,178.07,0.35906,35.686,45.359,14.069,37.518,42.981,55.616,18.191
61.309,121.15,0.34441,35.32,45.432,14.069,37.298,48.21,68.248,20.452
61.309,117.73,0.33219,35.1,45.432,14.069,37.518,44.992,62.794,19.622
61.065,106.25,0.31754,35.32,45.286,14.143,37.885,38.293,47.641,22.074
60.943,66.439,0.3383,35.467,45.213,14.143,38.105,54.615,47.021,27.08
60.821,68.637,0.35173,35.32,45.213,14.143,38.324,78.705,42.183,25.401
60.699,132.88,0.3383,35.1,45.213,14.069,38.691,70.887,38.741,17.996
60.454,177.82,0.32364,35.027,45.286,14.069,38.251,45.054,71.91,16.498
60.454,172.2,0.31632,34.294,45.139,14.069,37.592,41.908,100,22.911
60.332,126.77,0.35906,35.247,45.286,14.069,37.665,51.293,77.758,25.897
60.21,98.437,0.34563,36.492,45.432,14.143,38.105,51.469,49.631,20.914
59.966,76.209,0.33341,36.566,45.506,14.143,38.398,62.972,70.798,17.579
60.088,126.04,0.32242,36.126,45.432,14.143,38.691,83.91,80.938,21.843
59.599,203.47,0.34319,36.346,45.506,14.143,38.617,71.208,50.551,27.01
59.477,195.41,0.35418,36.639,45.579,14.069,38.251,38.751,48.876,27.025
59.233,136.05,0.34074,35.979,45.725,14.069,37.592,46.618,80.825,23.418
59.355,124.57,0.32731,35.247,45.945,14.069,37.592,79.137,72.879,18.159
58.989,162.68,0.31998,36.053,45.945,14.216,38.398,72.838,36.075,13.085
58.745,167.07,0.36273,35.979,45.945,14.143,38.178,38.727,35.706,12.615
58.5,132.63,0.34929,35.613,46.019,14.143,37.665,28.486,56.959,17.021
58.378,81.827,0.33708,34.66,46.019,14.069,37.372,38.199,63.069,20.692
58.5,65.95,0.32242,34.294,45.945,14.143,37.738,41.484,71.894,21.73
58.378,71.324,0.31754,34.954,45.506,14.216,38.398,42.765,80.596,23.073
58.134,85.979,0.35784,36.126,45.286,14.289,39.13,46.711,59.633,24.349
58.134,77.186,0.34441,36.859,45.066,14.362,39.424,45.445,40.045,22.751
58.134,62.531,0.33097,36.712,45.066,14.216,39.204,41.65,61.806,19.455
57.89,90.132,0.31876,36.492,44.919,14.216,39.424,39.215,85.198,18.292
57.767,84.514,0.33952,36.786,45.213,14.143,39.643,39.952,71.967,20.247
57.767,73.034,0.35418,37.445,45.432,14.216,39.936,55.375,56.478,22.053
57.523,75.965,0.34441,37.665,45.652,14.216,39.936,77.526,60.01,20.95
57.523,155.11,0.32975,37.372,45.725,14.216,40.083,74.52,53.373,19.774
57.279,193.45,0.31754,37.225,45.725,14.143,39.497,51.797,34.672,21.116
56.913,149.98,0.36028,36.786,45.579,14.143,38.984,47.654,33.212,19.52
56.913,103.32,0.35051,36.492,45.506,14.216,38.617,58.581,47.246,12.426
56.79,107.23,0.3383,35.173,45.506,14.216,38.471,57.423,58.287,10.266
56.668,136.79,0.32731,34.294,45.725,14.143,38.178,57.987,66.206,17.628
56.424,150.71,0.33219,34.221,46.019,14.143,38.105,74.556,69.27,20.811
56.302,170.25,0.3615,34.66,45.799,14.143,37.958,78.573,61.802,13.56
56.058,203.22,0.34563,35.027,45.579,14.143,37.592,60.964,54.623,10.665
55.936,184.66,0.33464,34.954,45.432,14.143,37.005,53.89,55.583,19.169
55.569,153.4,0.31998,34.734,45.432,14.216,36.786,60.656,57.203,25.631
55.447,142.16,0.35173,34.514,45.432,14.216,36.932,54.626,59.744,22.485
55.447,143.62,0.35418,34.441,45.432,14.143,37.079,40.936,63.152,17.522
55.447,117.49,0.34319,34.587,45.652,14.143,37.079,40.001,54.669,15.212
55.325,83.048,0.32975,34.734,45.725,14.216,37.445,45.752,44.836,13.192
55.081,58.134,0.31876,34.807,45.799,14.216,37.738,51.698,59.815,12.212
54.958,100.64,0.34685,34.807,45.872,14.289,38.178,63.686,77.552,14.019
54.836,139.96,0.35173,35.173,46.092,14.289,38.324,69.942,60.253,17.601
54.47,154.37,0.3383,35.833,46.092,14.216,38.471,58.728,40.069,21.629
54.47,127.99,0.32609,35.833,46.165,14.216,38.251,50.082,64.121,23.166
54.348,144.11,0.32731,35.32,46.019,14.216,38.251,57.785,97.969,19.623
54.226,152.66,0.35906,36.053,45.725,14.289,38.471,62.089,91.736,15.511
53.981,136.54,0.34441,37.445,45.799,14.143,38.544,56.519,68.993,16.906
53.859,121.89,0.33341,37.811,45.799,14.216,38.544,61.308,64.72,21.816
53.615,138.98,0.3212,37.225,45.872,14.289,38.764,72.034,68.562,25.425
53.615,163.17,0.34441,36.932,45.652,14.216,38.837,64.701,74.231,26.933
53.371,176.84,0.35418,36.932,45.506,14.216,38.764,53.483,86.147,26.643
53.249,150.71,0.34074,37.079,45.652,14.216,38.617,69.702,82.809,25.247
53.004,152.42,0.32975,37.518,45.652,14.143,38.691,94.375,59.744,23.628
52.882,208.11,0.32731,37.445,45.872,14.216,38.691,86.432,53.848,19.509
52.638,256.47,0.36395,36.712,45.725,14.143,38.105,59.167,69.739,13.567
52.394,237.18,0.35051,35.833,45.652,14.143,37.225,55.53,72.535,13.431
52.272,182.95,0.33708,35.467,45.432,14.143,37.005,71.448,64.094,18.809
51.905,167.32,0.32364,35.467,45.359,14.216,37.079,71.496,63.901,18.442
51.783,176.11,0.31387,35.393,45.432,14.216,37.152,52.163,56.453,12.502
51.783,144.85,0.36028,35.247,45.359,14.143,36.932,34.332,43.776,13.797
51.539,75.476,0.34441,35.1,45.286,14.216,36.932,28.7,56.863,22.948
51.539,58.134,0.33097,34.587,45.213,14.216,37.298,42.908,70.916,28.732
51.295,70.591,0.32242,34.807,45.359,14.216,38.031,74.816,42.278,26.848
51.172,91.597,0.35051,35.393,45.432,14.289,38.471,89.494,15.767,18.276
50.928,187.35,0.35418,35.247,45.359,14.143,38.398,63.552,44.355,6.6984
50.806,216.66,0.34074,34.807,45.432,14.143,37.298,35.827,76.701,5.0638
50.562,171.71,0.32975,33.561,45.579,14.216,37.005,47.414,64.342,18.662
50.562,112.85,0.31632,34.001,45.725,14.289,37.079,73.17,52.885,29.538
50.44,118.47,0.35418,34.294,45.872,14.216,37.445,77.007,64.457,25.172
50.073,187.84,0.35051,34.367,45.945,14.143,37.298,72.733,52.951,19.143
49.951,189.55,0.33586,34.441,46.165,14.143,36.859,76.967,24.256,21.246
50.684,215.19,0.32609,34.294,45.945,14.143,36.419,75.538,28.733,21.86
52.394,213.73,0.32975,34.148,45.945,14.069,35.54,69.036,47.198,17.822
54.592,202,0.35906,32.829,45.945,14.069,34.88,75.309,38.842,16.492
56.546,196.87,0.34563,31.876,45.945,14.216,34.587,81.443,32.639,16.306
58.745,210.8,0.33341,31.436,46.019,14.069,34.367,66.938,52.186,14.758
60.943,217.64,0.32242,30.484,45.945,14.069,33.781,52.86,57.814,18.801
63.019,170.49,0.32609,30.337,45.945,14.143,33.561,59.923,37.351,26.482
65.217,124.82,0.36028,30.484,46.092,14.216,33.781,61.747,34.134,25.516
67.66,127.5,0.34319,30.557,46.019,14.362,34.074,41.393,57.155,18.131
69.736,120.91,0.33097,30.191,45.872,14.362,34.148,33.603,71.353,16.773
72.301,96.238,0.31876,30.997,45.725,14.509,34.441,54.578,65.962,19.741
74.621,95.75,0.34441,32.242,45.506,14.509,35.173,62.771,54.814,19.339
76.942,104.3,0.35296,33.048,45.652,14.582,36.199,41.393,45.537,20.303
79.262,91.109,0.34074,33.488,45.579,14.582,36.199,35.677,47.572,26.761
81.705,55.447,0.32853,33.415,45.579,14.656,36.419,60.454,63.897,28.503
84.148,99.658,0.32609,33.635,45.725,14.582,37.005,67.142,73.625,18.669
86.59,150.22,0.36395,34.221,46.092,14.582,37.372,44.169,66.559,9.452
88.666,132.63,0.35051,34.954,46.385,14.582,37.518,41.696,64.606,14.251
91.231,108.94,0.33586,35.173,46.312,14.656,37.811,66.816,74.793,24.697
93.552,130.19,0.32364,35.686,46.092,14.656,37.885,71.328,72.263,23.04
95.75,163.17,0.31387,36.199,45.725,14.656,38.324,53.213,53.776,12.541
98.192,134.1,0.36028,36.273,45.579,14.582,38.251,52.336,49.093,12.263
100.64,107.47,0.34563,36.053,45.432,14.582,38.105,63.987,65.248,22.35
103.08,140.94,0.33219,35.76,45.213,14.582,38.324,63.379,76.506,24.594
105.52,165.61,0.3212,35.833,44.993,14.656,38.398,64.403,72.986,17.515
107.84,168.78,0.34441,36.273,44.993,14.582,38.324,72.428,67.567,16.021
110.04,172.94,0.35662,36.199,45.066,14.582,37.958,61.335,61.759,20.093
112.48,166.34,0.34074,36.126,45.286,14.656,37.811,42.123,51.012,19.15
114.8,112.6,0.32853,35.76,45.139,14.509,37.592,51.228,46.829,16.592
117.24,83.781,0.31754,35.467,45.066,14.582,37.592,70.536,54.776,19.391
119.57,126.77,0.36028,35.1,44.993,14.582,38.031,65.942,58.24,21.996
121.76,149,0.35296,34.807,44.919,14.656,37.885,59.77,51.291,21.356
124.21,139.47,0.34074,34.734,44.919,14.582,37.518,70.693,48.398,22.9
126.4,147.29,0.32853,34.514,44.993,14.656,37.152,64.839,50.617,23.344
128.72,158.77,0.3151,34.294,45.139,14.509,37.005,35.403,49.554,15.718
131.05,108.94,0.34807,33.854,45.213,14.582,36.786,28.082,53.499,8.092
133.49,65.95,0.35051,33.708,45.432,14.582,36.786,52,62.571,11.264
136.17,79.384,0.33586,33.781,45.506,14.656,37.225,67.275,57.296,19.84
138.37,109.18,0.32731,34.294,45.506,14.656,37.885,62,47.519,24.521
140.57,122.37,0.32975,34.587,45.506,14.656,37.592,55.464,63.709,26.053
142.77,149.24,0.35906,34.514,45.579,14.582,37.592,48.975,86.542,26.886
145.09,134.34,0.34807,35.1,45.579,14.509,37.518,35.625,77.527,26.431
147.41,100.39,0.33464,36.053,45.799,14.509,37.811,27.828,61.301,26.116
149.98,55.936,0.3212,36.419,46.092,14.582,38.178,40.162,74.014,26.187
152.42,61.553,0.31143,36.566,46.092,14.582,38.617,66.39,82.654,23.638
154.62,108.7,0.35784,37.372,46.019,14.582,39.79,84.291,54.417,20.09
157.06,174.4,0.34685,37.811,45.799,14.436,39.57,78.807,25.841,20.52
159.01,226.18,0.33097,37.665,45.872,14.362,39.057,61.763,27.177,22.948
161.21,202.49,0.31998,37.372,45.725,14.289,38.031,55.346,34.077,21.742
163.65,145.58,0.32731,36.492,45.652,14.362,37.445,58.176,34.329,18.129
165.49,125.79,0.35662,35.613,45.725,14.289,37.079,56.268,45.636,17.014
168.05,122.37,0.34319,33.708,45.506,14.289,36.712,53.639,63.408,19.108
170,141.18,0.32975,32.535,45.432,14.362,36.786,57.228,69.317,22.673
172.45,141.67,0.31876,33.048,45.213,14.362,36.712,57.411,65.664,25.885
174.52,145.09,0.35173,33.854,45.286,14.289,36.786,51.335,56.679,25.328
176.72,122.62,0.35173,34.294,45.139,14.289,36.786,51.286,41.626,20.302
179.16,90.132,0.3383,34.367,45.213,14.289,36.859,57.091,36.107,17.084
181.49,97.215,0.32975,34.221,45.213,14.216,36.932,55.095,51.773,20.314
182.83,99.902,0.31387,33.781,45.286,14.289,37.079,43.699,72.221,24.548
182.95,118.47,0.34929,33.708,45.286,14.216,37.372,36.91,81.943,23.063
182.71,96.727,0.34807,34.66,45.945,14.143,37.518,49.482,85.901,18.308
182.71,86.957,0.33586,36.126,46.385,14.289,38.178,77.142,88.66,15.514
182.34,144.11,0.32364,37.152,46.605,14.143,38.911,87.164,85.881,15.074
182.1,214.95,0.32364,37.738,46.751,13.923,38.617,60.075,72.307,17.525
181.97,201.03,0.35906,37.518,46.751,13.923,38.324,34.581,49.555,23.68
181.61,111.63,0.34563,37.079,46.532,13.923,38.178,51.982,38.854,26.383
181.49,75.721,0.33097,36.712,46.458,13.996,38.178,78.308,60.387,18.683
181.36,154.62,0.31998,35.906,46.165,13.996,38.984,61.103,89.039,10.39
181.12,191.74,0.35051,36.126,45.359,13.996,38.617,26.569,85.921,15.662
181,112.6,0.35296,37.225,45.359,13.923,38.398,31.493,66.27,26.903
181.12,50.562,0.3383,37.445,45.506,14.069,38.324,62.597,62.586,26.025
181.12,83.048,0.32731,37.372,45.506,13.996,39.13,68.817,58.748,17.217
180.87,131.41,0.32731,37.372,45.432,14.069,39.57,51.321,39.008,19.738
180.75,115.29,0.36028,37.152,45.139,13.923,39.204,48.609,35.004,31.447
180.39,92.33,0.34441,36.932,44.993,13.923,39.13,65.305,58.826,30.951
180.39,133.12,0.33097,35.833,44.773,13.996,39.204,73.37,73.232,16.387
180.14,177.58,0.3212,35.54,44.846,13.923,38.984,64.648,63.581,9.5795
179.9,171.23,0.33219,35.686,45.213,13.85,38.471,58.391,54.852,17.12
179.78,143.62,0.35296,35.686,45.579,13.85,37.958,62.366,57.668,20.778
179.9,144.11,0.33952,35.467,45.872,13.923,37.811,60.995,63.78,14.145
179.41,158.28,0.32609,35.173,45.945,13.923,37.665,47.751,66.404,13.574
179.53,141.67,0.3151,35.1,46.092,13.996,37.811,41.198,56.643,24.112
179.41,95.017,0.35051,35.173,46.092,13.923,37.885,54.752,43.144,30.717
179.16,70.103,0.34685,35.173,45.945,13.85,38.031,71.482,53.165,28.441
178.92,128.24,0.3383,34.954,46.092,13.996,38.398,68.477,72.445,26.004
178.68,179.53,0.32242,34.88,46.165,13.923,38.031,54.736,57.196,23.408
178.55,146.31,0.33708,35.027,46.238,13.996,37.738,59.198,30.058,18.308
178.43,117,0.3554,35.1,46.165,13.923,37.665,80.343,51.042,18.221
178.43,175.87,0.34441,34.587,46.238,13.85,37.592,83.357,96.039,21.826
178.19,262.58,0.32975,34.88,46.019,13.85,37.518,62.059,95.228,17.832
177.7,229.12,0.31876,36.346,45.945,13.85,37.005,54.934,59.134,13.181
177.7,144.36,0.36395,36.639,45.945,13.85,36.712,75.249,45.158,20.848
177.7,143.62,0.35418,36.199,46.019,13.923,36.786,86.563,59.483,26.888
177.45,226.92,0.33708,35.54,45.872,13.85,37.152,70.62,78.822,17.384
177.21,241.57,0.32731,35.027,45.725,13.85,36.712,50.969,90.17,11.351
176.84,194.92,0.33586,35.76,45.945,13.923,36.712,42.873,75.458,21.696
176.72,128.72,0.36028,36.273,46.238,13.923,36.932,45.017,43.045,28.029
176.84,65.462,0.34441,36.346,46.165,13.923,37.225,58.341,46.154,21.332
176.84,84.27,0.33464,35.833,46.238,13.923,37.958,67.058,88.013,19.15
176.36,144.11,0.3212,35.54,45.799,13.996,38.471,55.868,94.967,23.181
176.23,156.33,0.32487,37.079,45.872,13.923,38.324,52.893,51.326,20.929
176.11,93.307,0.35662,37.592,45.872,13.923,38.398,75.015,30.48,18.716
176.11,121.4,0.34074,37.372,45.872,13.923,38.617,78.237,48.052,22.267
175.62,187.84,0.32731,36.273,45.872,13.85,38.324,50.685,41.823,18.735
175.5,171.23,0.31632,35.54,45.799,13.923,37.738,48.819,15.11,10.575
175.38,112.12,0.35296,35.613,45.725,13.85,37.518,73.616,33.391,15.114
175.38,131.41,0.35173,34.954,45.652,13.923,37.225,66.823,82.698,22.612
175.13,190.03,0.33708,32.535,45.286,13.923,36.859,47.207,86.917,15.14
174.89,149,0.32731,34.221,45.872,13.923,36.566,65.826,46.026,8.4296
174.65,103.81,0.32853,35.027,45.799,13.923,36.639,80.503,28.309,17.358
174.65,174.89,0.3615,34.88,45.945,13.85,36.859,55.461,52.761,21.881
174.28,184.9,0.34441,34.001,45.799,13.85,36.126,53.022,74.33,12.182
174.16,169.03,0.33341,33.341,45.799,13.923,36.053,85.091,63.382,10.22
174.04,194.92,0.3212,34.001,45.799,13.85,36.492,72.649,42.342,20.909
173.79,202.98,0.35051,34.148,45.945,13.85,35.979,26.013,49.285,24.395
173.55,131.66,0.3554,33.708,46.312,13.996,35.686,29.944,83.163,20.119
173.42,80.85,0.34196,33.488,46.605,13.923,35.833,60.858,99.059,20.818
173.55,93.307,0.32975,35.76,46.605,13.923,37.152,50.89,72.779,20.013
173.18,101.37,0.31632,36.859,46.678,13.996,37.958,38.693,40.03,11.732
173.18,59.844,0.34563,36.786,46.678,13.996,38.105,64.886,39.413,10.939
172.94,77.919,0.34807,36.273,46.605,13.923,38.544,75.272,58.879,22.988
173.06,164.88,0.33708,35.833,46.532,13.923,38.764,51.531,70.811,30.038
172.57,171.23,0.32242,35.613,46.165,13.923,38.471,51.493,70.846,23.949
172.57,142.89,0.32975,35.906,45.945,13.923,38.691,75.582,62.889,17.469
172.33,159.01,0.35784,36.346,45.945,13.923,38.691,73.251,53.59,18.862
172.2,176.6,0.34319,36.126,45.799,13.85,38.251,56.703,58.885,22.485
171.96,169.52,0.32853,35.833,45.725,13.85,37.811,65.006,77.475,21.307
171.71,175.38,0.31754,35.76,45.579,13.923,37.811,82.454,84.269,14.18
171.59,212.26,0.36273,36.273,45.579,13.996,37.885,79.8,74.114,6.9445
171.47,231.07,0.35173,36.639,45.799,13.85,37.518,61.324,68.543,7.5646
171.1,205.18,0.3383,36.126,45.799,13.85,36.932,42.679,72.045,13.887
170.86,151.2,0.32487,35.833,45.872,13.923,37.005,36.797,70.275,16.002
171.1,99.902,0.33586,35.833,45.799,13.923,37.298,46.277,62.854,14.322
170.86,84.514,0.35906,36.053,45.652,13.996,37.958,52.985,57.522,17.464
170.74,99.17,0.34319,36.053,45.652,13.996,38.398,48.003,52.919,22.728
170.62,89.643,0.33219,36.126,45.725,13.996,38.764,47.036,50.831,21.289
170.62,76.698,0.31998,36.053,45.652,13.996,38.911,52.954,58.24,17.536
170.37,101.61,0.36517,35.979,45.652,13.996,39.13,56.999,70.569,19.688
170.13,129.7,0.35296,35.906,45.799,13.996,38.984,69.137,76.246,22.132
169.88,161.21,0.33952,36.346,45.945,13.996,39.057,85.885,71.461,18.726
169.88,207.62,0.32731,36.639,46.092,13.923,38.984,76.947,58.685,16.088
169.39,230.58,0.31387,36.419,46.165,13.923,38.031,50.508,43.565,16.534
169.52,166.59,0.3615,36.126,45.945,13.85,37.445,48.174,34.157,12.589
169.27,115.29,0.34563,35.686,45.872,13.923,37.225,60.966,34.69,8.5492
169.15,111.63,0.33219,35.173,45.725,13.85,37.592,52.516,44.944,16.024
168.91,110.65,0.31876,34.148,45.652,13.996,37.298,40.64,60.522,26.687
168.78,112.36,0.34563,33.122,45.432,13.923,37.152,56.114,69.781,24.773
168.54,116.51,0.3554,33.708,45.506,14.069,37.445,77.368,68.994,17.297
168.54,165.85,0.34074,34.587,45.945,13.923,37.592,80.93,72.386,17.31
168.17,215.93,0.32731,35.027,46.312,13.923,37.372,81.05,81.899,18.456
167.93,255.01,0.31754,35.393,46.092,13.85,37.079,82.949,77.234,15.196
167.68,260.38,0.3615,35.613,46.165,13.85,36.566,75.427,59.407,16.729
167.44,236.93,0.34685,35.54,46.238,13.85,35.979,67.483,52.989,22.842
167.2,194.92,0.33464,35.027,46.092,13.85,35.686,67.809,56.444,23.167
167.07,181.73,0.32242,34.587,46.165,13.996,35.906,61.824,52.831,22.02
167.07,158.28,0.35418,34.221,46.019,13.85,36.126,49.303,51.15,26.587
166.71,122.37,0.35662,33.928,46.092,13.923,36.199,52.057,57.207,27.33
166.83,112.85,0.34196,33.781,46.092,13.996,36.199,67.597,52.815,21.274
166.46,127.26,0.32853,33.854,46.092,13.923,36.566,69.361,43.034,21.883
166.22,141.91,0.31632,33.928,46.165,13.996,36.786,52.274,50.502,27.816
166.34,142.16,0.34929,33.635,46.238,13.923,36.566,37.704,60.85,24.736
166.1,115.53,0.34929,33.415,46.019,13.923,36.786,42.674,56.354,17.748
165.85,75.232,0.33464,33.781,45.432,13.923,36.932,61.877,59.899,17.479
165.61,102.83,0.32364,34.294,45.139,13.996,37.592,71.734,73.938,14.739
165.49,164.39,0.32975,34.88,45.213,13.996,37.738,60.157,63.544,6.8423
165.49,159.01,0.35662,35.393,45.359,13.996,37.665,51.413,42.018,10.269
165.24,114.56,0.34319,35.467,45.432,13.923,37.518,67.957,55.372,22.891
165,135.81,0.32853,35.027,45.506,13.923,37.592,81.376,81.655,23.082
164.88,204.93,0.31632,34.88,45.725,13.996,37.738,58.161,72.156,12.771
164.63,199.32,0.36273,35.393,45.945,13.85,37.298,29.227,49.376,10.983
164.51,98.925,0.34807,35.247,46.019,13.996,37.079,40.496,52.424,16.657
164.26,57.401,0.33464,34.88,46.092,13.923,37.152,69.416,62.238,19.521
164.39,109.67,0.32242,34.88,46.092,13.996,38.031,72.118,59.195,21.231
164.14,155.11,0.34074,35.1,45.945,13.996,38.031,65.312,61.437,21.014
163.9,170.49,0.35662,35.173,45.725,13.996,37.885,76.692,69.777,14.732
163.9,192.23,0.34319,35.393,45.799,13.923,37.811,77.762,65.41,11.509
163.65,219.1,0.32975,35.393,45.579,13.85,37.445,49.709,60.314,17.416
163.29,178.55,0.31632,35.247,45.359,13.85,37.005,38.434,75.529,20.515
163.17,132.14,0.33586,35.1,45.213,13.923,36.786,69.302,93.06,17.566
163.04,135.08,0.35173,36.199,45.213,13.996,37.518,94.761,81.167,21.039
162.92,210.31,0.33708,37.225,45.359,13.923,37.885,82.067,45.791,28.058
162.43,241.57,0.32364,36.859,45.506,13.923,37.298,61.356,27.601,25.246
162.31,203.22,0.32609,36.639,45.506,13.85,36.346,58.376,48.743,19.052
161.94,163.17,0.35784,35.247,45.359,13.85,36.053,64.621,76.985,19.805
161.94,177.33,0.34319,33.708,45.286,13.923,36.273,72.056,70.952,18.715
161.82,176.11,0.32975,34.148,45.359,13.996,36.566,75.055,47.543,13.432
161.7,174.89,0.31876,34.367,45.506,13.923,36.199,69.772,49.29,18.497
161.33,183.19,0.35051,34.148,45.725,13.85,35.833,74.987,67.844,30.612
161.21,201.51,0.35051,33.708,45.725,13.923,35.979,96.472,69.346,29.556
160.85,253.54,0.3383,33.781,45.652,13.85,36.053,94.916,59.541,18.468
160.48,295.07,0.32364,34.001,45.652,13.923,35.32,60.74,59.622,16.954
160.23,259.65,0.32853,33.781,45.579,13.85,34.367,51.06,64.084,24.116
160.11,188.08,0.35906,33.415,45.652,13.85,34.587,83.557,64.359,28.036
160.23,197.61,0.34563,33.341,45.579,13.85,34.807,97.672,65.635,30.054
159.75,264.04,0.33219,33.635,45.579,13.85,35.1,69.997,67.007,31.865
159.5,262.34,0.31998,33.635,45.652,13.85,34.734,48.33,63.54,27.664
159.14,191.99,0.32853,33.561,45.725,13.85,34.807,54.663,58.923,21.512
159.14,132.63,0.35418,33.561,45.725,13.923,34.954,67.187,58.631,21.64
158.89,142.16,0.33952,33.708,45.799,13.923,35.54,77.026,65.784,22.107
158.65,184.9,0.32731,33.928,45.725,13.85,35.906,77.409,75.55,18.199
158.4,220.32,0.31387,34.294,45.799,13.85,36.126,53.437,72.376,19.493
158.28,192.23,0.35784,34.734,45.872,13.85,35.979,28.424,61.46,25.642
158.16,108.21,0.34685,34.734,45.799,13.85,35.979,39.713,72.983,21.79
158.04,78.163,0.33586,34.88,45.945,13.996,36.346,65.663,98.858,11.362
158.04,116.76,0.31998,36.419,45.652,14.069,37.738,65.667,93.167,14.05
157.67,138.98,0.3383,37.811,45.579,13.996,38.031,57.257,61.961,27.703
157.67,128.48,0.35662,38.105,45.506,13.923,38.324,68.968,54.712,32.022
157.55,130.43,0.34196,37.445,45.432,13.996,38.471,77.165,67.296,24.415
157.3,189.55,0.32853,36.712,45.213,13.996,38.691,60.327,63.938,18.2
157.06,181,0.31876,36.273,45.066,13.85,38.178,46.471,58.331,18.144
156.81,131.17,0.36273,36.053,45.139,13.923,37.885,55.914,71.712,20.907
156.81,134.34,0.35173,35.76,45.359,13.923,37.958,65.061,78.683,23.351
156.45,156.08,0.33708,36.126,45.359,13.923,38.105,58.285,64.474,21.471
156.33,144.85,0.32487,36.346,45.432,13.996,38.031,53.171,52.944,16.531
156.2,113.83,0.34074,36.126,45.213,13.923,37.958,56.998,54.082,16.399
156.2,113.09,0.36028,35.833,45.066,13.85,37.885,54.867,60.214,20.611
155.84,134.34,0.34441,35.467,44.919,13.996,37.958,48.311,71.202,21.731
155.72,133.85,0.33341,35.467,44.846,13.923,38.105,51.769,74.302,22.33
155.72,129.7,0.3212,35.906,44.993,13.923,38.178,53.925,55.984,26.871
155.47,101.37,0.3383,36.126,45.139,13.923,38.251,39.671,41.872,28.035
155.35,70.591,0.35418,36.053,45.286,13.923,38.251,34.273,54.975,24.069
155.35,61.553,0.33952,35.54,45.213,13.996,38.544,60.444,67.929,25.698
155.23,103.08,0.32731,35.54,45.286,13.996,38.837,81.826,58.042,30.326
154.86,172.2,0.3151,35.76,45.359,13.923,38.764,61.787,47.938,23.998
154.86,190.28,0.3615,35.686,45.579,13.996,38.178,35.062,55.13,12.906
154.62,123.11,0.34685,35.393,45.652,13.923,37.811,47.008,67.919,13.275
154.62,104.54,0.33464,34.807,45.799,13.923,37.738,74.068,76.238,19.336
154.25,152.42,0.31998,35.467,45.799,13.996,38.471,72.757,78.628,18.568
154.25,191.26,0.33952,36.053,45.799,13.923,38.178,54.796,78.507,16.615
154.01,178.55,0.3554,36.199,46.019,13.85,37.885,55.962,84.651,18.901
153.88,151.69,0.34196,36.566,46.019,13.923,37.958,72.253,87.278,18.364
153.76,161.21,0.32975,37.225,45.945,13.923,38.031,74.164,66.913,15.679
153.4,174.65,0.31876,37.372,45.872,13.923,38.251,63.207,45.393,18.359
153.27,149.73,0.36517,37.079,45.872,13.996,38.031,70.398,57.41,21.87
153.03,170.25,0.35173,36.273,45.799,13.923,38.105,93.386,77.242,20.918
152.78,236.2,0.33586,35.686,45.725,13.85,38.031,86.996,64.217,22.336
152.66,274.06,0.32364,35.686,45.799,13.85,37.079,46.761,44.252,26.714
152.17,201.27,0.31387,35.393,45.652,13.923,36.199,32.992,55.349,24.684
152.17,112.12,0.35906,34.514,45.725,13.85,35.906,67.106,73.324,18.979
152.05,128.72,0.34441,34.221,45.652,13.923,36.712,92.961,65.884,18.999
151.69,206.64,0.33219,34.88,45.213,13.923,37.152,80.735,50.111,19.888
151.56,244.02,0.31998,34.807,45.286,13.776,36.566,63.387,48.921,16.231
151.32,213.73,0.3383,34.514,45.286,13.85,35.76,54.378,53.913,17.686
151.32,163.65,0.35296,33.781,45.139,13.85,35.76,40.747,53.465,27.279
150.95,103.08,0.33952,33.341,44.993,13.923,35.76,39.219,51.999,30.61
150.95,78.163,0.32731,33.415,44.993,13.85,35.979,61.462,52.778,22.595
150.71,85.735,0.31754,33.415,45.286,13.923,36.566,76.249,47.443,15.838
150.59,141.67,0.3615,33.561,45.286,13.996,36.859,69.044,34.755,15.111
150.22,166.1,0.34807,33.561,45.286,13.85,36.419,62.491,36.277,12.65
150.34,159.5,0.33464,33.268,45.359,13.85,36.053,60.475,62.657,9.914
150.1,166.59,0.32242,32.389,45.432,13.85,35.76,51.607,78.414,15.936
149.73,162.43,0.34196,32.829,45.799,13.85,35.979,44.095,55.522,25.26
149.61,102.34,0.3554,33.635,46.019,13.996,36.199,43.481,32.645,23.672
149.49,65.95,0.34196,33.635,45.945,13.996,36.346,47.298,46.344,14.493
149.36,68.393,0.32975,33.195,45.945,14.069,36.859,64.923,59.534,14.219
149.24,118.22,0.31632,33.268,46.019,13.996,37.079,83.301,40.733,23.273
149,171.47,0.36395,33.341,45.945,13.996,37.079,66.372,30.828,26.731
148.75,189.3,0.35173,33.341,45.799,13.85,36.419,31.768,56.191,22.345
148.88,136.3,0.33708,32.755,45.652,13.923,35.833,32.696,75.036,20.977
148.63,95.506,0.32487,32.682,45.725,13.923,35.906,60.005,62.469,23.091
148.63,93.796,0.31632,33.708,45.799,13.923,36.712,72.067,50.212,21.533
148.39,123.84,0.35784,34.221,45.799,14.069,37.225,74.126,59.09,19.483
148.27,180.26,0.34685,34.367,45.799,13.923,37.152,75.663,72.334,22.041
147.9,211.53,0.33219,34.587,45.725,13.85,36.932,61.027,73.44,23.8
147.66,195.41,0.31998,34.954,45.432,13.85,36.859,48.171,62.73,21.619
147.53,148.75,0.34807,35.027,45.359,13.923,36.786,64.515,53.01,20.641
147.53,120.42,0.35173,34.954,45.432,13.996,36.786,82.746,59.516,20.398
147.17,184.42,0.33952,35.027,45.432,13.996,37.225,80.163,75.852,16.499
146.92,236.2,0.32609,34.88,45.432,13.85,36.859,81.074,78.287,12.649
146.43,245.97,0.32731,35.1,45.579,13.85,36.492,83.934,63.836,12.193
146.56,254.03,0.35906,35.173,45.725,13.85,35.906,67.228,53.211,11.417
146.19,224.96,0.34807,34.807,45.872,13.923,35.467,59.403,57.852,12.1
146.07,174.89,0.33341,34.221,45.652,13.923,35.467,77.397,68.234,19.199
145.82,193.94,0.3212,33.928,45.213,13.923,35.76,74.847,66.252,25.805
145.58,211.77,0.36761,34.074,44.846,13.85,35.833,47.216,47.317,24.292
145.58,151.2,0.35296,34.074,44.919,13.85,35.467,52.545,36.274,21.355
145.33,104.3,0.33952,33.781,44.846,13.85,35.613,84.954,55.296,22.442
144.97,179.78,0.32609,33.195,44.919,13.85,36.126,87.355,81.441,22.351
144.85,258.18,0.31387,33.415,44.993,13.923,35.833,69.922,82.32,21.654
144.6,246.46,0.35784,34.221,45.213,13.85,35.247,69.288,70.385,25.497
144.36,202.49,0.34807,34.587,45.359,13.85,35.173,65.718,70.817,27.367
143.99,183.68,0.33464,34.441,45.359,13.85,35.247,46.713,76.311,21.221
143.99,159.01,0.3212,34.66,45.286,13.923,35.613,45.645,73.011,16.799
143.99,121.89,0.33952,34.954,45.286,13.923,36.053,64.355,63.634,20.269
143.75,124.57,0.35418,35.247,45.286,13.923,36.712,65.471,51.037,21.438
143.62,130.19,0.34074,35.247,45.432,13.923,37.005,47.788,40.841,15.965
143.5,107.72,0.32609,35.1,45.432,13.923,37.152,45.391,45.086,14.81
143.14,86.957,0.32853,34.587,45.432,13.996,37.372,67.384,56.527,22.224
143.38,120.18,0.36028,34.074,45.432,13.85,37.738,83.759,53.792,27.805
142.77,185.39,0.34563,34.074,45.432,13.85,37.372,66.661,39.086,25.689
142.65,190.52,0.33464,34.148,45.286,13.923,36.712,38.338,33.758,23.666
142.4,127.99,0.32242,33.781,45.213,13.85,36.199,45.506,44.308,28.043
142.53,84.025,0.35418,33.122,45.139,13.996,36.199,73.22,56.355,31.556
142.28,127.02,0.35418,32.462,45.139,13.996,36.492,66.911,53.908,25.882
142.04,155.35,0.33952,32.462,45.066,13.996,36.053,45.839,43.147,18.265
141.79,119.44,0.32731,32.755,44.993,13.923,35.76,65.375,48.17,19.887
141.67,122.37,0.3151,32.462,44.773,13.923,36.053,91.396,66.866,25.329
141.43,213.73,0.35784,32.609,45.066,13.996,36.126,66.645,71.63,23.981
141.3,229.85,0.34685,33.122,45.432,13.923,35.467,33.994,70.18,19.979
140.94,156.57,0.33219,33.561,45.652,13.923,35.247,47.417,88.496,20.21
141.18,106.74,0.31876,34.367,45.945,13.996,35.613,70.569,100,21.318
140.69,138.5,0.34074,36.126,46.165,13.996,36.712,69.77,77.924,22.673
140.45,159.75,0.35418,36.859,46.312,13.996,37.005,69.63,58.206,26.762
140.45,157.79,0.34196,36.786,46.312,13.85,37.372,70.144,61.449,25.863
140.08,175.13,0.32853,36.199,46.165,13.85,37.445,50.784,46.859,16.865
139.84,131.17,0.3212,35.833,45.872,13.85,37.372,41.46,22.038,13.561
139.84,84.025,0.36028,35.76,45.799,13.923,37.518,67.873,38.504,19.635
139.59,102.34,0.34685,35.027,45.506,13.923,37.592,87.827,66.922,21.147
139.59,209.57,0.33464,33.708,45.359,13.996,37.665,66.482,53.252,18.363
139.35,212.02,0.32242,33.781,45.139,13.85,36.859,36.491,36.821,22.633
139.11,127.26,0.35418,33.708,44.919,13.923,36.199,39.595,56.932,26.76
139.11,95.261,0.35418,33.122,44.846,13.923,36.053,71.19,72.166,21.648
138.98,140.69,0.34196,33.488,44.406,14.069,36.786,92.398,67.404,18.252
138.62,213.73,0.32487,34.294,44.333,13.923,36.786,72.818,72.756,21.202
138.37,243.04,0.31387,34.587,44.553,13.85,36.199,31.091,70.934,20.327
138.13,174.65,0.35906,34.587,44.846,13.85,35.906,14.431,48.446,18.673
138.13,63.508,0.34807,34.66,44.846,13.996,35.906,29.698,49.436,22.719
138.25,32.731,0.33464,34.367,44.773,13.996,35.906,46.012,69.72,20.947
137.88,61.798,0.32242,34.66,44.993,13.996,37.225,55.415,58.543,12.142
138.01,94.284,0.32853,35.173,45.579,14.143,37.885,66.551,43.454,14.069
137.64,102.34,0.3554,35.32,45.725,14.069,38.105,71.016,64.98,23.274
137.4,169.76,0.34441,35.173,45.945,13.85,38.251,67.303,74.311,22.853
137.52,188.57,0.32975,35.173,46.312,13.996,38.031,67.719,54.958,21.929
137.27,156.57,0.31632,35.32,46.312,13.923,37.811,64.77,67.714,28.796
137.03,171.96,0.3615,35.247,46.238,13.923,37.665,49.63,95.728,25.065
136.66,175.62,0.35051,35.906,45.725,13.996,37.738,42.226,75.798,11.753
136.54,113.83,0.33586,36.932,45.286,13.996,37.665,51.376,53.58,14.518
136.54,85.735,0.32364,36.786,45.139,14.069,37.885,55.917,79.088,24.489
136.54,127.26,0.34196,36.712,44.993,14.069,38.544,52.974,86.826,14.993
136.42,129.21,0.35906,37.298,44.919,14.069,38.691,59.173,52.389,2.7761
136.17,97.948,0.34319,37.518,45.213,13.996,38.691,66.874,51.187,12.895
135.93,122.37,0.32975,37.079,45.213,13.996,38.764,62.376,82.262,26.64
135.69,169.03,0.31754,36.492,45.286,13.923,38.837,56.996,76.119,25.323
135.44,156.08,0.36517,36.859,45.066,13.923,38.691,54.742,51.987,22.709
135.44,111.38,0.35173,36.639,45.139,13.923,38.544,41.573,57.996,23.745
135.2,96.483,0.33952,36.273,45.286,13.996,38.398,30.408,67.183,18.544
135.2,78.896,0.32609,35.979,45.286,13.996,38.544,50.542,61.731,14.413
135.08,75.965,0.31387,36.199,45.213,14.069,38.691,83.617,64.039,19.067
134.83,154.86,0.3615,36.419,45.139,13.996,39.277,81.765,60.447,21.425
134.71,222.28,0.34685,36.419,45.139,13.85,38.617,51.497,43.762,18.12
134.22,179.04,0.33219,36.126,45.066,13.996,37.738,44.153,55.117,17.225
134.1,124.82,0.31876,35.32,45.066,13.996,37.518,62.513,84.648,17.102
134.1,141.18,0.35051,35.027,45.139,13.85,37.958,63.342,74.279,17.463
133.85,151.44,0.35418,35.833,45.359,13.923,37.811,52.549,42.769,24.004
133.85,107.23,0.33952,35.906,45.506,13.923,37.592,71.269,46.663,28.513
133.61,127.5,0.32853,35.393,45.506,13.996,37.738,93.133,68.333,24.751
133.24,228.14,0.32853,34.807,45.506,13.923,37.592,64.758,72.197,25.717
132.88,232.78,0.36273,34.66,45.725,13.923,37.005,26.048,70.021,29.777
132.88,145.82,0.34563,34.807,45.652,13.85,36.492,45.843,67.343,19.706
132.76,91.109,0.33341,34.88,45.799,13.923,36.639,89.49,58.145,8.7697
132.63,160.48,0.31876,35.247,45.872,13.923,37.445,91.794,58.766,17.45
132.39,250.12,0.35418,35.32,45.799,13.85,37.079,73.326,65.177,25.102
132.02,260.14,0.35296,34.954,45.725,13.85,36.419,68.948,54.002,16.335
132.02,210.55,0.3383,34.66,45.652,13.85,35.833,60.523,47.294,16.928
131.53,162.43,0.32609,34.367,45.506,13.85,35.686,48.298,68.485,30.021
131.66,152.17,0.31265,33.781,45.579,13.996,35.833,58.484,81.707,24.833
131.41,148.51,0.35173,34.367,45.432,13.85,36.346,74.253,70.619,9.1622
131.05,157.06,0.34563,35.173,45.579,13.996,36.712,71.681,71.936,13.502
131.17,190.03,0.33219,35.467,45.506,13.85,36.859,68.277,81.668,23.765
130.56,192.72,0.31998,35.76,45.652,13.923,36.786,68.007,63.878,18.925
130.43,169.03,0.33708,35.906,45.579,13.923,36.786,54.115,39.596,16.895
130.31,124.08,0.35296,35.686,45.579,13.923,36.932,42.992,39.822,23.634
130.31,93.307,0.3383,35.247,45.506,13.923,36.932,48.382,42.776,19.131
130.19,74.499,0.32609,34.66,45.432,13.996,37.225,50.214,41.741,11.126
129.95,79.873,0.31876,34.148,45.286,14.069,37.445,54.353,60.317,16.965
129.95,117.24,0.36028,33.708,45.213,13.996,37.518,75.641,76.798,19.376
129.7,174.4,0.34563,34.074,45.506,13.996,37.665,77.036,60.523,9.2169
129.34,199.32,0.33464,34.734,45.652,13.85,37.225,47.368,46.086,9.9238
129.09,153.4,0.32242,34.66,45.652,13.923,36.712,42.94,62.396,22.024
128.97,127.02,0.34196,34.294,45.579,13.923,36.712,61.794,72.294,22.049
128.85,134.59,0.35784,34.514,45.213,13.996,37.079,44.207,55.838,16.626
128.72,103.81,0.34196,34.954,45.066,13.996,37.225,19.287,48.372,23.092
128.6,55.203,0.32975,34.88,45.139,13.996,37.298,45.444,62.806,28.38
128.6,62.042,0.31632,34.88,45.066,14.069,37.665,70.503,71.088,20.52
128.36,117.98,0.33341,35.393,45.359,14.069,38.544,46.237,61.911,12.636
128.36,130.19,0.34929,35.833,45.652,14.069,38.324,34.775,47.933,13.733
128.24,68.149,0.33586,35.979,45.799,13.923,38.324,62.427,37.256,21.015
127.99,67.904,0.32487,35.76,45.725,13.996,38.691,69.127,34.189,31.122
127.99,121.4,0.31265,35.467,45.799,13.996,38.691,56.155,43.45,33.029
127.5,149.49,0.3615,34.954,45.725,13.996,38.324,71.618,60.963,21.562
127.63,172.45,0.34685,34.074,45.579,13.923,37.885,85.971,73.323,14.77
127.14,221.06,0.33097,34.221,45.432,13.923,37.518,60.96,68.957,21.289
127.26,209.09,0.31876,34.514,45.432,13.85,36.712,38.984,53.587,23.509
126.77,122.62,0.33464,34.587,45.432,13.85,36.199,51.763,47.35,17.911
126.89,83.537,0.35662,34.367,45.432,13.923,36.346,68.582,53.363,18.827
126.65,123.84,0.34441,34.148,45.286,14.069,37.005,69.689,54.094,21.22
126.53,155.84,0.33097,34.074,45.286,13.923,36.932,63.004,50.086,16.405
126.4,158.04,0.31754,34.001,45.432,13.923,36.712,55.45,56.07,17.002
126.16,141.43,0.35418,33.854,45.286,13.996,36.566,59.285,61.521,23.85
125.92,141.18,0.35173,33.781,45.432,13.85,36.566,71.625,54.891,20.256
125.79,151.69,0.33708,34.001,45.579,13.923,36.566,66.787,59.421,14.576
125.55,170.74,0.32364,34.074,45.725,13.923,36.419,51.942,83.617,23.948
125.31,162.43,0.33219,34.514,45.799,13.923,36.566,54.733,91.239,31.699
125.31,133.61,0.35906,35.76,45.872,13.996,36.639,58.608,69.701,22.177
124.94,130.19,0.34563,36.566,45.872,13.996,37.152,47.351,52.47,15.159
124.94,94.04,0.33219,36.273,45.872,13.923,37.518,49.606,49.865,21.721
124.69,87.201,0.31876,35.906,45.652,13.996,37.738,63.931,44.953,23.806
124.57,101.86,0.32731,35.76,45.359,13.996,37.885,55.169,50.715,16.704
124.45,128.24,0.35296,35.247,45.139,13.996,38.251,43.692,81.87,14.397
124.21,135.56,0.33952,35.027,45.432,13.923,38.105,62.59,100,17.849
124.21,132.63,0.32731,36.639,45.652,13.996,38.178,78.527,80.713,20.299
123.96,169.76,0.31387,37.518,45.652,13.996,38.324,68.366,47.837,22.007
123.84,156.33,0.36028,37.372,45.579,13.923,38.105,63.245,44.214,21.075
123.72,143.87,0.34807,36.712,45.432,13.923,37.811,63.436,59.951,16.362
123.47,159.99,0.33341,35.76,45.066,13.923,37.592,45.951,66.527,14.343
123.11,142.65,0.32364,35.247,44.773,13.996,37.665,33.807,58.3,15.126
123.11,90.376,0.33586,35.173,44.846,13.923,37.738,43.723,45.144,14.645
122.98,56.668,0.35662,35.247,45.066,14.069,38.031,53.514,39.165,20.329
122.86,65.217,0.34319,35.247,45.139,14.069,38.471,67.568,47.725,33.38
122.74,110.89,0.32975,34.88,45.139,14.069,38.398,92.661,60.337,35.757
122.5,209.82,0.31754,34.734,45.213,13.996,38.031,92.549,59.734,22.896
122.13,274.3,0.3615,34.441,45.506,13.923,37.225,72.427,52.132,14.559
121.76,258.18,0.35173,34.221,45.652,13.85,35.906,81.277,57.088,17.711
121.76,245.97,0.3383,33.781,45.799,13.85,35.32,92.309,69.905,19.322
121.28,277.97,0.32487,33.415,45.652,13.923,34.807,61.627,70.333,16.123
121.15,246.7,0.31021,33.415,45.579,13.85,34.441,45.884,60.202,15.146
120.79,160.97,0.35784,33.561,45.652,13.923,34.441,77.634,55.711,16.59
120.66,158.77,0.34319,33.488,45.652,13.923,34.88,80.21,56.865,18.827
120.66,211.53,0.33219,33.488,45.725,13.923,35.32,38.084,56.632,22.438
120.3,173.18,0.31754,33.341,45.799,13.923,34.954,29.478,58.506,23.578
120.18,90.865,0.33708,33.415,45.799,13.923,35.1,52.204,61.475,20.547
120.05,85.247,0.35418,33.708,45.799,13.923,36.053,52.269,56.884,19.217
119.81,95.75,0.3383,34.074,45.945,14.069,36.712,54.069,51.682,21.918
119.69,86.712,0.32487,34.367,46.092,14.069,37.005,73.323,59.724,24.999
119.57,145.33,0.31632,34.514,46.092,13.996,37.372,62.589,72.033,27.255
119.32,173.91,0.36028,34.807,45.945,13.923,37.225,37.581,72.007,27.71
119.2,136.79,0.34685,35.247,45.652,13.996,37.372,51.751,64.954,23.518
118.95,109.43,0.33341,35.613,45.432,13.996,37.592,69.264,60.741,16.938
118.83,131.9,0.31998,35.906,45.213,14.069,37.958,54.285,53.72,13.749
118.71,129.95,0.34196,35.76,45.213,13.996,37.958,54.51,43.716,15.853
118.71,105.52,0.3554,35.686,45.213,13.996,37.811,74.24,44.235,21.369
118.47,141.43,0.34074,35.32,44.993,14.069,37.885,63.141,55.368,25.045
118.34,165.61,0.32853,34.807,45.139,13.923,37.592,47.714,60.351,21.856
118.1,140.45,0.32242,34.367,45.359,13.996,37.152,67.027,54.199,17.448
117.86,124.57,0.36273,34.441,45.579,13.996,37.152,73.079,49.421,21.058
117.61,150.22,0.35051,34.441,45.506,13.996,37.079,53.145,53.947,26.636
117.73,149.49,0.33708,34.148,45.506,13.996,36.712,69.208,62.001,23.437
117.37,160.48,0.32487,34.001,45.286,13.996,36.712,100,64.737,17.974
117.24,228.87,0.31143,34.221,44.919,13.923,36.712,92.719,59.458,20.224
116.88,286.03,0.35784,34.148,44.919,13.85,35.833,57.91,51.439,23.405
116.76,242.55,0.34685,34.001,45.139,13.923,34.954,53.389,51.965,18.971
116.39,163.9,0.33341,33.561,45.359,13.996,34.734,59.082,66.242,12.694
116.39,155.35,0.31998,33.048,45.506,13.996,34.954,64.661,77.408,12.702
116.02,167.07,0.33097,33.488,45.506,13.996,35.393,83.391,62.979,17.818
115.78,197.36,0.3554,34.148,45.725,13.923,35.76,76.987,37.963,21.894
115.53,210.06,0.34074,34.148,45.799,13.923,35.393,35.56,41.504,21.53
115.53,153.88,0.32853,33.708,45.652,13.923,35.173,33.026,65.775,20.17
115.29,103.81,0.31754,32.902,45.652,13.996,35.393,76.176,64.386,21.79
115.05,126.04,0.34929,33.268,45.213,13.996,36.419,78.717,44.113,22.272
115.05,172.94,0.35173,33.635,45.139,13.996,36.346,42.939,52.984,19.512
114.68,179.29,0.3383,33.488,45.213,13.923,35.979,49.696,76.386,21.206
114.56,151.2,0.32487,33.488,45.213,13.996,35.979,84.611,65.28,26.294
114.31,177.82,0.32731,34.294,45.213,13.996,36.346,80.21,46.042,22.729
114.07,213.48,0.36028,34.441,45.286,13.996,36.199,53.662,67.729,15.035
113.83,199.07,0.34685,34.148,45.432,13.996,35.613,48.858,92.419,17.549
113.7,150.71,0.33341,34.587,45.432,13.996,35.833,53.902,72.789,22.256
113.83,119.2,0.3212,35.467,45.652,14.069,36.199,57.333,54.356,16.599
113.46,105.28,0.32242,35.467,45.579,13.996,36.639,68.392,78.778,13.063
113.21,162.19,0.35296,35.613,45.506,13.923,37.225,71.738,94.429,20.38
113.21,191.26,0.33952,36.419,45.506,14.069,37.372,59.144,62.994,23.108
112.73,149,0.32609,36.932,45.579,13.996,37.298,59.473,37.032,17.85
112.85,117,0.31387,36.639,45.506,13.996,37.518,75.262,56.941,20.389
112.48,166.1,0.34807,35.76,45.652,13.923,37.592,70.358,80.151,28.559
112.6,198.83,0.35173,35.247,45.359,13.923,37.372,47.593,65.967,28.494
112.24,159.5,0.33952,35.613,45.286,13.923,37.225,47.656,43.976,24.412
111.99,87.689,0.32487,35.613,45.139,13.996,37.079,69.833,55.6,22.524
111.87,123.11,0.31387,35.173,45.213,13.996,37.518,77.528,83.985,17.054
111.5,195.16,0.36028,35.173,45.139,13.996,37.592,67.526,84.831,12.676
111.38,195.41,0.34563,36.053,44.846,13.923,37.152,63.262,59.469,19.163
111.14,158.28,0.33219,36.199,44.919,13.923,36.932,61.236,47.828,25.437
111.02,137.52,0.31998,35.833,44.919,13.996,36.859,44.985,59.886,19.384
110.89,128.24,0.34196,35.247,44.773,13.996,36.786,30.5,71.399,12.596
110.77,92.33,0.35418,35.027,44.773,13.996,37.079,43.246,76.009,15.648
110.65,83.048,0.34196,35.54,45.066,13.996,37.518,70.631,81.086,20.768
110.53,126.77,0.32853,36.492,45.432,14.069,38.398,83.559,77.043,22.696
110.41,194.92,0.31754,36.859,45.506,13.996,38.324,79.12,63.194,23.984
110.16,226.43,0.36273,36.566,45.579,13.923,37.885,67.626,60.092,21.882
109.92,206.64,0.34929,36.053,45.725,13.923,37.298,54.123,66.129,15.142
109.55,175.87,0.33586,35.686,45.652,13.923,37.079,49.357,61.637,11.637
109.43,137.03,0.32487,35.467,45.579,13.996,37.298,55.56,54.485,16.289
109.55,113.58,0.31265,35.247,45.506,13.996,37.298,53.316,58.187,24.609
109.31,118.71,0.3554,35.173,45.506,13.996,37.665,43.421,58.991,29.369
109.06,107.72,0.34563,35.1,45.432,13.996,37.518,52.45,54.797,27.352
109.06,96.238,0.33219,35.1,45.286,14.143,37.665,69.633,66.715,24.077
108.7,143.38,0.31998,35.393,45.139,14.069,37.885,62.403,87.615,26.605
108.57,170.74,0.32609,36.126,45.286,14.069,38.031,54.276,88.77,29.875
108.33,141.67,0.3554,37.005,45.359,14.069,38.105,80.303,71.669,26.666
108.21,169.03,0.34196,37.298,45.432,13.996,37.958,100,55.103,23.189
107.96,257.94,0.32975,36.932,45.506,13.923,37.811,80.385,44.342,23.415
107.6,279.19,0.31876,36.346,45.432,13.923,36.639,52.395,45.908,19.506
107.35,214.7,0.34929,35.393,45.213,13.923,35.76,57.645,64.181,14.232
107.23,171.47,0.35173,34.074,45.213,13.923,35.686,72.493,78.922,18.304
106.99,177.82,0.3383,34.001,45.579,14.069,35.906,74.672,71.314,22.765
106.99,190.77,0.32487,34.66,45.725,13.996,35.979,70.844,55.164,15.973
106.62,179.78,0.32609,34.807,45.652,13.923,35.833,61.211,54.481,11.949
106.62,159.99,0.35906,34.514,45.652,13.996,35.76,53.338,71.442,21.336
106.13,153.15,0.34807,34.367,45.506,14.069,35.979,63.104,84.008,27.709
106.01,149.73,0.33219,34.954,45.506,14.069,36.492,70.367,73.484,22.098
105.89,163.41,0.3212,35.76,45.506,14.069,36.712,53.649,59.273,16.958
105.64,138.5,0.31021,35.686,45.432,13.996,36.859,44.873,68.758,15.37
105.4,119.93,0.35784,35.613,45.432,14.069,37.005,63.462,73.455,11.9
105.4,137.76,0.34196,35.833,45.213,14.069,37.518,71.45,39.799,13.993
105.4,135.56,0.32975,35.979,45.139,14.069,37.665,57.281,16.076,24.727
104.91,137.52,0.31754,35.979,45.139,13.996,37.445,54.442,47.684,29.62
104.91,126.77,0.33586,35.1,45.066,13.996,37.079,60.213,77.3,23.138
104.54,151.2,0.35296,33.928,45.139,13.996,37.152,54.383,58.721,17.329
104.42,115.53,0.34074,34.441,45.432,13.996,37.079,57.778,44.99,19.298
104.42,100.39,0.32609,34.587,45.506,13.996,37.079,73.344,60.02,25.736
104.18,157.06,0.3151,34.441,45.579,14.069,37.079,63.789,55.059,30.378
103.93,163.41,0.36028,34.221,45.579,14.069,36.639,44.459,40.204,26.613
103.81,109.18,0.34929,34.221,45.432,14.069,36.419,66.571,63.786,19.122
103.69,140.69,0.33464,33.928,45.286,13.996,36.786,100,87.107,22.118
103.32,234.49,0.32242,34.587,45.286,13.996,36.859,91.656,62.567,31.02
103.08,273.33,0.3383,35.173,45.286,13.996,36.053,57.021,38.365,27.047
103.08,227.65,0.35662,35.027,45.432,13.923,35.027,55.988,51.375,16.352
102.59,163.17,0.34074,33.928,45.506,13.923,35.1,79.466,62.496,19.532
102.59,187.84,0.33219,33.195,45.579,13.996,35.027,88.066,56.685,28.851
102.22,236.69,0.31632,33.268,45.872,13.996,35.027,73.732,51.423,24.795
101.86,238.4,0.35906,33.195,45.799,13.923,34.587,50.237,35.036,15.289
101.61,170.98,0.35051,33.048,45.872,13.923,34.148,37.294,19.363,15.84
101.61,74.499,0.3383,32.975,45.872,13.996,34.148,44.605,45.974,20.719
101.61,56.424,0.32487,32.096,45.725,14.069,34.441,52.91,83.348,22.668
101.37,119.93,0.31143,31.436,45.799,14.216,35.393,48.152,74.293,26.285
101.25,113.58,0.35296,33.195,45.506,14.069,35.467,49.842,58.574,29.32
101,98.437,0.34563,33.928,45.579,14.069,36.053,62.953,82.082,24.527
101.12,139.96,0.33219,34.734,45.579,14.069,36.712,63.662,91.025,18.184
100.76,158.04,0.31754,36.126,45.506,14.143,37.005,57.722,55.831,19.441
100.51,112.12,0.33341,36.639,45.359,13.996,37.005,68.784,39.078,23.669
100.39,125.55,0.35173,36.346,45.359,14.143,37.152,78.503,57.089,24.598
100.27,186.37,0.34196,35.76,45.359,13.996,37.445,65.98,55.981,24.72
100.02,187.35,0.32609,35.027,45.359,14.069,36.859,58.104,40.523,24.151
99.902,147.53,0.31754,34.88,45.286,13.996,36.566,67.988,54.335,19.529
99.536,151.69,0.3615,34.294,45.432,14.069,36.492,63.675,73.551,16.427
99.658,169.52,0.34929,33.854,46.019,14.069,36.419,43.068,59.418,21.91
99.414,122.13,0.33708,34.221,45.945,14.069,36.346,44.597,41.881,27.174
99.292,66.927,0.32487,34.441,46.019,14.069,36.419,69.765,54.868,20.225
99.047,116.27,0.33708,34.148,45.652,14.143,37.225,83.335,70.8,10.543
98.681,202.25,0.35784,34.367,45.213,13.996,37.005,74.512,58.83,14.982
98.559,215.44,0.34441,34.514,44.773,13.996,36.712,54.812,38.971,26.113
98.315,160.97,0.33097,34.66,44.773,13.996,36.053,33.322,39.856,25.129
98.07,89.399,0.31632,34.074,44.773,14.069,35.833,25.323,50.972,17.009
98.192,42.99,0.35173,33.488,44.846,14.069,36.053,39.821,51.608,18.817
97.948,35.906,0.35051,33.268,44.919,14.143,36.712,58.589,52.652,25.32
97.948,65.462,0.34196,33.488,44.993,14.143,37.372,65.294,66.315,21.338
97.704,134.59,0.32609,34.074,45.286,14.143,37.518,68.558,70.488,12.801
97.338,162.43,0.3151,34.66,45.652,14.216,37.445,72.183,55.712,13.625
97.338,165.85,0.34807,35.027,45.872,13.996,37.372,63.802,53.386,19.531
97.093,165.85,0.34929,34.88,45.872,14.069,37.079,45.481,67.275,19.67
96.971,145.82,0.3383,34.734,45.872,14.069,36.859,37.911,60.114,16.321
97.093,92.819,0.32364,34.66,45.799,14.069,37.005,49.988,40.026,17.078
96.605,58.378,0.32364,34.807,45.579,14.069,37.225,65.868,51.349,21.632
96.727,106.01,0.35906,34.587,45.506,14.143,37.811,64.298,79.234,23.502
96.361,159.75,0.34441,34.734,45.579,14.143,37.811,47.546,77.708,18.563
96.361,148.27,0.33219,35.54,45.725,14.069,37.592,41.091,54.448,11.957
96.116,81.339,0.31876,35.979,45.725,14.143,37.665,52.338,36.619,13.614
96.116,61.065,0.34441,35.833,45.652,14.143,37.885,55.684,25.498,22.6
95.994,86.468,0.35296,35.686,45.652,14.143,38.251,40.462,28.966,26.442
95.628,79.384,0.34074,35.467,45.579,14.069,37.885,32.076,50.732,20.282
95.75,55.203,0.32731,34.367,45.432,14.069,37.738,43.665,62.862,12.281
95.506,66.683,0.31876,33.635,45.213,14.216,37.958,56.43,60.651,9.4692
95.383,96.238,0.36273,34.294,45.066,14.143,38.324,59.249,69.629,12.367
95.261,128.24,0.34929,35.027,45.213,14.143,38.471,60.201,72.545,19.084
95.139,147.04,0.33586,35.76,45.506,14.069,38.324,62.892,47.031,24.366
94.895,124.33,0.32242,35.833,45.432,14.069,38.031,64.911,38.828,22.818
94.651,127.26,0.31265,35.686,45.506,14.216,37.885,63.149,71.018,17.371
94.529,163.65,0.35906,35.027,45.432,14.069,37.665,53.203,82.37,14.913
94.284,152.66,0.34441,35.32,45.432,14.216,37.665,45.673,54.932,15.436
94.162,95.017,0.33097,35.76,45.506,14.143,37.592,58.362,49.689,15.104
94.162,90.62,0.31998,35.613,45.652,14.143,37.665,74.695,69.379,15.353
93.918,158.04,0.3383,35.467,45.799,14.069,37.958,63.469,61.196,20.108
93.796,167.56,0.35173,35.393,45.799,14.143,37.592,41.199,40.909,26.664
93.429,106.25,0.3383,35.393,45.799,14.069,37.518,43.319,53.33,27.357
93.307,80.117,0.32609,34.954,45.725,14.143,37.518,57.737,75.179,22.415
93.307,123.11,0.31387,34.88,45.799,14.143,37.958,60.435,72.879,21.688
93.185,140.69,0.3615,35.613,45.506,14.143,37.958,63.767,64.946,27.006
92.941,145.09,0.34685,35.833,45.359,14.069,38.031,71.144,70.44,27.92
92.819,165.36,0.33341,36.126,45.359,14.143,38.031,61.521,79.662,23.589
92.452,170.25,0.3212,36.492,45.286,14.069,37.958,47.077,79.417,24.946
92.452,143.62,0.34074,36.786,45.286,14.143,37.885,55.805,63.671,29.085
92.208,118.47,0.3554,36.786,45.286,14.069,38.105,68.289,48.364,24.364
92.086,117.49,0.34074,36.639,45.286,14.143,38.031,60.355,60.304,18.156
91.842,147.78,0.32853,36.126,45.286,14.069,38.251,56.399,78.807,20.959
91.842,157.55,0.32364,35.979,45.139,14.069,38.031,68.186,60.69,20.261
91.72,147.78,0.36028,36.273,45.286,14.069,38.105,65.172,29.951,9.2823
91.231,128.24,0.34685,36.126,45.286,14.069,37.811,49.434,34.284,7.8069
91.109,120.66,0.33341,35.76,45.286,14.069,37.518,57.292,50.952,21.259
90.987,117,0.32242,34.734,45.432,14.069,37.298,76.807,47.367,26.193
90.62,150.46,0.32364,34.074,45.579,14.143,37.152,68.045,47.668,16.74
90.62,179.53,0.35784,33.635,45.725,14.069,36.712,42.837,57.084,12.094
90.376,143.38,0.34319,33.341,45.579,14.143,36.492,35.013,43.295,15.253
90.376,66.927,0.32853,33.268,45.506,14.143,36.273,39.732,23.464,15.601
90.254,38.837,0.31754,33.195,45.359,14.143,36.566,45.437,37.9,17.388
90.132,49.829,0.34929,32.829,45.213,14.289,37.005,60.715,64.164,24.977
90.132,106.99,0.35051,32.316,45.213,14.143,37.005,75.659,67.515,27.945
89.888,159.99,0.33586,33.122,45.432,14.143,36.932,67.67,63.496,24.124
89.521,177.09,0.32487,33.854,45.652,14.216,36.786,52.06,64.693,23.108
89.277,159.26,0.32731,34.221,45.799,14.069,36.566,58.67,59.306,23.258
89.155,133.85,0.35784,34.514,45.945,14.143,36.712,74.182,54.941,18.511
89.033,153.64,0.34319,34.514,46.019,14.069,36.786,69.91,60.152,15.531
88.788,175.87,0.33097,34.587,45.945,14.069,36.639,56.422,58.389,18.606
88.788,155.84,0.31998,34.514,46.019,14.143,36.492,54.458,49.817,19.284
88.544,127.26,0.35296,34.514,46.165,14.069,36.492,50.584,53.579,14.694
88.3,112.12,0.35296,34.294,46.019,14.143,36.639,34.161,61.139,12.846
88.3,95.261,0.3383,34.221,46.019,14.216,36.859,33.713,55.146,17.308
88.056,56.668,0.32487,34.514,46.019,14.143,37.152,64.767,47.099,24.172
88.056,63.752,0.31387,34.734,45.799,14.143,37.811,89.959,50.456,28.479
87.934,177.33,0.36028,34.88,45.799,14.143,38.031,80.313,57.97,25.88
87.567,244.02,0.34563,34.734,45.652,14.069,37.298,62.38,56.437,17.459
87.323,212.75,0.33219,34.514,45.213,14.069,36.566,62.435,37.012,11.766
86.957,155.11,0.32242,34.367,45.213,14.069,36.199,65.054,15.968,13.978
86.834,144.36,0.32487,34.441,45.139,14.143,36.053,56.79,32.495,19.899
86.834,138.25,0.3554,34.001,44.993,14.069,35.393,47.545,76.194,23.941
86.712,151.69,0.34196,31.803,44.773,14.069,35.247,40.566,80.007,24.487
86.346,114.8,0.33219,33.048,45.432,14.143,35.467,37.603,37.62,22.391
86.346,57.89,0.31632,33.781,45.506,14.143,35.979,49.475,18.442,20.024
86.224,45.188,0.34319,33.854,45.506,14.143,36.199,61.129,35.061,19.153
86.224,84.514,0.35296,33.488,45.579,14.216,36.712,46.653,36.467,19.328
85.979,91.597,0.33952,33.048,45.506,14.143,36.273,33.442,27.784,20.134
85.857,55.936,0.32609,32.829,45.506,14.143,36.199,59.831,48.971,21.287
85.613,72.545,0.31387,31.729,45.506,14.143,36.492,89.074,76.296,21.86
85.491,194.92,0.3615,32.096,45.799,14.216,36.786,75.207,71.729,22.772
85.125,235.22,0.34685,33.195,46.092,14.143,36.126,55.248,59.652,24.028
84.88,186.86,0.33464,33.561,46.092,14.069,35.54,67.036,67.047,21.419
85.002,170.74,0.32242,33.854,46.165,14.143,35.393,72.849,72.357,15.998
84.636,184.17,0.33952,34.221,45.945,14.069,35.76,53.83,60.946,16.435
84.514,160.48,0.3554,34.587,45.799,14.069,35.833,53.819,53.277,21.09
84.27,120.42,0.34319,34.587,45.799,14.069,36.053,76.331,61.335,17.631
84.27,160.48,0.33097,34.514,45.579,14.143,36.346,77.482,71.011,8.3939
83.781,206.16,0.31876,34.734,45.579,14.069,36.346,66.121,68.708,8.7844
83.903,198.83,0.32731,34.88,45.579,14.069,36.346,74.39,59.176,17.87
83.537,187.84,0.35418,35.027,45.799,14.143,36.346,74.147,54.468,20.495
83.293,193.7,0.34074,34.954,45.872,14.069,35.979,42.573,53.16,15.251
83.048,148.51,0.32731,34.587,45.799,14.143,35.906,25.987,47.935,13.563
82.926,64.729,0.31632,34.294,45.799,14.216,35.979,48.934,47.255,18.208
83.048,48.852,0.34929,33.854,45.432,14.143,36.273,68.558,54.984,21.743
83.048,98.681,0.34929,34.001,45.139,14.143,37.005,68.315,52.79,19.432
82.804,142.89,0.33586,34.148,44.919,14.143,37.152,77.531,44.323,14.892
82.56,174.4,0.32364,34.074,44.919,14.216,36.859,88.26,59.546,14.962
82.193,239.13,0.32364,34.001,44.993,14.069,36.639,69.729,83.72,18.989
82.071,260.63,0.35662,34.074,45.506,13.996,35.979,44.459,74.97,19.378
81.827,186.37,0.34563,34.734,45.725,14.069,35.393,49.01,54.191,16.992
81.583,107.96,0.33219,34.66,45.799,14.143,35.54,62.724,62.163,20.247
81.461,127.26,0.31876,34.66,45.725,14.143,35.979,54.986,72.702,25.702
81.339,137.03,0.35173,34.807,45.579,14.143,36.346,45.437,62.776,22.985
81.216,120.91,0.35418,35.173,45.579,14.143,36.712,57.48,68.955,16.48
81.339,128.48,0.3383,35.32,45.872,14.216,37.225,72.8,87.79,15.901
80.972,167.56,0.32487,36.199,46.092,14.143,37.665,72.976,67.429,16.622
80.85,172.94,0.32853,36.712,45.945,14.143,37.445,69.549,32.626,13.058
80.484,154.86,0.36028,36.566,45.945,14.216,37.445,70.12,44.496,12.028
80.362,162.92,0.34807,35.76,45.945,14.143,37.225,65.393,67.956,16.483
80.239,180.51,0.33586,34.954,45.652,14.143,37.079,56.49,50.951,19.683
79.995,141.91,0.32364,34.734,45.066,14.143,37.005,52.216,38.666,20.787
79.873,111.87,0.3212,34.514,44.919,14.143,36.859,48.563,67.666,22.921
79.629,130.92,0.3554,34.001,44.846,14.143,37.005,44.329,88.164,22.18
79.507,112.12,0.34196,35.027,44.773,14.143,37.079,50.052,76.319,17.422
79.384,105.03,0.32975,36.199,44.993,14.216,37.152,58.343,67.061,16.142
79.507,117,0.31754,36.346,45.213,14.143,37.592,49.425,63.43,19.257
79.262,120.42,0.34563,36.273,45.286,14.216,37.738,36.229,55.534,19.205
79.018,80.606,0.35051,36.126,45.213,14.216,37.885,45.135,69.873,16.239
79.018,85.491,0.3383,36.126,45.359,14.216,38.324,58.665,97.089,17.116
78.896,118.71,0.32487,37.079,45.506,14.216,38.691,47.818,84.512,20.362
78.774,103.57,0.32853,37.958,45.945,14.143,38.837,36.649,47.38,19.635
78.53,61.309,0.36028,37.958,46.019,14.143,38.911,57.971,46.594,16.569
78.407,59.844,0.34441,37.518,46.092,14.216,38.984,84.458,68.193,17.481
78.407,170,0.33219,37.005,46.238,14.143,39.424,78.001,63.893,21.815
78.041,222.52,0.3212,36.786,45.945,14.069,38.691,58.403,51.435,23.611
77.919,186.86,0.35051,36.419,45.872,14.143,38.251,59.803,63.046,21.994
77.919,168.05,0.35296,35.906,45.872,14.069,37.885,71.287,79.494,21.342
77.797,184.17,0.34074,35.76,45.432,14.143,37.738,68.098,80.67,22.125
77.308,181.24,0.32487,36.346,45.286,14.216,37.518,53.984,75.092,21.555
77.064,162.92,0.31387,36.566,45.286,14.143,37.298,43.188,65.997,21.294
77.186,121.89,0.36028,36.492,45.286,14.143,37.372,39.014,55.415,22.928
76.942,82.804,0.34685,36.492,45.286,14.143,37.665,45.097,52.474,22.149
76.82,65.462,0.33464,36.199,45.432,14.216,37.958,68.491,47.838,19.265
76.698,87.445,0.31998,36.053,45.359,14.289,38.251,100,35.491,21.67
76.331,194.68,0.32731,35.833,45.286,14.069,38.324,100,41.853,26.264
76.087,291.65,0.35662,35.32,45.213,14.069,37.298,90.315,68.439,21.723
75.965,319.98,0.34196,34.074,45.213,14.069,35.979,59.71,69.059,13.042
75.598,268.2,0.32731,33.488,45.652,14.069,34.954,55.01,40.634,15.071
75.354,164.14,0.3151,33.488,45.799,14.143,34.514,70.205,39.131,23.694
75.11,146.31,0.3615,33.048,45.872,14.143,34.514,75.813,71.143,23.917
74.988,199.32,0.34807,32.535,46.092,14.216,34.66,68.639,84.959,16.839
74.988,205.42,0.33464,33.488,46.019,14.143,34.88,62.925,71.62,12.368
74.621,170.74,0.32242,34.294,45.945,14.216,35.1,58.872,59.424,11.833
74.377,143.38,0.33952,34.587,46.019,14.143,35.467,57.451,42.443,14.811
74.377,112.85,0.3554,34.514,45.945,14.143,35.613,65.392,17.566,21.892
74.133,118.22,0.34196,34.367,45.945,14.143,35.906,66.082,24.945,25.695
74.011,137.76,0.32853,34.221,45.945,14.216,35.833,44.021,69.938,21.406
73.766,151.44,0.31754,32.462,45.872,14.216,35.613,31.162,95.168,18.804
73.889,88.666,0.36395,33.708,46.092,14.143,35.54,55.917,80.703,23.644
73.644,81.827,0.35051,35.613,46.312,14.143,36.419,81.664,67.038,24.868
73.522,151.2,0.33708,36.126,46.238,14.216,37.298,73.043,63.327,17.3
73.4,196.87,0.32487,35.979,46.092,14.143,37.225,60.047,46.549,13.93
73.156,159.75,0.31265,35.833,45.799,14.143,36.932,67.343,36.362,22.024
72.912,148.27,0.35906,35.467,45.725,14.069,36.859,65.977,58.22,29.82
72.667,181.97,0.34563,34.734,45.432,14.216,36.859,45.695,72.94,27.116
72.423,161.46,0.33341,34.441,45.286,14.143,36.712,37.986,44.541,19.992
72.545,74.011,0.31876,34.66,45.359,14.216,36.712,45.104,16.642,17.548
72.301,48.363,0.3383,34.66,45.432,14.216,37.005,42.068,35.827,18.694
72.301,58.134,0.35418,34.294,45.432,14.216,37.152,37.757,72.652,18.909
72.179,86.957,0.34196,33.268,45.506,14.289,37.298,49.987,84.076,19.584
72.179,96.727,0.32487,34.807,45.945,14.216,37.592,61.331,77.719,22.945
71.812,121.89,0.31632,36.126,46.019,14.216,37.958,60.082,72.084,24.536
71.69,140.94,0.36028,36.419,46.019,14.143,38.178,61.515,64.848,19.404
71.69,141.18,0.34929,36.639,45.725,14.289,38.251,62.361,59.618,12.336
71.446,146.8,0.33586,36.566,45.652,14.216,38.324,51.687,64.735,13.272
71.324,139.72,0.3212,36.273,45.725,14.216,38.031,55.085,68.841,22.298
71.08,132.39,0.34074,36.346,45.872,14.143,38.398,85.759,61.487,27.043
70.957,179.78,0.35662,36.492,46.019,14.143,38.251,98.61,55.557,20
70.591,255.01,0.34196,36.273,46.092,14.143,37.665,69.676,59.525,11.209
70.469,254.76,0.33097,35.686,46.092,14.069,36.786,47.281,61.463,12.496
70.225,187.35,0.31754,35.1,46.165,14.143,36.199,62.006,58.255,17.12
70.103,139.23,0.34441,34.88,46.092,14.143,35.979,76.505,61.906,13.716
69.858,178.8,0.34929,34.734,46.019,14.143,36.273,67.592,67.815,9.4875
69.736,192.72,0.3383,34.807,45.872,14.216,36.273,62.57,56.42,14.321
69.614,160.23,0.3212,34.954,45.652,14.069,36.346,70.963,32.592,18.159
69.37,151.93,0.31265,34.88,45.359,14.143,36.199,68.619,26.212,12.436
69.003,154.62,0.35784,34.734,45.432,14.143,35.979,55.147,46.13,10.057
69.003,148.51,0.34441,33.854,45.139,14.216,35.76,54.002,66.979,17.697
69.003,154.37,0.33219,32.755,45.213,14.216,35.54,63.344,69.7,20.62
68.759,149.49,0.31754,33.268,45.432,14.143,35.979,63.025,62.159,14.585
68.637,150.95,0.34685,33.854,45.652,14.143,36.053,56.037,53.521,14.327
68.393,130.19,0.35173,34.148,45.799,14.143,35.979,59.863,45.165,21.522
68.149,118.95,0.33708,34.148,45.945,14.143,36.053,70.013,47.791,24.067
68.026,143.87,0.32364,34.001,45.799,14.216,36.273,68.597,65.812,23.221
68.026,181.97,0.32731,33.708,45.725,14.289,36.199,61.107,75.631,26.13
67.66,182.22,0.35906,34.148,46.165,14.216,36.126,67.451,63.386,26.748
67.538,160.48,0.34563,34.587,46.165,14.143,36.273,80.154,53.86,20.238
67.294,187.1,0.33464,34.807,46.312,14.216,36.273,75.981,59.342,14.977
67.294,213.73,0.3212,34.734,46.092,14.143,36.126,63.943,54.206,16.977
67.049,191.01,0.34807,34.367,46.165,14.216,35.833,67.028,36.544,22.791
66.805,156.33,0.3554,34.367,45.945,14.216,35.613,72.198,39.309,27.48
66.683,169.52,0.34074,33.781,45.799,14.143,35.54,61.585,58.459,26.304
66.561,175.13,0.32975,33.048,45.799,14.216,35.393,57.249,59.458,19.393
66.194,151.93,0.31632,32.829,45.652,14.216,35.393,70.538,53.049,16.408
66.194,147.29,0.34319,33.195,45.506,14.216,35.467,68.35,68.722,20.826
65.95,178.55,0.35173,33.488,45.359,14.289,35.686,44.05,81.402,21.501
65.95,159.5,0.33708,34.294,45.286,14.216,35.686,37.323,58.529,15.118
65.828,93.063,0.3212,34.954,45.359,14.289,35.979,52.826,31.549,14.139
65.584,57.89,0.32364,34.954,45.359,14.289,36.199,57.979,39.896,21.696
65.462,89.888,0.35662,34.587,45.359,14.289,36.859,57.368,63.401,26.03
65.34,138.25,0.34685,34.221,45.359,14.216,37.005,70.306,69.871,23.327
65.34,162.43,0.32975,34.441,45.286,14.216,37.079,77.112,67.636,20.95
64.973,190.52,0.31876,34.88,45.579,14.216,37.005,69.161,70.88,21.879
64.973,214.95,0.34196,35.1,46.019,14.216,36.786,75.715,68.205,23.522
64.729,206.16,0.3554,35.32,46.165,14.216,36.346,92.312,53.795,23.551
64.362,235.96,0.3383,35.173,46.019,14.143,36.126,80.545,47.91,19.697
64.24,259.4,0.32731,34.88,45.872,14.143,35.686,49.433,60.587,13.323
64.24,212.26,0.3151,34.148,45.725,14.216,35.027,39.483,66.135,11.237
63.996,134.83,0.36273,33.635,45.286,14.216,34.954,51.166,48.516,16.419
63.752,85.002,0.34563,33.854,45.359,14.216,35.32,62.32,40.817,23.45
63.63,97.948,0.33464,33.854,45.213,14.362,35.979,65.703,65.257,26.114
63.508,153.4,0.32242,33.781,45.286,14.362,36.126,56.706,77.991,23.179
63.385,169.03,0.34319,34.221,45.506,14.362,36.346,40.765,49.138,18.252
63.141,94.04,0.3554,34.88,45.579,14.216,36.492,38.567,29.094,16.629
63.141,55.203,0.34441,34.734,45.506,14.289,36.492,44.543,49.937,18.992
63.263,60.332,0.32975,34.221,45.359,14.289,37.079,38.117,64.317,20.617
62.897,81.827,0.31998,34.148,45.359,14.362,37.518,39.538,56.965,18.61
62.897,70.591,0.33464,34.441,45.139,14.362,37.592,67.484,73.189,14.584
62.897,115.78,0.35173,35.247,45.359,14.362,38.251,81.265,94.258,12.43
62.775,202.49,0.33952,36.639,45.872,14.362,38.251,57.282,62.732,16.249
62.408,168.78,0.32609,37.225,46.019,14.216,37.885,41.836,23.996,22.549
62.164,91.109,0.31387,37.005,45.945,14.289,37.665,55.393,48.566,20.541
62.408,94.284,0.3615,36.053,45.945,14.289,37.738,56.057,82.498,12.806
62.286,140.21,0.34685,35.173,45.799,14.289,37.885,36.827,59.935,15.571
62.164,99.902,0.33341,35.906,45.652,14.289,38.031,36.618,36.036,24.73
61.92,61.309,0.31998,35.833,45.652,14.216,37.958,52.704,56.817,18.504
61.553,76.453,0.3383,35.467,45.799,14.289,38.544,52.502,66.784,4.3436
61.798,114.07,0.35418,35.76,45.799,14.362,38.691,44.075,42.715,10.548
61.431,80.606,0.34074,35.833,45.725,14.289,38.251,52.534,37.303,28.232
61.431,73.034,0.32609,35.686,45.506,14.289,38.617,68.765,58.816,24.935
61.431,132.14,0.32731,35.393,45.432,14.362,38.691,71.231,68.19,8.6182
61.065,169.03,0.3615,35.32,45.432,14.289,38.251,62.507,63.876,11.251
61.187,172.45,0.34563,35.54,45.432,14.216,38.105,60.837,58.306,26.567
60.943,153.15,0.33464,35.613,45.506,14.289,37.738,69.648,46.311,27.032
60.454,143.87,0.3212,35.467,45.359,14.362,37.445,69.217,41.236,17.103
60.454,157.06,0.3212,35.173,45.286,14.216,37.225,54.351,52.405,17.319
60.21,154.37,0.35296,34.66,45.213,14.289,37.079,56.018,53.742,24.659
60.21,132.39,0.3383,34.148,45.359,14.289,36.712,82.429,45.379,26.228
59.966,167.56,0.32609,34.001,45.359,14.362,36.639,88.738,58.148,23.791
59.722,245.48,0.31387,33.781,45.579,14.143,36.126,61.978,72.136,22.706
59.599,240.6,0.35784,33.635,46.165,14.216,35.393,53.796,55.986,21.178
59.477,159.5,0.34807,33.781,46.312,14.216,35.173,76.894,51.003,19.587
59.233,170.74,0.33097,33.781,46.385,14.289,35.393,77.957,84.995,21.566
59.355,231.07,0.31998,34.074,46.312,14.289,35.467,45.569,100,25.208
59.111,196.63,0.34441,35.54,46.092,14.216,35.613,28.312,75.095,25.691
58.867,84.27,0.35418,36.566,46.092,14.289,35.686,41.974,69.894,23.186
58.867,67.171,0.33952,36.639,46.092,14.289,36.273,58.209,90.053,21.207
58.867,100.88,0.32609,37.372,46.019,14.362,37.958,61.116,74.116,21.029
58.622,126.04,0.32853,37.885,45.945,14.362,38.251,53.038,32.701,20.928
58.622,91.597,0.36028,37.811,45.945,14.289,38.471,43.151,29.819,19.424
58.378,76.453,0.34807,37.592,45.872,14.362,38.251,44.806,56.988,18.445
58.378,89.643,0.33097,36.566,45.945,14.289,38.691,52.446,65.334,20.735
58.134,109.43,0.31998,35.833,45.652,14.289,38.911,51.904,58.653,23.028
58.012,102.34,0.35906,36.199,45.432,14.362,38.911,56.653,58.734,18.827
57.89,106.01,0.35296,36.199,45.286,14.362,38.911,73.715,58.117,11.077
57.767,147.78,0.33952,36.346,45.139,14.289,38.691,72.712,56.848,10.947
57.767,178.55,0.32731,36.346,45.066,14.289,38.324,52.452,68.16,19.268
57.401,168.3,0.31265,35.979,44.919,14.216,37.738,55.704,78.924,24.011
57.279,155.35,0.34685,36.199,44.993,14.289,37.665,77.641,70.343,21.309
57.279,168.05,0.34685,36.419,45.213,14.289,37.665,73.053,58.477,20.377
57.035,185.88,0.33464,36.199,45.359,14.289,37.518,52.853,63.303,23.344
56.913,175.87,0.31998,35.906,45.579,14.289,36.932,54.601,70.236,22.103
56.79,148.27,0.32487,35.76,45.652,14.289,37.079,65.78,60.55,17.154
56.546,141.67,0.35662,35.686,45.872,14.289,37.298,69.398,46.739,16.737
56.302,137.52,0.34319,35.54,46.092,14.362,37.225,78.591,48.793,19.505
56.058,190.28,0.32975,35.247,46.092,14.216,37.005,83.271,62.642,19.239
56.058,234.98,0.31754,34.88,46.238,14.289,36.639,66.405,72.705,18.721
55.813,231.56,0.34929,34.514,46.312,14.289,36.126,55.396,73.182,21.533
55.691,183.44,0.35051,34.954,46.165,14.289,36.126,66.88,65.143,22.624
55.447,161.21,0.3383,35.173,46.092,14.289,36.126,72.136,54.577,18.698
55.691,160.97,0.32609,35.173,45.945,14.362,36.199,65.152,53.714,14.678
55.325,166.59,0.33097,35.1,45.799,14.289,36.273,62.955,60.977,15.366
55.203,166.59,0.35906,34.807,45.652,14.289,36.273,52.449,56.892,20.15
54.958,140.94,0.34807,34.807,45.506,14.436,36.492,36.066,43.705,23.604
54.958,78.407,0.33341,34.807,45.432,14.362,36.419,50.78,48.912,19.986
54.836,68.881,0.3212,34.441,45.359,14.362,36.859,79.733,68.589,13.727
54.714,153.88,0.32364,34.514,45.432,14.289,37.298,73.449,68.653,15.72
54.592,203.96,0.35418,35.027,45.872,14.436,37.079,56.019,51.919,22.672
54.47,161.46,0.34074,35.1,45.945,14.216,36.786,62.729,49.16,21.381
54.348,142.65,0.32975,34.88,45.872,14.216,36.566,53.791,56.137,15.523
54.104,136.05,0.31387,34.514,45.799,14.289,36.639,21.424,56.202,18.059
54.104,83.048,0.3554,34.441,45.725,14.289,36.786,28.928,63.95,22.845
53.981,48.852,0.34929,34.514,45.799,14.436,36.859,62.646,80.37,17.584
53.981,92.819,0.33586,35.613,46.019,14.436,37.958,48.451,74.245,10.668
53.859,112.6,0.3212,36.639,46.092,14.436,38.324,20.518,51.902,14.036
53.615,57.401,0.32975,36.786,46.165,14.362,38.178,50.993,56.104,20.307
53.737,53.249,0.35784,36.786,46.092,14.509,38.398,87.142,80.305,19.999
53.615,168.3,0.34319,37.005,46.019,14.362,39.35,65.401,79.077,18.067
53.371,208.35,0.32853,37.518,45.725,14.289,39.057,44.879,52.456,20.459
53.249,135.08,0.31754,37.372,45.799,14.289,38.617,68.561,36.26,24.118
53.127,110.41,0.36273,37.005,45.799,14.289,38.324,76.97,39.096,24.096
52.882,165.12,0.35051,36.492,45.725,14.289,38.178,51.398,47.349,19.927
52.76,163.41,0.33586,35.613,45.579,14.289,37.738,46.627,53.413,16.802
52.76,121.15,0.32364,34.88,45.359,14.436,37.445,61.222,51.432,19.362
52.638,113.09,0.34929,34.367,45.359,14.362,37.298,51.875,42.001,22.461
52.394,107.23,0.35784,34.367,45.359,14.436,37.298,35.464,40.743,19.679
52.272,76.942,0.34074,34.001,45.432,14.362,37.225,43.253,54.674,17.174
52.272,72.301,0.33219,33.635,45.506,14.362,37.079,54.715,67.536,21.005
52.149,104.05,0.31754,34.001,45.432,14.509,37.372,54.861,64.82,23.34
52.027,125.06,0.34807,34.66,45.213,14.436,37.445,61.727,52.824,19.293
52.027,118.71,0.35051,35.1,45.359,14.436,37.518,74.07,46.265,16.308
51.783,144.36,0.33586,35.173,45.579,14.362,37.592,77.185,51.403,15.904
51.783,202.98,0.32364,34.954,45.652,14.289,37.152,78.144,64.363,12.847
51.539,234,0.32731,34.587,45.872,14.289,36.859,78.291,78.491,11.925
51.417,239.13,0.35784,34.514,46.385,14.289,36.199,64.524,85.829,18.711
51.172,216.66,0.34563,35.32,46.605,14.362,35.833,50.368,78.536,25.797
50.928,162.19,0.32975,35.833,46.825,14.362,35.833,58.71,66.051,27.955
51.05,133.85,0.31632,35.979,46.898,14.289,36.346,72.155,72.733,29.688
50.806,170.98,0.36028,35.979,46.825,14.436,36.786,63.993,92.657,29.79
50.684,186.13,0.35051,36.859,46.385,14.362,37.079,49.018,88.063,24.134
50.562,135.81,0.33586,37.811,46.019,14.362,37.372,54.149,60.595,19.466
50.562,107.96,0.32487,37.958,45.945,14.362,37.592,73.287,53.675,21.625
50.44,134.1,0.34074,37.665,45.872,14.289,38.031,80.749,65.813,24.308
50.318,196.38,0.35662,37.152,45.652,14.289,38.398,65.482,58.081,23.66
49.951,191.26,0.34196,36.712,45.432,14.362,37.885,44.753,43.898,24.116
50.684,142.89,0.33097,36.346,45.213,14.289,37.518,47.384,60.409,25.716
52.149,122.62,0.31754,35.54,45.286,14.362,37.372,72.086,83.832,24.647
53.981,156.33,0.33586,35.76,45.213,14.289,37.592,83.119,79.468,22.015
55.813,201.51,0.35296,36.566,45.359,14.362,37.445,68.814,72.611,20.097
57.523,210.31,0.33952,36.566,45.286,14.289,37.152,60.69,86.378,19.084
59.233,188.08,0.32731,36.639,45.432,14.436,36.859,71.233,92.939,19.853
61.187,183.93,0.31387,37.152,45.506,14.436,36.859,73.854,75.953,20.92
63.263,179.29,0.36273,37.445,45.872,14.509,37.152,63.593,56.835,18.823
65.095,161.7,0.34929,37.079,45.872,14.509,37.152,68.546,48.628,16.057
67.049,146.56,0.33464,36.419,45.652,14.582,37.225,88.709,49.803,17.623
69.003,214.22,0.32242,35.833,45.652,14.582,37.079,89.794,60.978,21.442
71.08,276.99,0.33708,35.1,45.652,14.729,36.492,64.762,72.575,22.761
73.034,256.72,0.35784,34.587,45.945,14.729,35.76,47.34,74.204,21.573
75.354,186.37,0.34319,34.66,46.385,14.875,35.393,58.182,74.874,20.227
77.675,159.5,0.32853,35.027,46.605,14.729,35.906,74.572,78.581,20.867
79.751,180.51,0.31754,35.54,46.312,14.729,36.199,67.295,71.401,23.479
81.949,178.07,0.33586,36.053,45.872,14.802,36.419,48.667,53.119,23.903
84.27,129.46,0.35418,35.979,45.652,14.729,36.566,53.833,41.078,21.461
86.346,101.12,0.3383,35.686,45.652,14.875,36.786,77.256,44.666,21.917
88.422,150.71,0.32609,35.32,45.506,14.802,37.005,78.658,61.456,23.579
90.865,217.64,0.31387,34.88,45.432,14.802,37.005,58.756,75.798,18.836
93.185,207.87,0.3615,34.734,45.579,14.729,36.492,58.44,66.84,14.683
95.383,167.32,0.34807,35.173,45.652,14.729,36.419,76.469,47.241,22.06
97.704,157.3,0.33341,35.173,45.725,14.729,36.419,72.867,51.325,28.48
100.15,188.57,0.3212,34.88,45.725,14.729,36.273,50.708,69.668,18.48
102.47,176.6,0.33952,34.514,45.945,14.656,35.906,45.552,68.873,6.6194
104.91,136.3,0.35662,34.66,46.092,14.729,36.199,53.667,60.303,11.322
107.23,116.76,0.34441,35.027,46.238,14.729,36.639,52.724,64.066,21.009
109.79,125.55,0.33097,35.32,46.165,14.875,36.932,55.426,60.325,20.553
111.75,123.84,0.31876,35.467,46.092,14.729,37.225,75.912,48.009,18.587
114.31,147.29,0.34074,35.613,46.019,14.729,37.372,92.231,60.473,22.427
116.39,235.22,0.35296,35.467,46.165,14.656,37.298,86.023,86.285,21.729
118.59,286.52,0.3383,35.613,46.092,14.582,36.712,69.879,83.981,14.123
121.28,257.69,0.32731,36.126,46.165,14.656,36.053,57.644,65.155,12.987
123.47,184.42,0.31387,36.126,46.165,14.582,35.686,48.722,61.118,20.271
125.79,141.91,0.3615,35.833,46.165,14.656,35.906,40.144,61.866,21.417
128.36,108.45,0.34807,35.686,45.872,14.802,36.346,31.232,57.549,12.543
130.56,74.499,0.33464,35.686,45.799,14.729,36.786,27.058,59.541,7.5102
133,39.082,0.32242,35.979,45.506,14.729,37.079,35.909,60.997,13.181
135.44,45.188,0.3212,36.273,45.432,14.875,37.592,51.187,55.945,19.549
137.76,60.332,0.3554,36.566,45.506,14.802,38.617,55.711,62.042,20.252
140.33,103.81,0.34196,37.079,45.652,14.729,38.837,48.551,72.352,21.606
142.53,122.62,0.32853,37.225,45.506,14.729,39.204,42.128,62.001,25.371
144.97,99.17,0.31754,37.372,45.506,14.656,39.204,43.241,49.254,25.517
147.17,65.95,0.34685,37.372,45.506,14.656,39.13,54.492,57.376,24.685
149.61,92.086,0.34929,37.152,45.579,14.582,39.57,68.328,61.114,28.42
151.93,129.7,0.33708,37.079,45.432,14.656,39.497,62.735,49.806,28.408
154.25,133.61,0.32487,36.859,45.359,14.509,38.984,39.67,55.754,18.737
156.57,111.14,0.32853,36.639,45.213,14.509,38.984,36.978,75.923,13.142
158.89,102.34,0.35906,36.346,45.432,14.582,38.691,63.113,71.491,20.356
161.46,111.38,0.34441,36.786,45.725,14.509,38.911,76.548,46.595,27.444
163.53,136.54,0.33097,36.932,45.799,14.436,38.911,61.132,34.626,25.978
165.73,156.81,0.31998,36.786,45.872,14.362,38.398,49.297,41.182,22.99
167.93,129.95,0.32242,36.126,45.799,14.362,37.958,55.367,55.238,20.186
170.13,123.84,0.3554,35.173,45.872,14.289,37.738,59.71,66.372,15.514
172.33,142.4,0.34074,34.807,46.019,14.289,37.738,54.36,65.187,16.088
174.52,144.36,0.32731,35.027,46.092,14.216,37.518,44.751,62.612,21.905
176.97,124.82,0.3151,35.393,46.092,14.216,37.518,30.893,69.955,20.767
179.53,91.109,0.34807,35.613,46.019,14.216,37.518,23.297,65.935,15.339
181.85,52.027,0.34929,36.053,46.019,14.289,37.665,38.002,48.714,19.461
183.32,35.173,0.33708,36.419,45.945,14.436,37.958,62.612,59.434,26.209
183.44,80.362,0.3212,36.786,46.019,14.436,39.204,71.54,91.675,21.205
183.32,153.88,0.32731,37.665,45.945,14.362,39.717,69.158,88.648,14.931
182.83,179.04,0.35662,38.691,46.092,14.143,39.57,75.483,59.009,21.451
182.58,171.96,0.34441,38.764,46.238,14.069,39.497,84.252,55.685,28.807
182.34,214.7,0.33097,38.251,46.312,13.85,38.984,74.472,65.601,23.922
181.97,227.89,0.31876,37.152,46.165,13.85,38.105,52.013,57.389,17.037
181.97,172.94,0.35173,36.566,46.165,13.85,37.592,42.981,55.616,18.191
181.73,117,0.35296,36.126,46.019,13.923,37.372,48.21,68.248,20.452
181.73,113.34,0.3383,35.833,46.019,13.996,37.372,44.992,62.794,19.622
181.49,107.47,0.32853,36.053,45.945,13.996,37.665,38.293,47.641,22.074
181.36,67.416,0.31387,36.199,45.872,14.069,37.885,54.615,47.021,27.08
181.24,74.255,0.35418,36.199,45.799,13.996,38.178,78.705,42.183,25.401
181.12,135.08,0.34685,36.053,45.872,13.996,38.471,70.887,38.741,17.996
181,181.24,0.33464,35.76,45.725,13.996,38.105,45.054,71.91,16.498
180.87,173.42,0.32242,35.027,45.725,13.923,37.665,41.908,100,22.911
180.75,130.43,0.32853,36.053,46.019,13.923,37.592,51.293,77.758,25.897
180.63,100.39,0.3554,37.372,46.165,13.923,37.885,51.469,49.631,20.914
180.39,83.048,0.34196,37.372,46.165,14.069,38.251,62.972,70.798,17.579
180.26,129.95,0.32975,36.859,46.165,13.923,38.324,83.91,80.938,21.843
180.26,196.14,0.31632,37.152,46.092,13.85,38.471,71.208,50.551,27.01
179.9,197.36,0.35662,37.298,46.165,13.85,38.178,38.751,48.876,27.025
179.78,137.52,0.34807,36.712,46.312,13.923,37.811,46.618,80.825,23.418
179.53,123.35,0.33586,35.906,46.532,13.85,37.738,79.137,72.879,18.159
179.41,157.79,0.3212,36.639,46.532,13.923,38.178,72.838,36.075,13.085
179.29,166.34,0.33586,36.712,46.605,13.996,38.105,38.727,35.706,12.615
178.92,126.77,0.35784,36.273,46.532,13.923,37.592,28.486,56.959,17.021
178.92,85.247,0.34319,35.393,46.532,13.923,37.298,38.199,63.069,20.692
179.04,68.881,0.32975,34.88,46.605,13.923,37.592,41.484,71.894,21.73
178.68,76.698,0.31754,35.54,46.092,13.996,38.178,42.765,80.596,23.073
178.8,87.201,0.36395,36.859,45.652,14.069,38.911,46.711,59.633,24.349
178.55,78.896,0.35051,37.445,45.579,13.996,39.204,45.445,40.045,22.751
178.55,59.599,0.33708,37.518,45.579,13.996,39.13,41.65,61.806,19.455
178.43,90.132,0.32242,37.225,45.506,13.996,39.35,39.215,85.198,18.292
178.31,85.979,0.3212,37.445,45.799,13.996,39.497,39.952,71.967,20.247
178.31,71.324,0.35784,38.178,46.019,13.996,39.717,55.375,56.478,22.053
178.07,81.339,0.34319,38.178,46.165,13.996,39.936,77.526,60.01,20.95
177.94,143.38,0.33097,38.031,46.312,13.996,40.01,74.52,53.373,19.774
177.58,186.61,0.31754,37.738,46.458,13.85,39.863,51.797,34.672,21.116
177.58,154.62,0.34441,37.592,46.312,13.85,39.277,47.654,33.212,19.52
177.58,106.99,0.35173,37.079,46.238,13.85,38.837,58.581,47.246,12.426
177.21,109.43,0.33708,36.053,46.312,13.923,38.398,57.423,58.287,10.266
177.09,135.81,0.32487,34.807,46.458,13.996,38.105,57.987,66.206,17.628
176.97,144.6,0.32487,34.807,46.532,13.923,37.885,74.556,69.27,20.811
176.97,169.76,0.3615,35.247,46.165,13.85,37.738,78.573,61.802,13.56
176.48,200.05,0.34563,35.613,46.165,13.85,37.445,60.964,54.623,10.665
176.48,184.9,0.33341,35.613,46.165,13.776,36.932,53.89,55.583,19.169
176.48,152.91,0.32242,35.247,46.165,13.85,36.712,60.656,57.203,25.631
176.11,143.62,0.34196,35.1,46.165,13.85,36.712,54.626,59.744,22.485
175.87,134.83,0.3554,35.027,46.312,13.85,36.859,40.936,63.152,17.522
175.87,119.93,0.34196,35.247,46.238,13.85,36.932,40.001,54.669,15.212
175.87,82.316,0.32853,35.393,46.238,13.923,37.152,45.752,44.836,13.192
175.5,63.508,0.31754,35.467,46.312,13.85,37.518,51.698,59.815,12.212
175.38,95.506,0.3383,35.393,46.385,13.996,37.811,63.686,77.552,14.019
175.26,138.74,0.34929,35.979,46.751,13.923,38.251,69.942,60.253,17.601
174.89,147.53,0.33708,36.419,46.678,13.923,38.398,58.728,40.069,21.629
174.89,135.81,0.32487,36.419,46.605,13.923,38.031,50.082,64.121,23.166
174.77,138.98,0.31998,35.979,46.532,13.923,38.031,57.785,97.969,19.623
174.65,153.15,0.36028,36.712,46.238,13.996,38.105,62.089,91.736,15.511
174.28,137.52,0.34563,38.031,46.238,13.923,38.398,56.519,68.993,16.906
174.28,127.02,0.33219,38.398,46.458,13.923,38.471,61.308,64.72,21.816
174.28,136.79,0.31876,38.105,46.458,13.996,38.617,72.034,68.562,25.425
173.91,157.3,0.33952,37.592,46.312,13.85,38.471,64.701,74.231,26.933
173.91,175.87,0.35296,37.445,46.165,13.923,38.691,53.483,86.147,26.643
173.67,151.69,0.34196,37.665,46.238,13.85,38.544,69.702,82.809,25.247
173.3,149.98,0.32853,38.031,46.312,13.923,38.544,94.375,59.744,23.628
173.18,202.25,0.31632,38.105,46.238,13.85,38.544,86.432,53.848,19.509
172.81,261.36,0.36395,37.445,46.238,13.776,37.885,59.167,69.739,13.567
172.81,234.25,0.34929,36.492,46.092,13.85,37.005,55.53,72.535,13.431
172.69,179.78,0.33464,36.053,45.945,13.85,36.859,71.448,64.094,18.809
172.33,165.61,0.32487,36.053,45.872,13.85,36.786,71.496,63.901,18.442
172.33,181.24,0.34196,35.833,45.872,13.85,36.786,52.163,56.453,12.502
171.84,150.95,0.35784,35.833,46.019,13.85,36.639,34.332,43.776,13.797
171.96,83.293,0.34319,35.613,45.945,13.85,36.712,28.7,56.863,22.948
171.84,45.677,0.33097,35.173,45.872,13.996,37.005,42.908,70.916,28.732
171.84,57.157,0.31876,35.467,46.019,13.923,37.518,74.816,42.278,26.848
171.47,93.552,0.33586,35.906,45.945,13.996,38.178,89.494,15.767,18.276
171.35,191.99,0.35296,35.833,45.945,13.923,38.105,63.552,44.355,6.6984
170.98,217.88,0.33464,35.32,46.019,13.85,37.298,35.827,76.701,5.0638
170.86,169.52,0.32487,34.074,46.092,13.85,36.786,47.414,64.342,18.662
170.86,114.07,0.3151,34.587,46.312,13.85,36.859,73.17,52.885,29.538
170.86,117,0.36028,34.88,46.312,13.923,37.225,77.007,64.457,25.172
170.37,182.46,0.34441,35.027,46.385,13.923,37.079,72.733,52.951,19.143
170.49,192.48,0.33219,34.954,46.605,13.85,36.566,76.967,24.256,21.246
170,189.3,0.31632,34.88,46.532,13.85,36.199,75.538,28.733,21.86
169.88,209.57,0.35173,34.734,46.458,13.776,35.686,69.036,47.198,17.822
169.64,198.58,0.35173,33.561,46.458,13.85,35.1,75.309,38.842,16.492
169.52,188.08,0.33952,32.535,46.605,13.776,34.807,81.443,32.639,16.306
169.03,215.68,0.32364,32.242,46.532,13.85,34.367,66.938,52.186,14.758
168.91,222.28,0.32731,31.143,46.532,13.85,33.561,52.86,57.814,18.801
168.66,164.88,0.35784,30.997,46.532,13.85,33.415,59.923,37.351,26.482
168.66,129.21,0.34441,31.216,46.678,13.85,33.635,61.747,34.134,25.516
168.42,131.66,0.33219,31.143,46.532,13.923,34.074,41.393,57.155,18.131
168.54,119.2,0.31754,30.703,46.532,13.996,33.854,33.603,71.353,16.773
168.17,95.017,0.33586,31.583,46.238,13.923,34.074,54.578,65.962,19.741
167.93,93.552,0.35173,32.975,46.092,13.996,35.027,62.771,54.814,19.339
167.93,105.76,0.33586,33.854,46.238,13.996,35.76,41.393,45.537,20.303
167.81,92.574,0.32364,34.074,46.238,13.923,35.906,35.677,47.572,26.761
167.68,50.562,0.31143,34.074,46.312,13.996,36.199,60.454,63.897,28.503
167.56,97.215,0.35906,34.221,46.458,13.996,36.932,67.142,73.625,18.669
167.44,143.87,0.34563,35.027,46.751,13.923,37.298,44.169,66.559,9.452
167.2,132.14,0.33341,35.613,46.971,13.996,37.445,41.696,64.606,14.251
167.07,106.01,0.31998,35.979,46.751,13.85,37.665,66.816,74.793,24.697
167.07,125.31,0.33341,36.346,46.532,13.996,38.178,71.328,72.263,23.04
166.83,157.06,0.3554,37.079,46.238,13.923,38.324,53.213,53.776,12.541
166.71,135.08,0.34319,37.005,46.238,13.776,38.324,52.336,49.093,12.263
166.59,108.45,0.32853,36.712,46.019,13.85,38.251,63.987,65.248,22.35
166.46,135.56,0.31754,36.346,45.872,13.85,38.031,63.379,76.506,24.594
166.22,165.12,0.36028,36.273,45.579,13.85,38.251,64.403,72.986,17.515
165.97,161.46,0.35051,36.859,45.579,13.85,38.178,72.428,67.567,16.021
165.73,167.32,0.33586,36.786,45.725,13.85,37.958,61.335,61.759,20.093
165.73,164.39,0.32364,36.712,45.799,13.923,37.738,42.123,51.012,19.15
165.61,109.43,0.33219,36.492,45.725,13.923,37.518,51.228,46.829,16.592
165.36,84.758,0.35784,35.979,45.579,13.923,37.518,70.536,54.776,19.391
165.12,121.89,0.34441,35.613,45.506,13.996,37.811,65.942,58.24,21.996
165,155.35,0.33219,35.393,45.432,13.923,37.665,59.77,51.291,21.356
165.12,143.87,0.31876,35.247,45.359,13.85,37.445,70.693,48.398,22.9
164.75,149.73,0.33097,35.027,45.506,13.85,37.152,64.839,50.617,23.344
164.63,159.26,0.35296,34.807,45.579,13.923,36.859,35.403,49.554,15.718
164.51,110.41,0.3383,34.367,45.799,13.85,36.639,28.082,53.499,8.092
164.26,52.76,0.32609,34.074,45.945,13.85,36.492,52,62.571,11.264
164.14,68.149,0.31387,34.294,46.092,13.996,37.079,67.275,57.296,19.84
163.9,98.925,0.35784,34.807,46.165,13.923,37.592,62,47.519,24.521
163.78,126.77,0.34685,35.027,46.092,13.996,37.445,55.464,63.709,26.053
163.53,144.6,0.33586,35.027,46.092,13.85,37.445,48.975,86.542,26.886
163.53,130.43,0.3212,35.613,46.312,13.85,37.445,35.625,77.527,26.431
163.53,99.658,0.33219,36.639,46.605,13.85,37.592,27.828,61.301,26.116
163.29,57.157,0.3554,36.932,46.678,13.996,38.031,40.162,74.014,26.187
163.04,58.867,0.34196,37.225,46.751,13.996,38.617,66.39,82.654,23.638
163.17,102.83,0.32853,37.958,46.605,13.996,39.57,84.291,54.417,20.09
163.04,158.52,0.31754,38.398,46.605,13.85,39.643,78.807,25.841,20.52
162.8,207.87,0.36395,38.178,46.385,13.85,39.057,61.763,27.177,22.948
162.43,195.16,0.35051,37.958,46.238,13.85,38.324,55.346,34.077,21.742
162.43,150.95,0.33586,37.225,46.165,13.923,37.592,58.176,34.329,18.129
161.94,125.31,0.32487,36.346,46.092,13.923,37.225,56.268,45.636,17.014
162.07,120.91,0.31143,34.367,45.945,13.85,36.639,53.639,63.408,19.108
161.94,132.39,0.35662,33.048,46.092,13.923,36.492,57.228,69.317,22.673
161.58,137.52,0.34441,33.635,45.652,13.923,36.419,57.411,65.664,25.885
161.7,129.7,0.32975,34.441,45.579,13.996,36.566,51.335,56.679,25.328
161.33,115.53,0.31876,34.807,45.579,13.923,36.639,51.286,41.626,20.302
161.21,88.422,0.34929,34.954,45.579,13.85,36.639,57.091,36.107,17.084
160.97,96.971,0.35051,34.66,45.652,13.996,36.786,55.095,51.773,20.314
160.85,117.98,0.33952,34.367,45.652,13.996,36.786,43.699,72.221,24.548
160.72,123.6,0.32242,34.221,45.945,13.996,36.859,36.91,81.943,23.063
160.6,100.39,0.32609,35.247,46.678,13.996,37.225,49.482,85.901,18.308
160.6,82.071,0.35662,36.566,47.118,13.996,37.885,77.142,88.66,15.514
160.6,134.34,0.34441,37.665,47.338,13.996,38.178,87.164,85.881,15.074
160.23,214.95,0.33219,38.251,47.264,13.85,38.324,60.075,72.307,17.525
160.11,206.64,0.31754,38.031,47.118,13.85,38.105,34.581,49.555,23.68
159.99,117.24,0.35173,37.665,47.044,13.85,38.031,51.982,38.854,26.383
159.62,73.522,0.35051,37.152,46.971,13.923,38.031,78.308,60.387,18.683
159.5,144.36,0.3383,36.419,46.751,13.996,38.617,61.103,89.039,10.39
159.14,187.59,0.32487,36.639,46.092,13.85,38.251,26.569,85.921,15.662
159.14,109.43,0.3383,37.665,46.238,13.923,38.251,31.493,66.27,26.903
159.01,41.28,0.36028,38.178,46.312,13.923,38.398,62.597,62.586,26.025
159.01,70.835,0.34563,38.031,46.165,13.923,39.204,68.817,58.748,17.217
158.89,131.17,0.33219,37.885,45.945,13.996,39.717,51.321,39.008,19.738
158.52,121.64,0.31876,37.738,45.872,13.923,39.204,48.609,35.004,31.447
158.77,96.727,0.34563,37.445,45.652,13.923,38.984,65.305,58.826,30.951
158.28,128.97,0.35173,36.492,45.432,13.923,39.057,73.37,73.232,16.387
158.04,175.13,0.33586,35.979,45.359,13.923,38.764,64.648,63.581,9.5795
158.16,170,0.32731,36.346,45.652,13.85,38.324,58.391,54.852,17.12
157.67,144.36,0.32609,36.346,46.019,13.923,37.885,62.366,57.668,20.778
157.67,144.36,0.35906,36.053,46.312,13.85,37.665,60.995,63.78,14.145
157.43,153.64,0.34441,35.686,46.532,13.923,37.445,47.751,66.404,13.574
157.3,138.74,0.33219,35.76,46.678,13.923,37.518,41.198,56.643,24.112
157.18,102.83,0.31876,35.833,46.605,13.923,37.811,54.752,43.144,30.717
157.06,73.278,0.35051,35.833,46.605,13.996,37.592,71.482,53.165,28.441
156.81,123.6,0.35173,35.613,46.605,13.923,38.178,68.477,72.445,26.004
156.69,174.89,0.33952,35.467,46.678,13.923,37.811,54.736,57.196,23.408
156.45,155.59,0.32731,35.76,46.825,13.85,37.738,59.198,30.058,18.308
156.45,115.29,0.32731,35.76,46.971,13.923,37.811,80.343,51.042,18.221
156.08,179.29,0.36028,35.173,46.898,13.85,37.445,83.357,96.039,21.826
155.84,261.6,0.34807,35.393,46.751,13.923,37.225,62.059,95.228,17.832
155.47,227.41,0.33464,37.005,46.605,13.85,36.786,54.934,59.134,13.181
155.47,147.53,0.3212,37.372,46.458,13.85,36.492,75.249,45.158,20.848
155.23,140.94,0.32975,36.932,46.458,13.85,36.786,86.563,59.483,26.888
154.98,219.59,0.3554,36.199,46.458,13.85,36.859,70.62,78.822,17.384
155.11,232.78,0.34074,35.76,46.312,13.923,36.786,50.969,90.17,11.351
154.62,176.11,0.32853,36.492,46.458,13.85,36.639,42.873,75.458,21.696
154.49,113.83,0.31754,37.079,46.605,13.923,36.786,45.017,43.045,28.029
154.37,63.263,0.35173,37.005,46.532,13.85,37.298,58.341,46.154,21.332
154.25,83.048,0.35051,36.492,46.532,13.996,38.031,67.058,88.013,19.15
154.13,155.59,0.33708,36.273,46.312,13.923,38.251,55.868,94.967,23.181
153.88,155.59,0.32364,37.738,46.385,13.85,38.471,52.893,51.326,20.929
153.76,104.79,0.32731,38.251,46.605,13.85,38.544,75.015,30.48,18.716
153.64,118.22,0.35906,37.885,46.532,13.923,38.617,78.237,48.052,22.267
153.52,184.42,0.34563,37.005,46.532,13.85,38.471,50.685,41.823,18.735
153.27,165.36,0.33097,36.273,46.385,13.85,37.885,48.819,15.11,10.575
152.91,113.34,0.31998,36.199,46.385,13.923,37.592,73.616,33.391,15.114
152.91,135.56,0.35051,35.686,46.238,13.923,37.372,66.823,82.698,22.612
152.54,188.81,0.35296,33.195,45.799,13.923,36.786,47.207,86.917,15.14
152.54,142.89,0.34074,34.807,46.238,13.923,36.566,65.826,46.026,8.4296
152.42,101.61,0.32609,35.686,46.532,13.923,36.712,80.503,28.309,17.358
152.17,153.15,0.32853,35.467,46.458,13.923,36.786,55.461,52.761,21.881
151.93,178.07,0.36028,34.514,46.458,13.923,36.273,53.022,74.33,12.182
151.81,164.88,0.34807,34.001,46.385,13.923,36.126,85.091,63.382,10.22
151.56,183.68,0.33464,34.587,46.532,13.923,36.639,72.649,42.342,20.909
151.44,199.32,0.32364,34.807,46.605,13.85,36.273,26.013,49.285,24.395
151.2,134.59,0.32609,34.294,46.678,13.923,35.906,29.944,83.163,20.119
151.07,75.965,0.35784,34.221,46.971,13.923,35.979,60.858,99.059,20.818
151.07,93.552,0.34441,36.419,47.118,13.923,37.298,50.89,72.779,20.013
150.83,95.75,0.33097,37.592,47.191,13.996,37.958,38.693,40.03,11.732
150.83,55.203,0.31754,37.518,47.264,13.996,38.178,64.886,39.413,10.939
150.71,73.766,0.34685,37.152,47.338,13.996,38.764,75.272,58.879,22.988
150.46,156.33,0.35173,36.639,47.191,13.923,38.837,51.531,70.811,30.038
150.22,163.17,0.3383,36.346,46.751,13.85,38.617,51.493,70.846,23.949
150.1,136.05,0.32487,36.566,46.458,13.923,38.764,75.582,62.889,17.469
149.98,149.98,0.32609,36.859,46.458,13.996,38.764,73.251,53.59,18.862
149.85,173.67,0.36028,36.786,46.238,13.85,38.471,56.703,58.885,22.485
149.61,165.36,0.34563,36.566,46.238,13.923,38.105,65.006,77.475,21.307
149.24,171.96,0.33341,36.419,46.092,13.923,37.958,82.454,84.269,14.18
149.12,219.1,0.3212,37.079,46.165,13.776,37.958,79.8,74.114,6.9445
148.88,232.78,0.34563,37.152,46.312,13.85,37.298,61.324,68.543,7.5646
148.63,205.67,0.35296,36.859,46.458,13.85,36.859,42.679,72.045,13.887
148.39,143.87,0.34196,36.419,46.458,13.996,36.859,36.797,70.275,16.002
148.51,92.574,0.32609,36.419,46.385,13.996,37.225,46.277,62.854,14.322
148.39,79.384,0.32853,36.566,46.238,13.996,37.738,52.985,57.522,17.464
148.27,89.399,0.3615,36.639,46.238,13.996,38.471,48.003,52.919,22.728
148.02,96.971,0.34929,36.786,46.312,13.996,38.691,47.036,50.831,21.289
147.9,84.025,0.33586,36.712,46.312,13.923,38.837,52.954,58.24,17.536
147.78,98.192,0.3212,36.492,46.385,13.923,39.057,56.999,70.569,19.688
147.9,124.82,0.32487,36.566,46.605,13.923,39.13,69.137,76.246,22.132
147.41,156.57,0.3554,37.005,46.678,13.996,39.057,85.885,71.461,18.726
147.17,204.45,0.34319,37.372,46.751,13.85,39.057,76.947,58.685,16.088
147.04,224.47,0.32853,37.152,46.605,13.85,38.324,50.508,43.565,16.534
146.92,167.56,0.31754,36.932,46.532,13.923,37.592,48.174,34.157,12.589
146.68,107.23,0.3615,36.346,46.458,13.85,37.445,60.966,34.69,8.5492
146.56,106.5,0.34929,35.76,46.312,13.923,37.592,52.516,44.944,16.024
146.43,116.27,0.33586,34.807,46.238,13.923,37.298,40.64,60.522,26.687
146.19,111.87,0.32364,33.781,46.019,13.923,37.298,56.114,69.781,24.773
146.19,117.73,0.33952,34.221,46.092,13.923,37.445,77.368,68.994,17.297
145.95,157.79,0.3554,35.027,46.605,13.923,37.665,80.93,72.386,17.31
145.58,210.55,0.34196,35.686,46.825,13.923,37.518,81.05,81.899,18.456
145.58,241.33,0.32975,36.126,46.751,13.85,37.079,82.949,77.234,15.196
145.33,247.19,0.31754,36.492,46.751,13.776,36.566,75.427,59.407,16.729
144.85,235.22,0.36517,36.273,46.825,13.923,36.199,67.483,52.989,22.842
144.85,202.98,0.35051,35.833,46.678,13.923,36.053,67.809,56.444,23.167
144.6,187.35,0.33586,35.247,46.458,13.85,35.979,61.824,52.831,22.02
144.48,161.21,0.32364,34.807,46.458,13.923,35.979,49.303,51.15,26.587
144.11,131.17,0.31754,34.587,46.458,13.85,36.053,52.057,57.207,27.33
144.11,87.934,0.35662,34.441,46.458,13.923,36.273,67.597,52.815,21.274
143.87,126.28,0.34319,34.514,46.751,13.923,36.786,69.361,43.034,21.883
143.5,146.31,0.32975,34.66,46.825,13.996,36.932,52.274,50.502,27.816
143.62,146.07,0.31754,34.367,46.678,13.996,36.859,37.704,60.85,24.736
143.5,113.09,0.34563,34.148,46.458,13.996,36.786,42.674,56.354,17.748
143.26,75.965,0.35418,34.441,46.092,13.996,37.079,61.877,59.899,17.479
143.14,98.192,0.3383,35.027,45.725,14.069,37.518,71.734,73.938,14.739
143.01,156.33,0.32609,35.613,45.725,14.069,37.738,60.157,63.544,6.8423
142.89,153.4,0.32731,36.053,45.945,13.923,37.738,51.413,42.018,10.269
142.53,111.63,0.36028,36.126,45.945,13.996,37.592,67.957,55.372,22.891
142.53,133.61,0.34563,35.686,45.945,13.923,37.665,81.376,81.655,23.082
142.28,204.69,0.33219,35.613,46.312,13.85,37.811,58.161,72.156,12.771
142.04,192.97,0.31876,36.126,46.458,13.85,37.372,29.227,49.376,10.983
141.91,101.12,0.34929,35.979,46.605,13.923,37.152,40.496,52.424,16.657
141.67,55.936,0.35296,35.76,46.678,13.85,37.372,69.416,62.238,19.521
141.55,105.03,0.33952,35.613,46.678,13.996,38.178,72.118,59.195,21.231
141.43,152.42,0.32731,35.906,46.605,13.996,38.031,65.312,61.437,21.014
141.3,168.78,0.33097,35.906,46.385,13.85,37.958,76.692,69.777,14.732
141.06,189.79,0.36273,36.053,46.385,13.996,37.885,77.762,65.41,11.509
140.82,211.04,0.34929,36.126,46.165,13.923,37.665,49.709,60.314,17.416
140.69,174.89,0.33586,35.979,46.019,13.923,37.225,38.434,75.529,20.515
140.57,134.83,0.32364,35.906,45.799,13.996,37.079,69.302,93.06,17.566
140.45,133.61,0.32609,37.079,45.799,13.996,37.738,94.761,81.167,21.039
139.84,207.62,0.35662,37.811,46.165,13.923,37.811,82.067,45.791,28.058
139.84,235.96,0.34074,37.592,46.165,13.776,37.518,52.508,35.8,18.381
139.84,195.16,0.33097,37.225,46.092,13.85,36.639,68.15,74.299,19.489
139.35,195.65,0.31632,35.467,46.019,13.923,36.566,62.74,97.082,19.073
139.35,191.74,0.35051,35.906,45.945,13.85,36.712,48.691,78.004,16.62
139.23,143.62,0.35051,36.859,46.238,13.85,36.786,53.853,67.86,18.67
138.98,122.37,0.3383,36.932,46.312,13.923,37.152,62.087,72.984,22.69
138.98,144.11,0.32242,36.932,46.238,13.996,37.665,53.79,53.751,21.015
138.62,113.09,0.33708,36.786,46.092,13.923,37.811,51.352,35.473,18.427
138.74,94.04,0.3554,36.712,46.165,13.923,37.958,62.965,49.44,20.176
138.37,116.02,0.34563,36.199,45.945,13.996,38.031,56.077,55.932,18.774
138.25,128.24,0.33219,35.54,45.945,13.923,37.958,30.856,48.47,14.039
138.01,86.224,0.31876,35.32,45.945,13.923,37.811,32.881,66.988,16.804
138.01,66.927,0.35296,35.247,46.165,13.996,38.178,65.149,74.084,22.709
137.88,97.704,0.35296,35.906,46.238,13.996,38.617,78.36,28.143,19.389
137.76,131.9,0.34196,36.419,46.165,13.996,38.837,61.535,6.7622,13.51
137.4,158.52,0.32609,36.346,46.238,13.923,38.178,53.511,55.471,14.505
137.15,151.2,0.31632,35.54,46.092,13.996,37.665,63.622,82.908,14.414
137.15,161.21,0.36028,34.587,46.312,13.996,37.298,64.806,50.515,10.449
136.91,131.66,0.34807,35.467,46.385,13.923,37.445,57.522,34.751,12.706
136.66,122.37,0.33341,35.32,46.385,13.996,37.372,63.672,47.971,18.596
136.42,136.05,0.32242,34.66,46.312,13.923,36.859,72.163,41.298,17.408
136.3,153.4,0.32731,34.294,46.312,13.923,36.566,59.871,39.257,13.474
136.17,152.42,0.35784,33.854,46.312,13.85,36.492,45.76,69.091,14.078
136.05,148.75,0.34563,33.341,46.458,13.85,36.273,61.936,82.841,15.44
136.05,148.75,0.33219,34.221,46.971,13.923,36.419,93.783,69.17,16.854
135.81,203.47,0.31876,35.467,46.898,13.85,36.932,100,72.965,21.519
135.44,285.05,0.34196,35.54,46.825,13.776,36.419,81.801,83.701,24.823
135.32,298.97,0.35296,35.76,46.751,13.85,35.686,61.44,71.503,24.491
134.83,246.21,0.34196,35.906,46.678,13.85,35.393,56.239,67.128,25.375
134.71,181.97,0.32609,35.613,46.678,13.85,35.686,58.319,83.831,24.736
134.59,153.64,0.3151,35.906,46.532,13.923,36.053,58.74,81.25,18.3
134.34,148.02,0.36273,36.712,46.532,13.923,36.419,58.128,58.555,13.406
134.34,128.48,0.34929,37.079,46.532,13.996,37.079,56.887,50.229,13.054
134.22,106.74,0.33464,36.712,46.385,13.923,37.298,53.13,50.735,10.547
133.98,106.74,0.32364,36.492,46.312,13.996,37.518,53.374,48.223,10.528
133.85,102.59,0.34074,35.979,46.238,13.923,37.811,62.391,57.216,20.8
133.61,124.82,0.35662,35.54,46.092,13.923,37.958,62.152,67.397,29.431
133.61,155.35,0.34319,35.613,45.945,13.923,37.885,40.497,57.787,25.31
133.24,110.65,0.33097,35.76,45.725,13.996,37.811,32.128,50.69,19.322
133.24,59.599,0.31754,35.833,45.579,13.923,37.811,66.992,65.317,19.865
133.12,89.399,0.33708,35.979,45.579,13.996,38.544,99.596,77.664,20.045
132.76,219.35,0.35173,36.492,45.506,13.923,38.471,75.713,75.749,17.942
132.63,254.03,0.3383,36.712,45.799,13.923,37.811,30.288,72.436,16.779
132.63,177.33,0.32609,36.419,46.092,13.85,37.152,23.453,63.167,14.373
132.39,77.675,0.3151,36.273,46.312,13.85,36.932,40.674,47.589,13.873
132.39,51.295,0.3615,36.346,46.238,13.923,37.225,45.794,48.631,20.003
132.02,55.447,0.34685,36.126,46.165,13.996,38.324,49.512,60.548,22.104
132.02,93.796,0.33341,36.053,46.165,14.069,38.617,57.878,51.069,13.865
131.78,93.552,0.31998,36.199,46.238,14.069,38.764,49.785,28.81,11.508
131.78,87.201,0.33586,36.053,46.385,13.996,38.617,35.201,28.271,21.335
131.53,66.194,0.3554,36.053,46.312,13.996,38.544,39.866,45.513,25.261
131.29,53.981,0.34074,35.393,46.238,13.923,38.471,50.913,55.712,19.18
131.41,76.209,0.32853,34.587,46.458,13.923,38.617,58.118,57.003,19.834
131.29,97.215,0.31632,34.807,46.312,14.069,38.764,82.152,54.569,27.774
131.05,169.76,0.36028,35.173,46.092,13.996,38.837,100,45.631,29.165
130.68,253.54,0.35051,35.32,45.945,13.85,37.665,93.092,38.144,25.617
130.31,295.8,0.3383,35.1,46.019,13.85,36.566,56.02,44.568,25.654
130.07,244.99,0.32487,34.294,45.725,13.85,35.1,50.725,56.759,25.49
129.95,171.23,0.34196,33.195,45.652,13.923,34.734,69.043,57.308,21.115
129.82,149.49,0.3615,32.829,45.872,13.923,34.88,73.909,47.981,17.88
129.58,165.85,0.34563,32.902,46.165,13.923,34.954,69.745,44.772,19.12
129.46,177.09,0.33464,32.902,46.238,13.85,34.954,67.23,53.21,21.958
128.97,177.33,0.32242,32.682,46.532,13.923,34.954,56.286,65.493,22.86
128.97,162.68,0.32364,32.829,46.678,13.923,34.88,45.917,73.565,20.067
128.85,138.5,0.3554,33.415,46.825,13.85,35.173,52.251,71.459,16.35
128.6,128.97,0.34319,34.441,46.971,13.996,35.906,59.844,59.606,16.442
128.6,122.86,0.32731,34.954,46.825,13.923,36.346,57.202,55.613,17.939
128.48,121.15,0.31754,35.173,46.825,13.923,36.712,61.199,71.017,15.588
128.24,149.98,0.34807,35.393,46.751,13.996,36.859,71.123,79.139,12.734
128.11,170.49,0.35173,36.053,46.458,13.923,37.152,66.987,56.481,14.385
127.87,151.69,0.33708,36.419,46.532,13.923,37.518,56.862,35.798,16.885
127.63,130.68,0.32487,36.346,46.458,13.923,37.298,59.631,49.061,16.56
127.63,131.41,0.32609,35.686,46.385,13.923,37.372,66.563,63.999,16.356
127.5,158.52,0.3615,35.173,46.312,13.923,37.518,66.793,53.836,16.622
127.26,153.88,0.34563,35.173,46.019,13.996,37.445,65.897,53.207,13.043
127.02,153.15,0.33341,35.027,45.872,13.923,37.152,61.435,74.967,7.2925
126.65,174.16,0.32242,35.173,45.725,13.923,36.932,49.762,74.589,8.2347
126.77,151.44,0.34196,35.613,45.506,13.996,36.859,45.382,46.556,18.975
126.53,86.957,0.3554,35.833,45.579,13.923,37.005,54.17,40.497,29.478
126.4,79.873,0.34441,35.686,45.579,13.996,37.225,61.072,62.055,28.858
126.53,124.57,0.32975,35.247,45.579,13.923,37.518,62.724,67.663,21.783
126.16,144.36,0.31998,35.32,45.579,13.923,37.445,69.222,48.57,20.008
125.79,141.67,0.36395,35.467,45.652,13.923,37.592,78.389,34.012,21.812
125.67,174.16,0.34929,35.393,45.725,13.923,37.152,84.046,36.754,19.914
125.55,224.72,0.3383,35.027,45.872,13.923,36.492,85.318,44.59,20.265
125.06,259.89,0.32242,34.148,45.872,13.85,35.833,73.857,42.221,27.192
124.82,240.6,0.31632,33.341,45.872,13.85,34.954,50.23,32.548,27.734
124.57,178.31,0.35784,32.975,45.872,13.923,34.367,40.421,38.873,17.311
124.45,109.43,0.34319,32.169,46.019,13.996,34.074,54.514,63.379,13.689
124.45,116.76,0.32853,30.85,46.165,13.923,34.367,64.224,73.707,23.416
124.21,143.38,0.31998,31.803,46.458,13.996,34.734,53.291,64.465,28.9
124.08,138.5,0.3554,33.048,46.238,13.923,35.027,40.038,65.193,22.538
123.84,114.07,0.35051,33.635,46.238,13.996,35.247,35.637,66.875,17.276
123.84,85.491,0.33586,34.221,46.238,13.923,35.76,33.716,40.495,19.076
123.84,28.334,0.32364,34.66,46.165,14.069,36.053,37.229,20.396,20.618
123.72,18.075,0.33097,34.514,46.092,14.069,36.419,51.852,50.969,18.928
123.6,43.967,0.35784,34.294,46.165,14.069,37.445,70.665,90.561,17.639
123.47,133.37,0.34319,35.1,46.605,14.069,37.958,86.489,81.407,18.544
123.11,197.12,0.32975,36.712,46.751,13.923,37.811,93.284,48.41,20.166
122.74,246.95,0.31754,36.932,46.898,13.85,37.738,81.415,40.652,19.795
122.74,264.53,0.36395,36.273,46.898,13.85,36.492,57.941,53.591,17.835
122.25,220.08,0.35051,35.247,46.825,13.923,35.979,43.854,61.174,18.612
122.13,153.64,0.3383,34.221,46.532,13.923,35.76,39.112,56.07,21.332
122.13,91.597,0.32487,34.221,46.165,13.996,35.833,34.37,45.665,20.314
122.01,42.501,0.31265,34.221,45.872,13.923,36.126,43.345,48.837,17.665
122.13,39.57,0.35784,34.148,45.652,14.069,36.859,67.052,72.53,18.931
121.89,109.43,0.34319,34.66,45.725,14.069,37.445,67.237,85.23,20.514
121.64,153.4,0.32975,35.979,46.092,13.996,37.665,35.744,62.593,19.607
121.64,114.31,0.31876,36.712,46.312,13.923,37.518,25.674,37.207,21.569
121.4,42.013,0.34807,36.566,46.238,13.996,37.665,59.32,46.954,24.789
121.15,40.791,0.35296,36.199,46.312,13.996,38.105,86.076,73.55,22.519
121.15,168.3,0.3383,35.979,45.872,14.069,38.764,72.315,81.252,20.192
120.79,217.15,0.32609,36.492,45.652,13.923,38.471,46.452,71.727,22.748
120.54,166.59,0.31387,36.786,46.019,13.923,37.958,34.564,64.867,20.438
120.66,106.25,0.36028,36.786,46.312,13.923,37.811,33.413,64.404,11.928
120.3,62.531,0.34563,36.712,46.385,13.923,37.958,43.839,66.089,10.634
120.3,63.996,0.33341,36.859,46.385,13.996,38.398,62.752,71.854,14.891
120.18,104.54,0.32242,37.298,46.385,14.069,39.13,69.219,80.106,13.016
120.05,148.27,0.34074,37.738,46.312,14.069,39.057,63.99,80.86,13.662
119.93,159.75,0.3554,38.178,46.312,13.996,39.277,71.828,73.191,26.583
119.81,169.76,0.34074,38.324,46.238,13.996,39.204,84.881,70.34,35.525
119.44,206.4,0.33097,37.885,46.092,13.923,38.837,74.713,75.579,29.15
119.2,232.78,0.31632,37.445,45.945,13.923,38.471,56.278,76.058,22.418
118.95,196.14,0.36395,37.225,45.945,13.85,37.738,59.36,69.769,22.555
118.95,154.37,0.35051,37.005,45.799,13.996,37.738,64.621,66.219,18.937
118.71,145.33,0.33708,36.932,45.945,13.923,37.665,48.09,60.54,13.815
118.59,124.82,0.32364,36.712,45.872,13.996,37.811,38.502,46.703,17.242
118.47,76.942,0.31265,36.492,45.945,13.996,37.958,57.999,41.095,21.115
118.22,73.766,0.36028,36.199,45.799,13.996,37.885,72.357,53.958,16.614
118.22,127.02,0.34563,35.686,45.872,14.069,38.324,57.622,68.743,14.527
117.98,156.33,0.33341,35.54,46.165,13.996,38.031,43.168,74.471,21.865
117.73,140.45,0.3212,35.686,46.092,13.996,37.885,51.663,74.753,28.005
117.61,120.91,0.32609,36.273,46.092,13.996,37.958,65.178,65.789,27.512
117.49,129.95,0.35662,36.712,46.019,13.996,38.251,65.839,52.81,27.202
117.49,129.95,0.34196,36.639,46.092,13.996,38.178,57.254,57.882,28.159
117.12,138.98,0.33097,36.492,46.019,13.996,38.031,49.884,74.807,25.237
116.88,148.27,0.31387,36.273,46.385,13.996,37.958,50.724,73.469,20.29
116.76,127.5,0.34929,36.712,46.458,13.996,38.178,51.441,62.631,18.739
116.88,115.05,0.34929,36.859,46.605,14.069,38.324,37.858,72.653,18.799
116.51,101.61,0.33586,36.859,46.605,14.069,38.544,29.265,86.974,14.93
116.63,63.263,0.32487,37.518,46.825,14.069,38.911,56.246,70.92,8.6828
116.27,65.95,0.32731,38.398,46.751,14.069,39.35,89.702,41.626,8.3396
116.27,155.11,0.35784,38.471,46.678,13.923,39.35,80.154,40.614,15.968
115.66,235.22,0.34441,37.958,46.605,13.996,39.204,56.917,65.357,22.601
115.78,214.7,0.33219,36.932,46.458,13.923,38.544,74.094,76.911,22.42
115.41,198.09,0.31876,36.126,45.945,13.923,38.031,98.433,61.606,20.833
115.29,241.08,0.35296,36.419,45.799,13.923,37.592,76.743,51.682,21.085
114.92,257.45,0.35173,36.053,45.872,13.85,36.566,43.441,69.243,19.176
114.68,195.41,0.33952,35.393,45.945,13.996,35.906,44.267,81.118,17.532
114.56,138.01,0.32609,35.32,45.945,13.923,35.979,52.78,59.732,22.234
114.68,112.6,0.31265,35.906,45.945,13.996,36.492,50.365,42.733,26.593
114.31,78.652,0.35906,35.979,46.165,14.069,36.712,66.573,56.794,22.13
114.31,129.95,0.34685,35.54,46.019,13.996,36.786,91.581,59.937,17.553
113.7,201.51,0.33219,35.467,46.019,13.996,36.859,80.515,38.706,21.075
113.46,237.91,0.3212,35.393,45.945,13.923,36.639,51.205,43.648,21.909
113.34,192.48,0.33586,34.807,45.872,13.923,36.053,54.296,70.718,14.292
113.34,160.48,0.3554,33.928,46.092,13.923,35.76,77.942,62.019,13.281
113.09,163.65,0.34196,34.074,46.458,13.996,35.833,82.551,36.725,24.07
113.09,197.85,0.32853,34.294,46.385,13.923,35.76,73.362,50.292,28.052
112.85,231.8,0.31632,33.854,46.458,13.923,35.393,70.175,69.587,18.017
112.48,219.59,0.35662,33.488,46.532,13.85,35.173,67.531,48.403,11.894
112.36,175.62,0.34807,33.488,46.385,13.996,35.027,58.386,27.085,18.082
111.99,138.5,0.33708,33.488,46.458,13.923,35.027,49.236,38.726,22.502
111.99,120.91,0.32487,33.122,46.312,14.069,34.807,49.087,51.327,18.116
111.87,104.54,0.33586,32.242,46.238,13.923,34.807,62.44,57.965,14.319
111.5,122.62,0.35784,32.169,46.385,13.996,35.1,75.875,81.557,14.571
111.26,181.73,0.34563,33.341,46.605,13.923,35.76,66.628,100,13.701
111.14,204.45,0.33341,35.613,46.678,13.996,35.76,45.493,88.434,14.669
111.26,137.27,0.31876,36.786,46.825,13.923,35.979,46.194,65.953,23.226
110.77,96.483,0.3554,37.298,46.751,13.996,36.492,64.291,52.182,31.848
110.65,93.063,0.35296,37.079,46.678,13.996,37.298,69.978,45.209,29.112
110.65,134.59,0.33952,36.786,46.532,13.996,37.665,64.978,53.461,18.541
110.28,156.81,0.32731,36.199,46.458,13.996,37.738,62.376,70.292,13.361
110.16,169.76,0.31387,35.76,46.238,13.996,37.811,54.808,69.388,17.841
110.04,151.2,0.35051,35.979,46.532,13.923,37.592,49.383,60.107,23.859
109.79,141.43,0.34563,36.126,46.605,13.923,37.885,64.006,64.985,23.669
109.67,140.45,0.33464,36.199,46.605,14.069,37.811,73.349,64.869,19.234
109.43,167.32,0.31998,36.346,46.312,13.923,37.885,45.848,50.257,16.689
109.18,130.68,0.33341,36.346,46.092,13.996,37.592,16.57,51.956,16.398
109.18,58.378,0.3554,35.979,45.799,13.923,37.518,31.873,66.37,15.369
109.18,30.532,0.34074,35.833,45.506,13.996,37.665,65.478,58.794,15.612
109.18,86.468,0.32731,36.346,45.213,14.143,38.617,70.733,45.35,20.3
108.82,133.12,0.31387,36.566,45.139,14.069,38.984,58.824,57.217,25.387
108.82,151.69,0.3615,36.492,45.359,14.069,38.764,61.631,71.162,24.747
108.7,161.46,0.34685,36.273,45.872,13.996,38.471,71.843,67.564,19.611
108.45,168.78,0.33341,36.419,46.019,13.996,38.398,65.681,71.41,16.133
108.21,173.67,0.32242,36.492,46.238,13.996,38.105,48.493,85.142,17.462
108.21,153.4,0.33952,36.639,46.532,13.923,37.811,45.135,79.626,20.877
107.84,115.53,0.3554,37.225,46.458,13.996,37.811,56.695,57.139,21.319
107.72,93.063,0.34074,37.372,46.605,13.996,38.178,56.967,42.073,19.087
107.47,88.911,0.32853,37.005,46.385,14.069,38.324,42.77,40.487,19.823
107.35,84.025,0.31632,36.712,46.458,13.996,38.617,46.207,50.299,22.63
107.11,78.163,0.36273,36.126,46.458,13.996,38.617,70.758,61.633,20.154
107.35,130.68,0.35051,35.686,46.532,14.069,38.691,76.081,52.672,15.011
106.86,168.05,0.33708,35.76,46.532,13.996,38.691,56.831,30.784,16.677
106.74,156.08,0.32487,35.686,46.385,13.923,38.031,56.67,31.483,20.818
106.74,133.85,0.31143,35.467,46.312,13.996,37.445,80.203,52.61,16.648
106.5,178.8,0.35906,34.294,46.092,13.996,37.225,81.7,58.855,10.004
106.13,225.94,0.34441,33.708,46.019,13.923,36.566,53.033,48.86,12.806
105.89,192.72,0.33464,33.708,45.872,13.996,35.833,37.248,49.068,20.876
105.89,102.34,0.3212,33.561,45.799,13.996,35.613,55.018,63.795,24.027
105.64,107.72,0.3383,33.415,46.019,14.069,35.613,81.062,78.034,22.244
105.76,180.51,0.35296,34.294,46.019,14.069,36.346,85.394,80.135,19.748
105.4,234.98,0.34074,35.467,46.312,13.996,36.199,65.168,68.014,19.279
105.28,219.35,0.32853,35.613,46.458,13.85,35.979,42.817,54.777,21.82
104.91,141.43,0.31632,35.393,46.532,13.923,35.76,37.769,53.16,21.701
105.03,81.583,0.36028,35.247,46.751,13.996,36.053,45.356,53.545,15.264
104.67,63.019,0.35051,34.954,46.678,14.143,36.492,54.216,48.469,13.284
104.54,72.545,0.33586,35.027,46.825,14.143,37.225,60.629,53.913,21.899
104.42,119.93,0.32609,34.954,46.825,14.069,37.592,59.032,73.999,26.163
104.54,145.82,0.32731,35.247,46.971,13.996,37.592,57.419,86.429,18.013
104.18,149,0.35906,36.346,46.898,14.069,37.885,79.999,80.384,12.702
103.93,174.65,0.34563,37.298,46.751,13.996,37.811,100,64.821,17.696
103.81,244.99,0.33341,37.518,46.458,13.923,37.885,93.338,46.431,21.539
103.44,287.98,0.31998,36.932,46.165,13.923,37.225,49.672,33.69,20.438
103.08,246.21,0.35296,36.566,46.165,13.923,36.053,45.785,35.777,18.751
102.96,144.11,0.3554,35.76,45.872,13.996,35.686,67.146,43.719,13.354
102.96,126.04,0.34196,34.514,45.652,14.069,35.686,53.29,46.098,7.5201
102.47,129.95,0.32853,33.415,45.432,13.996,35.613,32.387,50.914,13.312
102.47,79.629,0.3151,32.829,45.213,14.069,35.613,57.027,63.009,23.767
102.59,95.017,0.34807,32.975,45.799,13.996,35.906,86.373,70.869,21.06
102.22,181.97,0.34807,33.928,46.238,13.996,36.199,75.722,70.366,12.071
102.22,225.45,0.33708,34.587,46.458,13.923,36.126,62.914,68.149,14.516
102.1,209.09,0.32364,34.807,46.385,14.069,35.906,71.572,66.62,23.086
101.86,189.55,0.31876,34.954,46.238,13.996,35.76,72.205,66.996,24.18
101.49,187.35,0.35906,35.1,46.092,13.996,35.833,67.871,67.822,19.745
101.37,185.64,0.34685,35.247,45.945,13.996,35.906,78.937,61.473,16.38
101,186.13,0.33341,35.247,45.945,13.996,35.979,81.943,53.267,16.686
100.88,223.5,0.3212,35.173,46.238,13.923,36.053,69.172,57.372,22.734
100.76,219.35,0.34685,34.88,46.385,13.996,35.613,74.148,64.95,28.446
100.39,204.2,0.35418,34.587,46.825,13.996,35.467,86.884,62.438,24.483
100.39,230.58,0.33952,34.587,46.971,13.996,35.393,69.337,66.286,18.118
99.902,231.31,0.32731,34.441,46.825,13.996,35.173,45.774,83.792,21.1
99.78,182.46,0.32853,34.954,46.312,13.923,35.1,53.857,81.164,25.588
99.536,141.67,0.36273,35.833,45.945,13.996,35.54,66.629,47.144,22.19
99.536,112.12,0.34807,36.126,45.725,13.996,35.979,55.708,29.562,19.813
99.414,119.2,0.33708,36.053,45.725,13.996,36.273,41.548,57.546,22.595
99.047,111.38,0.32364,35.1,45.506,14.069,36.199,38.612,87.675,19.394
99.047,92.574,0.32487,35.32,45.506,14.069,36.712,41.904,73.042,11.15
99.047,71.324,0.35784,36.639,45.799,14.143,37.298,55.018,38.357,12.565
98.925,60.332,0.34563,36.712,45.945,14.143,37.445,66.082,37.824,22.669
98.681,106.74,0.33219,36.492,45.945,14.143,37.665,53.128,64.68,26.449
98.559,147.78,0.31998,35.833,46.092,14.069,37.665,35.08,67.148,20.703
98.315,106.01,0.34929,35.613,45.799,14.069,37.811,39.21,48.097,14.522
98.315,51.783,0.35173,35.833,45.872,14.069,37.885,47.391,57.713,14.244
98.192,65.462,0.33708,35.906,46.019,14.069,38.398,47.62,84.122,20.03
98.07,109.43,0.32487,36.419,46.165,14.143,38.911,64.042,69.944,26.229
98.192,116.02,0.32731,37.372,46.092,14.069,38.837,88.929,31.278,24.792
97.826,176.36,0.36028,37.372,46.092,13.996,38.251,86.483,26.806,18.063
97.338,241.57,0.34563,37.152,46.092,13.923,38.031,71.186,45.705,18.67
97.338,236.69,0.33341,36.053,46.019,13.996,37.005,77.064,52.593,27.827
97.093,216.9,0.31998,34.66,45.945,14.069,36.199,86.393,61.968,29.771
96.849,230.83,0.35173,33.635,46.092,13.996,35.393,78.815,73.977,18.165
96.605,253.05,0.3554,33.781,46.312,13.996,34.807,77.172,59.23,9.2246
96.361,233.76,0.34196,34.001,46.385,13.996,34.441,82.851,42.668,14.712
96.238,226.18,0.32975,33.928,46.312,13.996,34.294,62.531,58.381,21.802
95.994,220.57,0.31998,33.415,46.312,13.923,34.221,28.806,64.314,17.787
95.872,146.8,0.36273,33.195,46.165,13.996,34.294,30.356,39.191,13.089
95.75,54.47,0.34807,33.341,46.238,13.996,34.367,60.572,41.427,18.48
95.628,57.89,0.33708,33.048,46.092,13.996,35.173,71.727,72.708,23.929
95.506,149,0.32242,33.561,46.238,14.143,36.273,60.062,65.13,21.016
95.261,154.37,0.31265,34.221,46.165,14.069,36.346,56.576,35.796,18.483
95.261,120.18,0.35662,34.441,46.238,13.996,36.419,64.566,47.08,20.653
95.017,129.7,0.34441,34.074,46.238,14.069,36.492,66.961,64.23,21.247
94.895,163.65,0.32975,34.001,46.312,14.069,36.419,61.904,45.353,21.809
94.651,142.89,0.31754,34.074,46.385,13.923,36.566,54.16,43.98,25.162
94.406,125.79,0.34563,34.001,46.312,14.069,36.419,45.691,79.634,22.811
94.529,140.69,0.35296,34.001,46.385,14.143,36.566,47.101,87.87,15.73
94.284,107.72,0.33952,35.467,46.312,14.216,36.932,62.338,64.891,19.396
94.162,112.85,0.32731,36.419,46.385,14.143,37.298,71.873,64.672,30.401
93.918,152.91,0.3151,36.492,46.605,13.996,37.592,65.628,72.295,28.634
93.918,168.05,0.3615,36.566,46.458,14.069,37.665,60.53,55.63,17.235
93.674,143.87,0.34929,36.566,46.532,13.996,37.665,58.757,48.803,14.904
93.429,129.95,0.33586,36.273,46.385,14.069,37.665,44.635,62.047,19.35
93.552,123.6,0.32364,35.906,46.165,14.069,37.592,34.721,51.652,19.977
93.185,72.057,0.33219,35.686,45.945,14.069,37.665,53.447,31.401,21.126
93.063,55.447,0.35784,35.686,45.799,14.069,38.031,70.8,51.468,22.708
92.941,112.12,0.34441,35.247,45.652,14.069,38.398,55.241,81.398,15.15
93.063,157.79,0.33097,35.247,45.872,14.069,38.105,43.965,66.287,7.625
92.574,122.13,0.31998,36.126,46.019,14.069,37.958,65.967,36.714,17.171
92.574,97.948,0.3554,36.126,45.872,14.069,37.958,75.3,43.301,31.07
92.33,147.53,0.35418,35.686,45.799,14.069,38.031,47.027,68.401,25.044
92.33,169.52,0.34196,35.247,45.652,14.069,37.592,31.493,80.852,7.1825
92.208,115.78,0.32731,35.393,45.286,14.069,37.518,49.225,89.496,3.5737
92.208,83.781,0.31632,36.859,45.799,14.143,37.958,54.716,99.356,15.688
91.964,100.15,0.34685,38.178,46.385,14.216,38.251,37.506,91.367,24.405
91.72,76.942,0.35051,38.837,46.678,14.143,38.544,38.307,67.529,23.127
91.72,52.76,0.33708,38.984,46.898,14.143,38.764,61.575,56.23,21.687
91.72,72.789,0.32364,38.837,46.751,14.143,38.911,72.417,60.081,23.937
91.72,124.57,0.32364,38.324,46.605,14.069,39.643,62.765,52.006,22.352
91.231,154.13,0.35906,37.958,46.385,14.069,39.57,54.421,36.051,16.093
91.109,129.95,0.34563,37.811,46.312,14.069,39.35,59.781,48.03,14.926
90.865,131.41,0.33219,37.005,46.238,14.143,39.13,68.683,77.42,19.952
90.865,169.27,0.31876,36.126,46.385,14.069,38.911,63.387,73.12,21.881
90.743,166.34,0.34929,36.566,46.092,14.069,38.544,48.554,43.472,21.425
90.62,109.92,0.35296,36.712,46.019,14.069,38.324,50.871,44.376,25.403
90.254,89.399,0.34074,36.273,45.945,14.069,38.251,69.433,69.011,27.023
90.498,150.71,0.32853,35.76,45.945,14.143,38.105,71.848,70.379,19.589
90.01,167.81,0.31876,35.833,45.652,14.069,38.031,58.145,60.65,15.041
90.01,161.46,0.36395,36.053,46.019,14.069,37.958,59.64,69.574,20.311
89.888,154.62,0.35051,36.126,46.092,14.069,37.738,72.663,75.05,21.327
89.521,174.4,0.33586,36.419,46.238,14.069,37.811,71.436,65.815,13.241
89.643,177.33,0.32487,36.639,46.312,13.996,37.738,63.827,67.606,11.439
89.399,172.2,0.31387,36.346,46.458,14.069,37.518,65.086,68.219,19.128
89.399,167.56,0.35784,36.346,46.605,14.069,37.372,61.329,43.748,22.073
89.033,136.3,0.34441,36.126,46.678,14.069,37.372,45.502,32.755,17.872
88.788,107.72,0.33097,35.979,46.678,14.069,37.445,35.64,58.84,16.279
88.788,94.284,0.31754,35.1,46.898,14.143,37.445,40.428,69.982,17.882
88.666,84.758,0.33708,34.88,47.044,14.069,37.592,51.218,50.691,17.145
88.666,67.416,0.35296,35.467,47.191,14.143,38.031,58.954,54.615,14.14
88.422,98.192,0.33708,35.686,46.825,14.143,38.398,58.096,81.671,11.801
88.422,141.91,0.32242,36.199,46.458,14.143,38.691,54.854,83.75,13.145
88.178,134.34,0.32609,37.225,46.092,14.143,38.617,61.703,72.762,18.941
88.056,135.81,0.36028,37.738,46.238,14.143,38.764,70.292,75.703,22.65
88.056,162.92,0.34563,37.885,46.238,14.143,38.837,66.783,65.347,20.171
87.811,162.19,0.33341,37.738,46.238,14.143,38.691,63.672,39.655,20.035
87.689,136.79,0.3212,37.445,46.238,14.069,38.471,67.898,41.699,26.599
87.445,149.49,0.35418,36.932,46.312,14.069,38.324,60.191,60.844,28.748
87.445,162.19,0.35662,36.126,46.312,14.069,38.105,44.405,57.785,22.153
87.445,129.95,0.33952,35.686,46.312,14.069,37.885,45.419,53.807,18.642
87.079,91.353,0.32731,35.54,46.385,14.143,37.885,50.489,67.084,22.04
86.834,115.29,0.32731,35.54,46.532,14.069,38.031,39.774,60.084,22.8
86.957,94.773,0.3615,35.833,46.532,14.216,38.031,40.062,36.734,20.117
86.712,57.89,0.34807,36.126,46.312,14.143,38.251,65.489,50.15,21.926
86.59,85.247,0.33586,35.76,46.165,14.143,38.617,77.78,86.339,26.363
86.468,173.18,0.32364,36.126,45.872,14.069,38.617,61.195,91.195,25.277
86.346,182.46,0.32487,37.445,46.165,14.069,38.471,44.257,76.552,18.849
86.224,138.74,0.36028,37.958,46.605,14.143,38.398,36.168,71.743,13.624
86.224,95.261,0.34196,37.738,46.751,14.216,38.544,31.375,61.097,14.047
85.979,58.867,0.33097,37.665,46.678,14.143,38.764,40.569,48.987,19.48
85.979,49.585,0.31632,37.592,46.605,14.143,39.057,55.202,63.256,23.909
85.979,83.781,0.34929,37.592,46.532,14.143,39.79,53.406,77.788,22.899
85.735,125.79,0.35051,37.738,46.678,14.143,40.083,54.655,59.696,21.714
85.613,118.71,0.33708,38.105,46.678,14.143,40.156,79.458,44.67,26.254
85.369,139.47,0.32242,37.958,46.751,14.069,40.083,93.254,59.706,30.114
85.369,242.06,0.32731,37.518,46.751,13.996,39.57,72.202,70.998,25.075
85.125,232.78,0.35784,36.786,46.605,14.069,38.617,47.836,69.058,17.459
84.88,179.78,0.34319,36.566,46.458,14.069,37.811,38.361,76.75,17.974
84.758,132.14,0.32975,36.419,46.385,14.069,37.665,32.683,72.739,22.842
84.758,83.293,0.31876,36.859,46.312,14.143,38.031,43.24,40.935,21.079
84.392,45.677,0.36273,37.005,46.092,14.143,38.324,76.308,34.272,14.125
84.392,88.666,0.35173,36.859,46.092,14.216,38.984,89.642,72.637,12.738
84.27,224.96,0.33708,36.346,46.019,14.069,38.837,58.827,89.752,18.498
84.025,238.64,0.32487,36.712,46.238,13.996,38.324,23.817,62.632,22.511
83.903,124.57,0.31265,37.079,46.385,13.996,38.031,22.765,49.461,20.243
84.025,42.501,0.35784,36.932,46.605,14.069,37.738,42.894,63.313,15.902
83.903,52.272,0.34196,36.639,46.825,14.143,38.178,55.222,61.844,14.243
83.903,83.048,0.32975,36.859,46.825,14.143,39.204,55.363,51.17,16.783
83.537,89.399,0.31754,37.005,46.751,14.216,39.497,63.919,60.89,22.31
83.659,126.53,0.34074,37.079,46.825,14.216,39.35,89.757,70.023,25.909
83.17,204.93,0.35051,37.005,46.825,14.216,39.424,100,63.53,23.77
83.17,276.5,0.3383,37.079,46.971,14.069,38.691,81.457,72.207,20.337
82.926,294.58,0.32364,36.492,46.898,14.069,37.445,62.522,91.882,22.369
82.56,265.51,0.32487,36.492,46.898,13.996,36.786,73.817,77.704,27.802
82.438,206.89,0.36028,37.225,46.751,14.143,36.639,77.369,43.423,29.475
82.316,183.19,0.34685,37.005,46.825,14.216,36.786,50.736,43.954,26.218
82.071,162.92,0.33219,36.346,46.678,13.996,36.566,38.683,70.419,22.67
82.193,127.75,0.31998,35.393,46.605,14.143,36.492,62.738,76.489,21.486
81.949,127.5,0.35173,35.613,46.458,14.143,37.079,84.099,66.736,21.037
81.827,184.42,0.35418,36.346,46.458,14.069,37.738,85.728,64.422,20.239
81.583,235.71,0.34074,36.346,46.458,13.996,37.665,85.143,57.678,21.911
81.583,264.04,0.32609,36.199,46.605,13.996,37.079,77.287,44.759,26.43
80.972,243.77,0.32853,35.686,46.385,13.996,36.346,56.743,50.807,26.259
81.094,202,0.36028,35.1,46.605,14.069,35.833,49.482,66.496,18.098
80.972,159.01,0.34563,34.221,46.532,14.143,35.613,60.15,61.521,12.694
80.728,138.98,0.33464,34.294,46.605,14.216,36.053,59.729,54.315,16.527
80.606,130.68,0.31998,34.514,46.532,14.216,36.346,50.289,71.464,19.363
80.484,133.37,0.32731,34.88,46.605,14.216,36.492,57.817,79.974,17.458
80.484,145.33,0.35418,35.54,46.532,14.289,36.932,69.742,56.688,22.318
80.484,133.37,0.33952,36.273,46.605,14.143,37.372,61.374,48.694,31.297
80.117,139.72,0.32609,36.126,46.605,14.216,37.372,50.411,75.547,26.872
79.995,160.48,0.3151,35.833,46.532,14.143,37.518,57.94,78.178,13.384
79.751,149.49,0.3615,36.346,46.532,14.216,37.665,65.969,40.277,11.284
79.751,112.6,0.34807,36.639,46.532,14.216,37.958,61.513,30.655,18.938
79.507,125.06,0.33586,36.492,46.532,14.216,38.031,62.795,67.943,22.507
79.507,157.06,0.3212,35.467,46.605,14.143,37.738,73.124,83.816,24.23
79.384,187.1,0.33219,35.686,46.678,14.143,37.592,71.94,55.676,26.389
79.018,167.81,0.3554,36.273,46.678,14.143,37.665,61.55,38.949,20.938
78.896,146.56,0.34319,36.126,46.751,14.143,37.372,60.906,55.59,14.511
78.896,152.91,0.32975,35.393,46.678,14.143,37.079,64.516,69.042,20.608
78.774,160.48,0.31754,35.027,46.458,14.216,37.079,65.61,61.981,27.98
78.53,153.15,0.36395,35.467,46.019,14.143,37.152,81.563,51.155,22.227
78.407,190.52,0.35051,35.467,45.945,14.143,37.225,100,46.378,16.216
78.041,261.11,0.3383,35.173,46.019,14.143,36.566,88.365,46.137,19.597
77.797,292.38,0.32487,34.66,46.019,13.996,35.393,48.564,50.021,18.784
77.675,233.02,0.31265,34.001,46.019,14.069,34.734,45.852,58.678,12.765
77.675,148.02,0.35784,33.341,46.165,14.143,34.66,75.8,73.992,17.165
77.553,169.76,0.34563,33.415,46.385,14.143,35.1,76.124,88.787,26.371
77.308,210.31,0.33219,34.807,46.678,14.069,35.613,50.327,85.371,24.987
77.064,174.65,0.31754,35.979,46.751,14.143,35.54,50.49,68.339,22.045
77.064,127.75,0.33708,36.273,46.898,14.143,35.833,67.888,64.107,27.255
77.064,136.05,0.35296,36.346,46.678,14.216,36.492,64.234,69.707,26.749
76.82,160.48,0.3383,36.273,46.532,14.069,37.225,53.525,62.92,16.255
76.698,147.29,0.32609,36.492,46.385,14.143,37.445,59.156,59.052,13.4
76.575,125.79,0.31754,36.419,46.385,14.143,37.592,65.612,76.994,19.446
76.575,158.52,0.36028,36.566,46.605,14.143,37.811,62.392,84.085,17.279
76.331,168.05,0.34563,37.152,46.751,14.143,38.105,59.525,60.519,9.293
76.331,136.79,0.33586,37.445,46.751,14.143,38.105,57.315,49.621,12.116
75.965,115.29,0.32242,37.152,46.825,14.216,38.105,56.542,69.622,22.289
75.843,144.85,0.34319,36.786,46.605,14.216,38.105,62.38,73.243,23.557
75.721,151.44,0.35662,36.712,46.092,14.143,38.251,61.184,46.776,16.237
75.721,124.33,0.34196,36.859,46.019,14.216,38.324,49.24,37.238,13.9
75.721,104.05,0.32853,36.566,45.652,14.143,38.324,54.049,57.519,19.756
75.598,114.07,0.31632,36.053,45.652,14.216,38.251,75.008,70.457,22.999
75.476,160.23,0.36273,35.76,45.359,14.216,38.105,74.994,62.575,18.323
75.476,186.13,0.35051,35.979,45.579,14.216,38.105,57.312,52.469,16.556
75.11,179.78,0.33586,35.979,45.799,14.143,37.592,56.564,50.905,25.182
74.866,138.5,0.32364,35.686,46.019,14.143,37.152,66.144,57.472,31.646
74.866,146.31,0.3151,35.32,46.165,14.216,37.225,65.812,66.114,25.766
74.988,167.07,0.35784,35.1,46.092,14.143,37.152,68.157,67.772,19.822
74.744,170,0.34441,35.247,46.312,14.143,37.005,74.813,66.146,22.995
74.621,185.88,0.33097,35.613,46.458,14.069,36.932,66.578,65.271,23.499
74.255,183.68,0.31754,35.467,46.532,14.143,36.786,55.972,51.422,16.724
74.133,141.91,0.33586,35.467,46.532,14.216,36.639,64.711,31.377,15.276
73.889,124.82,0.35296,35.393,46.532,14.216,36.712,74.95,40.947,19.316
74.011,167.32,0.34196,34.734,46.458,14.143,36.712,68.439,71.28,17.276
73.766,199.32,0.32731,34.001,46.532,14.143,36.639,56.602,72.066,14.24
73.766,171.23,0.31632,34.294,46.605,14.143,36.419,44.154,52.745,20.118
73.644,105.52,0.35662,34.66,46.532,14.143,36.419,30.392,63.531,25.791
73.522,82.071,0.35051,34.807,46.532,14.143,36.639,32.281,83.639,23.272
73.4,65.462,0.33708,35.686,46.385,14.289,37.225,52.24,64.309,21.801
73.4,69.126,0.32487,36.786,46.165,14.216,37.738,67.338,39.918,24.054
73.156,84.514,0.32731,36.859,46.312,14.289,38.471,70.686,60.908,20.551
73.156,157.55,0.35906,36.712,46.165,14.216,38.691,68.491,90.131,13.503
73.034,189.55,0.34685,36.932,46.092,14.143,38.691,55.93,80.589,13.431
73.034,155.59,0.33341,37.738,46.238,14.216,38.324,41.421,60.903,19.075
72.789,111.38,0.3212,37.811,46.385,14.143,38.691,46.307,63.789,23.768
72.789,95.261,0.35296,37.445,46.532,14.216,38.617,62.422,71.335,25.364
72.912,127.02,0.3554,37.372,46.458,14.216,38.911,67.079,68.312,21.82
72.789,147.78,0.34319,37.445,46.385,14.143,38.984,64.29,59.338,17.071
72.545,146.8,0.32853,37.445,46.458,14.216,38.911,64.785,42.148,21.969
72.423,136.05,0.31632,37.225,46.238,14.143,38.691,63.789,30.188,31.807
72.301,136.05,0.34807,36.932,46.312,14.143,38.544,60.117,51.189,28.34
72.179,148.27,0.35051,35.979,46.165,14.216,38.178,58.684,87.191,14.572
72.301,160.23,0.33708,35.32,46.092,14.143,38.031,61.158,93.486,11.023
72.057,154.13,0.32364,37.005,46.238,14.216,37.958,69.68,78.283,16.949
71.935,157.06,0.32609,37.738,46.458,14.216,37.811,75.315,75.629,15.93
71.935,176.6,0.35784,37.518,46.312,14.143,37.811,63.842,73.801,10.575
71.568,179.29,0.34319,37.445,46.092,14.143,37.811,51.032,55.143,13.588
71.568,133.85,0.33097,37.152,45.945,14.289,37.738,55.698,45.136,20.613
71.202,104.79,0.31754,36.859,45.872,14.143,37.885,54.411,56.407,21.374
71.446,120.18,0.35418,36.346,46.019,14.216,37.958,39.409,61.556,18.429
71.202,107.23,0.35173,35.979,46.238,14.216,38.031,50.854,53.257,17.118
71.324,87.934,0.33708,36.053,46.605,14.216,38.324,81.606,47.966,15.921
71.202,140.69,0.32364,35.979,46.532,14.289,38.544,74.122,39.131,14.322
70.957,183.68,0.33464,35.906,46.751,14.143,38.105,43.908,25.947,15.189
70.713,142.4,0.36028,35.76,46.678,14.216,37.518,48.718,39.977,18.097
70.957,106.01,0.34319,34.88,46.605,14.216,37.005,66.686,78.149,19.209
70.713,152.17,0.33464,33.561,46.678,14.216,37.152,60.785,88.538,17.242
70.713,155.84,0.31998,35.173,46.238,14.216,37.152,61.479,64.363,16.239
70.469,137.52,0.32853,36.053,46.165,14.216,37.152,71.937,55.068,20.067
70.347,150.46,0.35296,36.053,46.312,14.289,37.298,51.744,70.252,24.417
70.347,158.04,0.34074,35.906,46.312,14.216,37.079,30.958,73.531,22.657
70.225,115.29,0.32731,36.053,46.238,14.289,37.298,53.226,61.827,18.888
70.103,89.643,0.31387,36.492,46.458,14.216,37.738,64.611,62.656,20.367
70.103,114.07,0.36028,36.639,46.678,14.289,38.251,33.989,77.232,22.18
69.98,118.47,0.34685,36.932,46.825,14.216,38.324,35.745,86.511,18.954
69.98,74.255,0.33464,37.811,47.264,14.289,38.911,83.718,83.81,18.98
69.98,127.5,0.3212,38.617,47.484,14.362,39.717,90.002,73.941,25.835
69.858,223.74,0.3383,38.837,47.484,14.143,39.424,50.461,64.487,27.338
69.736,208.84,0.3554,38.178,47.264,14.289,39.13,47.684,59.056,20.519
69.858,139.23,0.34074,37.738,47.044,14.143,38.691,76.663,52.259,18.447
69.614,140.21,0.32731,37.225,46.678,14.216,38.617,68.157,44.855,21.855
69.492,160.48,0.31754,36.932,46.312,14.069,38.544,31.44,47.145,18.935
69.492,115.05,0.36273,36.419,45.945,14.216,38.178,24.323,53.929,14.127
69.248,61.065,0.34929,35.76,45.652,14.216,38.105,47.678,52.041,19.331
69.37,49.34,0.33341,35.54,45.579,14.362,38.324,59.834,49.829,25.263
69.248,71.08,0.32242,35.76,45.652,14.362,38.911,49.443,55.566,18.591
69.126,100.39,0.34074,35.906,45.872,14.289,38.764,46.773,56.456,10.63
69.003,91.597,0.35662,35.979,46.092,14.289,38.617,65.773,53.469,15.512
69.126,109.92,0.34441,35.979,45.945,14.289,38.837,70.351,60.438,22.176
68.759,151.44,0.33097,36.126,45.872,14.289,38.691,43.408,62.122,16.785
68.759,141.91,0.31998,36.053,45.945,14.216,38.324,35.033,46.335,8.8205
68.759,74.255,0.33586,36.053,46.092,14.216,38.178,66.609,42.649,11.675
68.637,74.011,0.35418,35.833,46.238,14.216,38.398,80.932,58.099,19.841
68.515,170.74,0.34074,35.54,46.385,14.216,38.398,59.887,54.282,22.651
68.515,179.78,0.32609,35.393,46.678,14.143,37.958,55.725,34.742,21.583
68.393,139.72,0.3151,35.32,46.751,14.216,37.445,71.253,39.568,22.099
68.515,152.91,0.3615,34.88,46.825,14.216,37.152,66.494,51.036,23.079
68.393,165.85,0.34807,34.001,46.825,14.143,36.932,55.429,36.565,21.399
68.271,143.62,0.33464,33.781,46.971,14.289,36.419,54.616,33.537,17.602
68.271,115.78,0.32242,33.488,47.044,14.216,36.346,36.15,67.25,15.061
68.149,119.69,0.33708,32.462,46.971,14.289,36.346,18.562,84.599,17.372
67.904,68.393,0.3554,33.854,46.751,14.289,36.346,47.304,61.564,22.728
67.782,48.852,0.34441,35.467,46.385,14.289,36.859,78.147,47.705,22.299
67.904,101.12,0.33219,35.686,46.385,14.289,38.105,57.118,60.045,13.723
67.782,158.28,0.31632,35.906,46.458,14.362,37.885,36.02,64.39,9.6583
67.782,124.57,0.35662,35.833,46.238,14.216,37.738,55.122,57.015,18.652
67.66,96.971,0.35051,36.126,46.238,14.289,37.958,62.703,58.519,29.198
67.416,120.42,0.33952,36.346,46.532,14.289,38.324,45.879,65.403,29.062
67.294,124.82,0.32609,36.419,46.751,14.289,38.324,55.254,67.184,23.488
67.294,123.6,0.3151,36.566,46.825,14.216,38.398,79.904,63.647,19.933
67.294,164.14,0.36028,36.859,46.825,14.362,38.617,72.928,58.156,17.097
67.294,191.99,0.34563,36.712,46.898,14.289,38.324,53.158,62.035,17.398
67.294,173.18,0.33341,36.566,46.751,14.216,38.031,56.275,73.019,23.919
67.049,157.79,0.31876,36.346,46.532,14.289,37.811,70.537,65.886,26.805
66.927,154.37,0.32487,36.566,46.238,14.289,37.958,75.125,49.858,20.204
67.171,170.98,0.35418,36.492,46.312,14.289,37.885,62.145,61.851,16.988
66.927,175.13,0.34319,36.199,46.019,14.216,37.445,37.047,77.103,21.277
66.683,148.02,0.32853,36.199,45.725,14.216,37.445,33.109,51.953,17.364
66.927,72.301,0.31632,36.273,45.872,14.289,37.665,60.93,33.962,5.9646
66.683,59.844,0.35906,36.273,46.019,14.289,37.958,73.017,73.984,7.6837
66.805,152.91,0.35173,35.979,46.238,14.436,38.471,53.424,100,19.888
66.683,177.09,0.33708,37.005,46.238,14.216,38.324,48.945,82.814,21.436
66.439,125.31,0.32609,38.105,46.532,14.362,38.251,63.922,48.644,16.692
66.317,96.483,0.33341,38.105,46.385,14.289,38.544,58.254,48.234,21.532
66.317,113.34,0.35906,37.592,46.385,14.289,38.617,45.325,51.652,25.302
66.194,104.79,0.34563,36.859,46.238,14.289,38.544,55.78,55.531,16.118
66.072,108.7,0.33219,36.346,46.165,14.289,38.471,64.956,75.908,10.104
66.072,147.78,0.31998,36.346,46.165,14.289,38.691,55.962,81.223,16.954
66.194,152.91,0.34807,37.005,46.532,14.362,38.691,55.059,59.351,20.805
65.828,123.35,0.35296,37.298,46.678,14.289,38.691,65.169,52.531,17.258
65.706,125.79,0.34196,37.079,46.678,14.362,38.617,67.976,63.118,19.407
65.706,166.1,0.32731,36.712,46.605,14.289,38.471,67.691,54.898,23.902
65.584,164.39,0.3151,36.639,46.458,14.289,38.251,64.146,40.086,19.797
65.584,147.29,0.34563,36.273,46.385,14.289,37.958,52.209,43.656,16.496
65.34,131.66,0.34807,35.833,46.238,14.289,37.665,52.878,47.572,22.587
65.462,116.02,0.33708,35.247,46.238,14.362,37.665,64.541,46.627,25.928
65.34,126.77,0.32609,34.734,46.238,14.362,37.518,51.401,61.015,21.001
65.217,138.98,0.32364,34.514,46.238,14.289,37.298,33.251,78.802,18.655
65.217,112.85,0.36028,34.954,46.532,14.289,37.372,58.41,79.428,19.743
65.34,108.94,0.34441,36.199,46.751,14.289,37.885,88.525,72.643,17.371
65.217,181.73,0.33219,37.005,46.751,14.289,38.251,65.936,62.954,16.87
65.34,206.89,0.32242,36.859,46.751,14.289,37.958,33.215,50.844,21.996
65.217,124.08,0.3383,36.712,46.751,14.289,37.738,44.714,56.819,23.767
65.095,91.353,0.35418,36.346,46.678,14.362,37.738,69.609,71.969,21.077
64.851,126.53,0.34074,36.273,46.751,14.362,38.178,73.477,61.914,21.546
64.973,161.21,0.32975,36.639,46.898,14.362,38.324,68.182,50.099,21.184
64.851,171.23,0.31754,36.492,46.971,14.289,38.251,58.499,72.715,15.545
64.973,184.66,0.36273,36.346,47.264,14.362,37.885,48.206,87.489,14.849
64.729,153.15,0.34685,36.859,47.191,14.289,37.885,57.497,63.567,21.854
64.607,112.12,0.33586,37.372,46.971,14.289,38.031,74.332,53.39,24.077
64.485,149.73,0.3212,37.152,46.678,14.289,38.324,68.958,69.538,21.178
64.362,182.22,0.34196,36.859,46.458,14.289,38.178,55.691,57.072,23.289
64.485,155.35,0.3554,36.786,46.165,14.362,38.105,59.286,30.436,25.239
64.362,113.09,0.34196,36.712,46.019,14.289,38.031,72.79,44.817,19.567
64.118,156.81,0.32853,36.053,45.945,14.362,37.885,90.571,67.81,17.046
64.24,232.54,0.31754,35.393,45.872,14.289,37.592,100,56.503,24.23
64.118,267.71,0.34685,35.1,46.092,14.289,36.712,80.031,51.847,28.938
63.874,293.11,0.35173,34.88,46.092,14.216,35.613,37.768,72.122,25.252
63.752,227.89,0.33586,34.294,46.312,14.289,35.1,35.035,71.602,21.349
63.874,121.64,0.32731,34.441,46.238,14.289,35.027,64.393,54.783,20.047
63.752,100.64,0.32609,34.807,46.312,14.362,35.32,69.993,62.506,18.746
63.752,144.6,0.36028,35.1,46.312,14.289,36.273,59.708,73.474,19.002
63.63,168.54,0.34685,35.247,46.458,14.436,36.346,70.133,61.127,20.327
63.752,166.34,0.33464,35.686,46.532,14.436,36.712,86.382,57.158,20.492
63.63,208.35,0.31998,35.76,46.605,14.289,37.079,88.92,71.437,22.238
63.385,264.04,0.34074,35.686,46.825,14.289,36.712,83.049,71.341,24.316
63.385,273.82,0.35418,35.54,46.898,14.289,36.273,60.737,62.757,20.525
63.263,233.02,0.34319,35.393,46.971,14.289,35.76,33.504,71.793,15.617
63.019,155.11,0.32853,35.247,46.971,14.289,35.54,45.373,79.67,18.174
63.263,106.99,0.31754,35.76,46.825,14.289,36.126,81.098,65.553,21.871
62.897,136.05,0.36395,36.492,46.605,14.362,37.152,79.906,49.783,18.766
62.897,184.42,0.35051,36.492,46.532,14.362,37.298,55.731,49.637,13.991
62.897,180.02,0.33708,36.126,46.385,14.289,37.079,57.848,57.009,10.749
63.019,149.24,0.32487,35.54,46.312,14.289,37.005,64.32,62.396,7.7521
62.775,154.13,0.31265,35.393,46.238,14.362,37.079,49.37,60.757,12.079
62.775,139.23,0.35906,35.393,46.165,14.362,37.225,48.278,54.957,23.477
62.653,106.74,0.34441,35.54,46.092,14.436,37.225,66.977,54.218,23.964
62.531,121.89,0.33219,35.54,46.165,14.436,37.518,63.882,50.919,10.736
62.408,138.01,0.31876,35.54,46.092,14.362,37.445,43.855,38.461,5.8267
62.286,112.36,0.33708,35.393,45.945,14.509,37.445,40.745,42.423,15.481
62.531,78.163,0.35296,34.954,45.945,14.436,37.445,47.569,67.24,21.667
62.653,99.414,0.3383,34.514,45.945,14.436,37.518,52.193,65.429,18.354
62.408,110.89,0.32731,34.954,46.019,14.436,37.665,60.918,32.172,16.697
62.408,96.971,0.31387,35.247,46.092,14.436,37.885,62.15,30.525,21.057
62.164,114.31,0.36273,35.173,46.092,14.362,37.885,53.787,66.048,26.257
62.408,146.31,0.34929,34.587,46.238,14.509,37.665,62.808,71.624,25.913
61.92,155.35,0.33464,34.587,46.678,14.436,37.445,79.594,43.14,17.412
61.92,169.52,0.3212,35.1,46.678,14.362,37.518,68.429,40.929,10.065
61.798,187.35,0.34319,34.954,46.532,14.362,37.079,47.014,64.046,13.986
61.92,167.07,0.35418,34.441,46.751,14.362,36.639,42.216,62.237,19.207
61.92,125.31,0.34074,34.367,46.678,14.436,36.566,29.908,38.418,14.312
61.798,68.637,0.32731,34.587,46.532,14.436,36.712,12.581,30.983,10.859
61.92,31.021,0.32975,34.367,46.385,14.509,36.859,32.944,42.244,16.393
62.042,29.311,0.3615,34.001,46.385,14.436,37.152,66.056,52.285,16.554
61.798,67.904,0.34563,33.928,46.385,14.436,37.885,56.54,57.379,10.088
61.92,110.89,0.33341,34.66,46.532,14.509,38.324,37.854,62.579,13.844
61.798,113.09,0.31998,35.1,46.532,14.436,38.031,53.874,66.659,22.972
61.676,113.09,0.32975,35.833,46.532,14.436,38.178,59.55,63.693,20.088
61.798,127.99,0.35418,36.273,46.312,14.436,38.617,33.139,53.682,14.073
61.431,95.261,0.33952,36.566,46.238,14.436,38.837,36.099,49.827,19.896
61.553,58.867,0.32853,36.492,46.238,14.436,38.617,77.794,58.545,26.741
61.676,109.43,0.31754,36.419,46.312,14.436,39.277,92.554,62.361,22.483
61.431,221.3,0.3615,36.566,46.312,14.289,38.911,71.632,53.47,15.169
61.553,237.66,0.34807,36.419,46.312,14.362,38.178,58.585,55.014,13.658
61.553,190.77,0.33464,35.906,46.385,14.362,37.518,53.842,73.364,18.147
61.431,168.78,0.31876,35.54,46.678,14.362,37.152,44.608,78.091,26.141
61.431,139.96,0.33952,35.833,46.678,14.362,37.298,47.971,60.486,29.415
61.309,107.72,0.35418,36.273,46.605,14.436,37.445,59.406,51.711,22.71
61.187,90.865,0.33952,36.346,46.532,14.436,37.811,54.118,63.439,15.721
61.187,123.11,0.32609,36.273,46.532,14.436,37.958,43.561,70.78,15.855
61.187,126.77,0.32975,36.273,46.165,14.509,38.105,46.554,59.634,16.832
60.943,98.437,0.36028,36.712,46.165,14.436,38.178,50.325,41.877,17.246
60.943,68.393,0.34563,36.712,46.092,14.509,38.544,52.243,30.295,21.524
60.943,77.919,0.33464,36.639,46.019,14.436,38.691,65.532,30.005,24.387
60.699,105.52,0.31998,36.346,45.945,14.436,38.691,75.015,40.383,22.533
60.699,158.28,0.35662,35.76,45.945,14.436,38.324,65.442,51.865,22.847
60.699,174.89,0.35296,34.66,46.019,14.509,37.811,59.455,57.188,23.527
60.699,160.72,0.33952,34.148,46.019,14.436,37.372,68.025,64.087,18.625
60.821,164.14,0.32731,34.294,46.092,14.436,37.225,68.812,79.439,16.808
60.454,182.71,0.3151,34.88,46.165,14.436,36.932,60.303,91.015,22.388
60.454,175.13,0.3615,36.053,46.385,14.436,36.859,61.21,85.383,23.866
60.21,150.71,0.34685,37.152,46.532,14.362,36.712,66.765,72.576,22.597
60.21,156.81,0.33464,37.298,46.678,14.509,37.005,68.489,67.875,29.221
60.088,162.92,0.3212,37.152,46.751,14.436,37.372,73.33,61.646,32.221
60.088,174.4,0.3383,36.859,46.678,14.436,37.665,72.555,42.952,20.82
60.088,170,0.3554,36.639,46.825,14.436,37.518,57.415,35.804,13.504
59.966,153.64,0.34074,36.346,46.678,14.436,37.372,55.64,59.348,20.514
59.844,154.13,0.32853,35.393,46.751,14.436,37.225,81.741,77.545,25.128
60.088,198.83,0.32364,35.173,46.971,14.436,37.445,97.879,57.773,24.338
59.722,257.21,0.36395,35.613,46.971,14.362,37.079,80.774,39.784,28.746
59.599,259.4,0.34929,35.393,46.825,14.362,36.053,58.347,64.058,28.251
59.477,232.78,0.33586,34.514,46.532,14.509,35.393,52.557,88.671,16.359
59.599,180.75,0.32242,34.734,45.579,14.436,35.393,57.936,66.024,14.405
59.233,138.98,0.34441,35.686,45.506,14.362,35.686,69.253,31.92,27.418
59.111,125.31,0.35662,35.686,45.579,14.436,36.199,76.302,36.134,30.44
58.989,164.39,0.34441,35.247,45.725,14.436,36.199,67.471,60.894,19.999
58.989,202.25,0.32975,34.514,45.652,14.436,36.053,56.684,70.774,16.964
58.867,177.82,0.31632,34.221,45.799,14.436,35.979,57.304,68.037,21.461
58.989,150.22,0.34807,34.734,46.312,14.436,36.126,55.947,62.805,20.725
58.867,136.79,0.34929,35.027,46.678,14.436,36.419,54.193,54.765,19.431
58.745,117.24,0.33586,35.247,46.971,14.509,36.712,68.902,53.242,23.821
58.622,132.63,0.32487,35.173,46.971,14.436,36.712,78.141,64.951,26.468
58.622,190.77,0.32364,35.1,47.044,14.436,36.932,58.55,74.102,22.978
58.378,194.92,0.35906,35.393,46.971,14.509,36.859,43.973,66.537,17.059
58.378,140.94,0.34685,35.76,46.825,14.436,36.932,55.168,51.837,13.091
58.256,100.88,0.33219,35.906,46.825,14.509,37.079,54.508,46.777,16.737
58.134,99.902,0.3212,35.686,46.605,14.509,37.298,37.218,54.98,26.339
55.569,87.689,0.34441,35.54,46.605,14.509,37.518,43.839,64.654,28.689
44.7,91.109,0.35418,35.467,46.385,14.509,37.592,61.282,61.792,21.597
44.089,123.11,0.34196,35.833,46.238,14.436,38.251,51.551,50.381,19.242
46.898,113.09,0.32853,36.273,46.238,14.436,38.251,41.682,47.006,24.314
52.272,82.56,0.32975,36.053,46.385,14.509,38.251,59.56,52.176,25.837
60.332,94.529,0.36395,35.833,46.238,14.509,38.178,71.907,54.105,23.595
62.042,132.88,0.34685,35.686,46.238,14.436,38.324,66.617,54.874,24.042
62.897,158.52,0.33708,35.686,46.238,14.436,38.251,69.9,58.279,24.168
63.874,170.98,0.32242,35.467,46.092,14.362,37.958,69.145,53.737,20.787
64.607,171.23,0.31998,35.393,46.238,14.362,37.445,50.98,47.124,17.638
65.34,135.81,0.35784,35.32,46.092,14.509,37.225,52.763,65.963,15.735
66.194,145.33,0.34441,34.954,46.312,14.656,37.152,73.769,100,13.819
67.416,182.95,0.33219,36.199,46.238,14.875,37.079,64.654,100,13.675
68.393,182.46,0.31754,37.665,46.751,14.949,37.298,45.888,65.936,15.453
69.003,131.9,0.35173,38.031,46.898,15.022,37.372,65.187,43.435,17.933
70.347,106.25,0.35173,37.738,46.971,15.169,37.079,77.653,65.043,21.666
71.568,174.65,0.3383,37.005,46.898,15.022,37.885,47.301,86.913,23.978
72.912,177.58,0.32487,37.005,46.238,15.095,37.811,43.365,71.156,22.111
74.377,124.33,0.34196,37.445,46.238,15.169,38.031,85.389,45.982,20.281
76.209,144.36,0.35906,37.298,46.532,15.242,38.178,86.526,48.954,20.142
78.041,231.31,0.34441,37.005,46.605,15.242,37.958,43.155,64.265,17.891
79.629,215.93,0.33341,36.199,46.532,15.095,37.225,45.624,62.025,17.855
81.827,141.43,0.31998,35.686,46.312,15.095,37.152,82.13,54.507,24.048
83.903,174.16,0.33952,35.833,46.238,15.242,37.445,73.133,64.233,24.646
85.979,210.55,0.35418,35.686,46.019,15.095,36.712,45.061,76.32,14.399
88.056,183.93,0.34074,35.686,45.945,15.169,36.492,56.382,68.861,9.7474
90.132,142.65,0.32853,36.053,45.945,15.095,36.786,67.148,52.643,16.557
92.33,135.32,0.31632,36.126,45.945,15.169,37.079,43.59,46.085,19.406
94.284,111.38,0.36273,35.979,45.945,15.242,37.005,39.362,49.026,15.575
96.116,80.606,0.34807,35.613,45.945,15.242,37.079,73.129,57.013,16.546
98.437,120.18,0.33464,35.32,46.092,15.169,37.592,87.671,64.71,19.456
100.64,211.28,0.32364,35.467,46.312,15.242,37.225,70.759,62.052,16.597
102.71,228.87,0.35662,35.467,46.385,15.095,36.859,67.063,55.494,14.795
105.15,192.23,0.35906,35.393,46.532,15.095,36.639,75.554,63.358,18.999
106.99,197.61,0.34441,35.247,46.898,15.169,36.492,60.368,77.496,22.942
109.43,194.92,0.33097,35.32,47.264,15.169,36.126,35.543,76.026,23.628
111.5,138.5,0.31998,35.833,47.264,15.095,36.199,42.619,65.702,20.975
113.83,89.399,0.34563,36.199,47.118,15.169,36.639,72.215,62.498,14.722
116.02,129.21,0.35296,36.566,47.118,15.169,37.445,77.057,62.671,13.996
118.47,181.97,0.33952,36.712,46.678,15.169,37.738,49.123,67.833,24.598
120.54,172.69,0.32731,36.712,46.385,15.095,37.811,32.715,83.238,31.871
122.86,117.73,0.31998,37.225,46.312,15.169,37.592,52.832,85.377,25.471
125.43,92.33,0.36273,38.031,46.605,15.095,38.398,73.496,61.574,18.174
127.87,119.69,0.35051,38.471,46.605,15.169,38.617,57.798,50.126,17.423
130.07,139.47,0.33586,38.105,46.678,15.095,38.764,28.886,70.343,14.741
132.51,114.07,0.32487,37.518,46.605,15.169,38.398,26.294,81.633,12.368
134.95,64.485,0.32364,37.738,45.945,15.095,38.764,43.567,66.388,19.028
137.64,51.539,0.35906,38.324,45.945,15.169,39.277,57.298,57.045,25.978
139.72,79.14,0.34319,38.398,45.872,15.169,39.79,70.777,58.792,23.141
142.28,131.41,0.33097,38.544,45.945,15.095,40.083,85.141,52.543,18.974
144.24,193.45,0.31876,38.251,45.945,14.949,39.936,80.367,55.001,21.083
146.56,235.47,0.35173,37.592,45.945,14.802,39.204,59.744,77.653,23.881
148.88,219.1,0.35296,36.859,46.092,14.802,38.031,55.999,85.646,24.054
151.32,168.78,0.34074,37.152,46.312,14.875,37.665,70.944,66.695,23.911
153.76,151.2,0.32487,37.298,46.458,14.802,37.665,70.412,53.216,23.418
156.08,160.23,0.32975,37.005,46.458,14.802,37.592,49.086,50.153,23.368
158.4,136.79,0.35906,36.639,46.312,14.802,37.372,35.871,39.835,24.47
160.48,82.804,0.34807,36.199,46.238,14.729,37.225,36.527,39.414,21.488
162.92,56.668,0.33341,35.833,46.238,14.802,37.445,34.957,63.697,12.666
165.49,69.37,0.32242,35.173,46.092,14.802,37.738,36.831,83.605,7.1544
167.93,75.965,0.33952,35.906,46.678,14.949,38.544,52.206,81.293,11.415
170.49,88.422,0.3554,37.445,46.898,14.875,38.911,62.607,77.303,19.318
172.94,121.15,0.33952,38.031,47.118,14.802,39.424,54.207,82.096,22.202
175.01,140.69,0.32609,38.471,46.898,14.656,39.717,43.745,84.568,20.384
177.45,110.65,0.3151,38.984,46.751,14.656,39.863,42.617,77.361,20.741
179.9,93.063,0.3615,39.277,46.751,14.729,39.863,45.322,61.197,24.072
181.97,84.758,0.34929,39.13,46.678,14.656,40.376,55.03,53.781,22.456
183.32,74.011,0.33586,39.057,46.678,14.729,40.596,66.59,76.896,16.777
183.56,140.69,0.32242,38.764,46.532,14.582,40.962,55.731,100,19.814
183.32,157.55,0.35296,39.424,46.678,14.509,40.816,34.402,85.41,28.453
183.19,93.796,0.35296,40.083,46.971,14.582,40.303,49.66,46.542,23.217
183.19,57.157,0.34196,40.01,47.044,14.436,40.523,89.698,44.305,8.4539
183.07,137.76,0.32731,39.497,46.971,14.436,40.816,88.293,63.372,9.1525
182.58,254.03,0.31387,38.471,46.825,14.216,40.596,44.947,61.669,21.852
182.1,201.76,0.36028,37.665,46.385,14.289,39.424,26.78,56.19,21.78
182.1,107.96,0.34685,37.152,46.238,14.216,38.911,47.334,66.202,13.162
181.97,80.85,0.33341,36.859,46.238,14.289,38.911,57.954,68.719,17.042
181.85,107.72,0.31876,37.079,46.385,14.362,38.911,45.785,60.538,26.169
181.73,110.65,0.3383,37.372,46.532,14.362,39.057,39.73,56.392,21.619
181.73,91.842,0.35418,37.372,46.605,14.289,39.13,44.443,42.244,10.788
181.61,62.531,0.34074,37.372,46.532,14.362,39.277,44.461,24.715,11.867
181.12,54.47,0.32609,37.152,46.532,14.289,39.204,44.338,41.919,23.081
181.24,65.706,0.31632,36.786,46.532,14.362,39.497,56.075,69.969,29.208
181.12,114.8,0.3615,35.906,46.678,14.289,39.424,71.844,54.958,24.496
180.87,136.05,0.34807,36.126,46.825,14.362,39.277,74.506,32.553,19.174
180.75,159.99,0.33464,36.273,46.971,14.216,39.13,62.005,55.414,23.269
180.75,178.8,0.32242,35.833,46.971,14.143,38.691,51.613,75.944,28.674
180.75,167.81,0.34441,35.54,47.338,14.289,38.105,58.038,54.695,23.268
180.26,124.82,0.35662,35.906,47.264,14.216,38.178,71.353,50.563,16.192
180.14,135.56,0.34319,35.906,47.264,14.216,38.105,73.648,85.636,20.94
180.02,197.61,0.32853,36.126,47.411,14.289,38.105,70.789,93.268,27.431
179.65,204.45,0.32975,37.372,47.411,14.289,37.811,77.316,61.901,22.858
179.65,185.64,0.36273,37.885,47.557,14.216,37.738,82.383,49.463,16.532
179.16,196.14,0.35051,37.445,47.411,14.143,37.592,70.259,57.403,17.737
179.04,215.44,0.33708,36.712,47.411,14.216,37.225,56.337,51.131,20.031
178.8,170.25,0.32242,36.273,47.338,14.143,36.932,59.513,46.995,20.317
179.04,138.74,0.32731,35.76,47.191,14.216,37.005,64.294,60.993,21.041
178.68,153.88,0.35784,35.247,47.191,14.362,37.152,55.384,65.959,17.84
178.43,153.15,0.34319,35.32,46.898,14.362,37.225,53.95,61.154,11.767
178.19,137.76,0.32975,35.686,46.678,14.216,37.372,70.758,74.707,13.903
178.19,166.83,0.31632,36.126,46.678,14.289,37.738,73.154,91.076,22.374
178.07,194.92,0.34929,37.152,46.605,14.216,37.738,51.508,79.99,23.616
177.7,154.13,0.35173,37.885,46.825,14.143,37.811,49.557,60.682,18.421
177.58,119.2,0.3383,37.885,46.898,14.289,37.885,75.438,57.188,17.419
177.33,142.65,0.32487,37.445,46.825,14.216,38.471,77.033,54.38,20.168
177.33,189.55,0.33464,37.225,46.678,14.143,38.398,51.144,47.197,21.311
176.97,171.47,0.35784,36.859,46.605,14.216,38.031,53.256,55.549,22.4
177.09,139.23,0.34441,36.273,46.458,14.143,38.031,73.726,70.834,25.229
176.84,167.56,0.32975,35.906,46.605,14.216,37.885,55.471,66.453,26.616
176.72,159.01,0.31998,36.053,46.825,14.289,37.738,25.745,56.654,23.525
176.48,102.59,0.36273,36.346,47.044,14.216,37.811,42.663,70.223,18.103
176.6,87.445,0.35173,36.346,47.118,14.216,38.105,65.857,87.919,16.816
176.36,115.78,0.33952,37.298,47.044,14.362,38.764,46.279,77.637,19.924
175.99,125.31,0.32487,38.031,46.898,14.289,38.911,37.507,59.589,18.3
175.99,89.888,0.31265,38.178,46.898,14.289,39.13,73.251,66.644,13.092
175.74,122.13,0.35906,38.105,46.751,14.216,39.57,86.287,78.635,18.443
175.62,205.18,0.34685,38.324,46.751,14.143,39.717,53.215,64.903,29.824
175.5,199.8,0.33341,38.178,46.751,14.143,39.35,41.958,47.899,26.128
175.13,111.38,0.3212,37.811,46.751,14.216,38.911,66.198,59.525,12.927
175.26,127.5,0.3383,37.225,46.751,14.216,38.984,71.163,82.613,13.756
175.13,174.4,0.35418,37.225,46.971,14.216,39.057,55.993,88.237,21.819
174.65,163.41,0.34074,37.958,47.264,14.289,38.911,57.226,78.894,16.746
174.65,151.44,0.32609,38.324,47.118,14.216,38.837,65.473,64.256,9.1466
174.28,138.98,0.31876,38.324,46.971,14.289,38.911,63.829,49.227,15.487
174.28,137.52,0.36028,37.885,46.751,14.216,38.911,66.384,49.265,23.777
174.04,148.75,0.34807,37.592,46.751,14.216,38.764,70.826,65.063,23.173
173.79,178.31,0.33464,36.786,46.458,14.289,38.617,61.625,66.919,23.164
173.91,163.17,0.32242,36.566,46.458,14.216,38.471,55.748,47.603,25.268
173.55,129.7,0.34807,36.639,46.532,14.143,38.324,69.413,42.554,21.653
173.3,138.01,0.35418,36.346,46.605,14.216,38.178,78.677,66.602,18.883
173.06,197.36,0.3383,35.906,46.751,14.216,37.958,64.729,89.041,24.618
173.06,213.24,0.32731,36.199,46.898,14.143,37.738,47.877,87.732,29.553
172.81,157.06,0.32487,37.225,47.044,14.289,37.445,48.765,73.658,26.376
172.81,118.95,0.3615,37.665,47.191,14.216,37.592,56.789,60.484,20.84
172.45,111.38,0.34929,37.518,47.264,14.216,38.105,52.081,52.053,17.409
172.45,104.05,0.33464,37.372,47.118,14.289,38.324,39.453,52.973,16.961
172.45,91.353,0.32364,37.079,46.898,14.289,38.691,42.506,63.515,20.788
172.2,88.911,0.32487,36.786,46.898,14.289,38.691,61.694,70.769,24.438
172.08,116.27,0.35662,37.152,46.898,14.289,39.35,70.109,62.771,23.39
171.71,141.67,0.34196,37.445,46.971,14.362,39.497,60.613,49.687,22.421
171.84,140.21,0.32975,37.518,47.191,14.289,39.424,49.663,51.668,23.64
171.71,123.6,0.31754,37.225,47.191,14.143,39.057,40.4,61.715,21.615
171.35,115.05,0.35662,36.712,47.191,14.216,38.911,37.223,55.226,18.749
171.35,72.301,0.34807,36.712,47.118,14.289,39.204,55.518,42.251,20.674
171.23,65.217,0.33586,36.712,46.971,14.289,39.424,72.297,52.611,20.491
171.1,124.33,0.32364,36.566,46.898,14.289,39.717,52.088,70.529,14.228
170.98,152.42,0.33952,36.419,46.605,14.216,39.204,31.029,62.54,13.863
170.62,111.14,0.3554,36.566,46.532,14.362,39.057,54.103,48.906,22.398
170.86,76.209,0.34319,36.859,46.458,14.289,39.057,75.4,58.986,25.088
170.37,132.39,0.32975,37.005,46.605,14.289,39.424,54.975,66.778,19.551
170.25,157.06,0.31876,36.859,46.825,14.362,39.057,45.222,52.41,19.284
170.13,110.65,0.36395,36.859,46.751,14.216,38.911,68.288,47.351,23.547
169.88,118.47,0.35051,36.712,46.971,14.289,38.911,70.295,62.4,20.593
169.88,167.07,0.33464,36.492,47.044,14.216,38.764,52.923,67.579,14.921
169.52,160.23,0.32242,36.273,47.118,14.216,38.471,61.303,59.045,16.796
169.64,140.21,0.33586,36.346,47.118,14.216,38.324,67.976,54.145,18.539
169.15,149.24,0.3554,36.419,47.118,14.216,38.324,47.772,49.565,11.782
169.15,126.77,0.34196,36.346,47.264,14.289,38.031,53.584,45.936,8.2922
168.78,99.658,0.32853,35.979,47.338,14.289,38.105,86.514,49.706,16.844
168.78,173.91,0.31632,35.54,47.191,14.362,38.031,73.974,42.527,23.336
168.66,211.53,0.3615,35.393,47.044,14.216,37.518,31.982,26.574,17.054
168.3,140.94,0.34807,35.247,46.898,14.289,36.712,35.801,42.385,10.804
168.42,74.255,0.33464,34.367,46.751,14.289,36.566,61.81,76.179,16.696
168.17,118.47,0.3212,33.561,46.605,14.289,37.225,55.493,66.745,27.41
167.81,130.92,0.33952,34.514,46.605,14.362,37.298,46.845,31.848,31.406
167.81,85.491,0.35662,34.954,46.678,14.289,37.372,59.879,34.51,24.81
167.68,98.192,0.34074,34.734,46.678,14.289,37.518,62.541,53.122,11.837
167.56,135.81,0.32975,34.367,46.898,14.289,37.372,57.174,43.38,8.7231
167.2,125.31,0.31632,34.221,46.825,14.362,37.225,62.307,41.704,26.384
167.32,128.48,0.36273,34.074,46.825,14.216,37.152,50.016,75.442,43.771
166.95,157.3,0.34807,34.001,46.678,14.289,37.152,24.895,96.496,35.594
166.95,98.681,0.33586,35.686,47.264,14.362,37.225,41.207,80.973,17.528
166.71,63.263,0.32364,37.372,47.484,14.362,37.445,79.63,60.648,16.009
166.83,113.83,0.34807,37.811,47.631,14.362,38.691,72.918,48.036,20.531
166.34,168.3,0.3554,37.738,47.704,14.289,38.837,43.798,41.455,15.528
166.22,137.52,0.34319,37.225,47.557,14.216,38.471,51.38,51.052,13.908
166.34,113.09,0.32853,36.566,47.484,14.289,38.471,73.001,59.056,20.004
166.22,146.07,0.31754,35.979,47.264,14.362,38.617,69.894,43.653,18.7
165.73,155.59,0.34807,35.979,47.118,14.216,38.324,62.942,36.364,16.22
165.61,150.71,0.35173,35.613,47.118,14.216,37.958,70.189,59.692,25.523
165.24,175.87,0.33708,35.027,46.898,14.289,37.665,76.246,74.221,28.181
165,204.45,0.32609,35.027,46.825,14.216,37.298,74.611,60.296,13.669
165.12,202,0.32731,35.54,46.825,14.143,37.005,64.728,50.283,8.538
164.63,177.09,0.35784,35.54,46.751,14.289,36.566,47.422,53.676,20.002
164.63,140.69,0.34441,35.32,46.678,14.289,36.346,49.183,55.888,21.95
164.63,113.58,0.33219,34.954,46.458,14.289,36.566,81.27,64.588,16.07
164.26,165.85,0.31998,35.173,46.238,14.216,36.932,99.45,77.892,24.467
164.02,258.67,0.35784,35.833,46.385,14.216,37.079,77.288,72.7,34.083
163.78,277.72,0.34929,36.053,46.678,14.143,36.492,55.538,55.629,25.469
163.53,206.89,0.33952,35.686,47.044,14.143,35.906,62.4,46.637,15.788
163.29,156.81,0.32364,35.467,47.044,14.143,35.833,68.616,37.667,17.723
163.17,152.17,0.34441,35.027,47.044,14.216,35.833,55.301,31.74,16.353
163.04,142.4,0.3554,34.807,47.118,14.216,35.979,45.815,51.28,11.276
162.8,113.83,0.34319,33.854,47.191,14.362,35.906,55.705,78.471,15.472
162.55,139.47,0.32975,33.415,47.411,14.289,36.053,68.601,78.449,20.329
162.55,159.5,0.31998,34.88,47.338,14.289,36.639,65.462,64.988,17.265
162.31,155.11,0.34929,35.686,47.191,14.362,36.786,50.663,63.045,18.812
162.19,146.8,0.35051,35.906,47.118,14.289,36.932,45.68,64.261,25.372
162.19,125.55,0.33708,36.053,46.751,14.362,37.079,57.086,65.596,22.197
162.07,123.11,0.32364,36.346,46.532,14.289,37.372,63.165,73.469,15.329
161.7,147.29,0.32853,36.712,46.458,14.216,37.885,50.381,70.871,18.809
161.7,142.16,0.35662,37.079,46.605,14.216,38.105,39.386,51.979,24.218
161.33,83.537,0.34441,37.225,46.678,14.289,38.178,48.326,42.19,21.73
161.33,60.821,0.32975,37.005,46.825,14.289,38.178,60.792,44.095,18.924
161.33,85.735,0.31754,36.786,46.751,14.289,38.251,57.397,41.583,20.649
160.97,108.94,0.36273,36.419,46.825,14.289,38.398,50.109,50.485,23.436
160.97,114.31,0.34929,35.833,46.751,14.289,38.617,59.977,78.774,26.024
160.72,147.29,0.33586,35.613,46.971,14.289,38.471,80.155,88.676,24.628
160.48,190.28,0.32364,36.932,46.678,14.289,38.764,85.002,67.373,18.11
160.23,222.28,0.34196,37.445,46.458,14.143,38.105,69.93,51.808,18.003
160.23,219.59,0.35784,37.005,46.532,14.216,37.445,58.078,52.143,26.918
159.99,176.84,0.34563,36.419,46.385,14.216,37.079,63.73,47.345,28.812
159.87,143.38,0.33341,35.833,46.238,14.216,36.932,74.732,45.807,21.498
159.38,168.54,0.31876,35.247,46.238,14.289,36.932,76.912,61.478,20.473
159.38,208.6,0.33708,34.88,46.385,14.216,36.566,69.857,72.579,24.674
159.14,210.8,0.35418,34.66,46.751,14.216,36.199,57.39,64.899,22.852
158.77,173.91,0.3383,35.1,46.825,14.289,36.199,43.799,56.728,20.786
158.77,118.22,0.32609,35.173,47.118,14.289,36.346,34.574,56.328,23.922
158.52,81.094,0.3151,35.173,47.191,14.289,36.492,32.651,53.62,22.873
158.52,50.806,0.36028,35.247,47.044,14.289,36.859,40.807,48.691,18.137
158.4,47.631,0.34685,35.393,46.971,14.289,37.518,55.917,47.534,20.004
158.28,62.531,0.33464,35.613,46.825,14.289,38.105,60.498,51.441,23.188
158.16,99.414,0.31876,35.686,46.751,14.362,38.398,50.479,61.86,19.78
158.16,129.21,0.34685,35.76,46.385,14.289,38.471,51.755,70.448,17.924
157.79,134.34,0.35418,36.053,46.312,14.289,38.398,68.719,62.9,20.302
157.79,139.23,0.34196,36.566,46.678,14.289,38.471,68.333,50.828,17.448
157.43,142.16,0.32731,36.712,46.751,14.289,38.617,53.045,60.595,12.81
157.18,149,0.31632,36.566,46.825,14.216,38.251,63.009,84.662,16.752
157.18,157.79,0.36395,36.712,46.825,14.362,38.398,86.225,89.877,22.891
157.18,207.87,0.35051,37.738,46.678,14.216,38.251,77.061,68.81,22.178
156.69,224.96,0.33586,38.031,46.751,14.216,38.031,52.093,44.46,19.766
156.57,166.59,0.32487,37.592,46.751,14.216,37.592,53.934,36.234,19.549
156.33,126.28,0.35418,36.859,46.678,14.289,37.372,69.375,45.213,18.391
156.2,137.52,0.35784,36.199,46.825,14.289,37.372,74.369,59.874,17.915
156.2,179.78,0.34685,35.173,46.605,14.216,37.298,78.675,65.37,18.835
155.84,209.57,0.33219,35.027,46.898,14.216,37.152,79.275,55.581,15.828
155.47,219.1,0.3212,35.027,46.898,14.143,36.712,64.93,41.257,11.118
155.23,175.13,0.35051,34.954,46.825,14.216,35.979,58.063,43.612,12.43
155.35,134.59,0.35051,34.514,46.825,14.143,35.833,69.671,68.782,17.427
154.98,164.63,0.33708,33.928,46.458,14.362,36.053,73.393,88.523,20.604
154.86,187.84,0.32364,34.807,46.238,14.216,36.199,67.58,75.526,23.135
154.49,175.87,0.33341,35.906,46.605,14.216,35.979,70.931,56.369,23.537
154.37,157.79,0.35784,35.979,46.678,14.143,36.346,70.384,74.226,19.507
154.13,184.42,0.34441,35.979,46.825,14.216,36.566,63.733,100,18.548
154.01,192.23,0.32975,36.712,46.678,14.216,36.859,77.483,96.806,24.07
153.88,194.43,0.31754,38.031,46.898,14.216,37.005,88.681,61.881,25.672
153.76,206.89,0.36395,38.178,47.044,14.143,37.005,57.635,57.257,21.179
153.15,203.47,0.34929,37.518,47.191,14.216,36.786,30.212,77.34,21.648
153.15,140.69,0.33708,36.932,47.191,14.216,36.859,54.082,79.848,25.666
153.03,106.25,0.32487,37.152,47.118,14.216,37.372,73.333,68.922,21.871
152.91,135.32,0.34319,37.665,47.118,14.362,38.324,49.65,65.042,14.853
152.91,138.98,0.3554,37.445,47.044,14.362,38.471,43.958,55.556,15.563
152.42,98.437,0.34196,37.445,47.044,14.362,38.617,75.316,43.064,18.696
152.42,108.7,0.33097,37.152,46.751,14.289,38.764,79.67,57.377,17.165
152.05,189.55,0.31632,36.859,46.605,14.216,38.837,49.827,77.532,18.421
151.81,192.23,0.35173,36.419,46.019,14.216,38.398,38.16,52.424,26.115
151.81,93.063,0.34929,36.639,45.725,14.216,38.105,46.855,14.313,29.369
151.56,56.668,0.33586,36.566,45.725,14.362,38.251,53.974,36.501,23.612
151.56,62.531,0.32364,36.126,45.725,14.289,38.324,66.787,86.839,19.647
151.56,143.38,0.34074,35.173,45.945,14.289,38.324,76.098,78.833,23.402
151.32,172.94,0.35784,36.346,46.312,14.289,38.031,65.248,37.527,25.482
150.95,139.23,0.34196,36.639,46.532,14.289,37.885,60.513,46.17,19.115
150.95,142.65,0.32975,36.053,46.751,14.216,37.518,73.038,80.154,13.668
150.59,191.26,0.31632,35.467,46.971,14.289,37.445,66.064,66.01,18.023
150.59,177.33,0.36517,35.906,46.898,14.289,37.298,44.125,34.069,22.94
150.22,110.16,0.35051,35.906,46.971,14.289,37.152,52.448,48.62,18.413
150.1,95.017,0.3383,35.173,47.044,14.362,37.225,75.092,75.005,14.956
149.85,156.57,0.32364,34.954,47.264,14.362,37.518,68.802,61.084,22.576
149.85,171.23,0.35418,35.393,47.264,14.216,37.445,55.591,47.722,27.187
149.61,131.41,0.3554,35.54,47.338,14.216,37.298,65.373,77.088,17.218
149.49,159.26,0.34196,35.54,47.484,14.216,37.298,72.337,100,8.2792
149.49,191.74,0.32853,36.932,46.898,14.289,37.665,63.304,74.222,13.479
149.12,156.08,0.33341,37.811,46.825,14.289,37.592,63.466,42.907,21.527
148.75,117.49,0.36273,37.592,46.825,14.216,37.665,70.922,53.726,23.517
148.75,151.44,0.34807,37.152,46.678,14.216,37.958,66.438,77.771,24.156
148.39,181.73,0.33464,36.639,46.238,14.216,37.738,63.446,72.807,21.957
148.27,165.12,0.32242,36.932,46.312,14.362,37.811,73.028,52.599,15.582
148.14,156.33,0.33952,36.932,46.458,14.216,37.738,77.253,48.229,15.993
147.9,178.07,0.3554,36.639,46.605,14.143,37.592,74.393,53.743,22.734
147.66,202.74,0.34196,35.979,46.605,14.143,37.225,77.942,49.97,20.903
147.41,205.42,0.32975,35.467,46.678,14.216,36.932,74.28,42.084,15.662
147.17,197.12,0.31876,35.027,46.532,14.289,36.199,53.196,39.64,21.836
147.17,169.27,0.36395,34.514,46.605,14.216,35.76,44.488,36.071,26.654
146.92,108.94,0.34807,34.148,46.605,14.216,35.686,63.94,32.395,17.529
146.68,105.52,0.33464,33.488,46.458,14.289,35.833,77.978,39.994,14.881
146.56,161.46,0.32364,32.829,46.312,14.216,35.686,65.663,50.953,27.096
146.19,186.37,0.34807,32.096,46.165,14.216,35.1,53.653,52.475,28.35
146.07,137.27,0.35662,31.876,46.238,14.289,34.88,60.925,55.847,16.095
146.07,134.1,0.34319,32.169,46.532,14.216,34.954,69.501,64.034,17.804
145.95,159.01,0.33097,32.682,46.605,14.362,35.1,67.835,54.994,29.346
145.58,156.33,0.33219,33.268,46.825,14.216,35.32,67.787,35.105,25.801
145.21,146.8,0.36761,33.415,46.898,14.143,35.173,69.232,38.305,17.027
145.21,158.28,0.35173,33.195,46.898,14.216,35.173,59.155,56.536,20.643
144.97,161.7,0.33952,32.829,46.971,14.216,35.173,46.325,56.549,22.748
144.85,122.62,0.32487,32.829,47.338,14.216,35.173,47.609,47.753,17.163
144.6,82.56,0.3151,33.122,47.484,14.362,35.467,53.162,50.633,21.212
144.48,88.422,0.36028,33.268,47.631,14.289,36.126,52.884,52.255,29.843
144.36,96.483,0.34685,33.341,47.557,14.362,36.273,61.814,52.363,24.34
144.36,113.09,0.33219,33.708,47.411,14.289,36.492,73.913,69.481,17.134
143.99,166.34,0.3212,34.148,46.971,14.289,36.786,55.327,82.032,23.626
143.75,171.96,0.34196,35.247,46.385,14.216,36.859,23.437,61.197,27.759
143.87,93.307,0.35662,36.053,46.385,14.289,36.932,38.636,36.124,21.417
143.87,31.265,0.33952,36.126,46.385,14.289,37.079,89.908,39.228,20.708
143.38,111.38,0.32609,35.686,46.385,14.289,37.885,100,52.506,24.397
143.14,249.15,0.31876,35.54,46.385,14.143,37.811,75.229,61.669,19.667
143.14,270.88,0.36273,35.027,46.238,14.216,36.859,60.774,73.293,18.35
142.77,223.5,0.34929,34.88,46.238,14.216,36.053,70.537,71.109,30.579
142.53,185.15,0.33586,35.1,46.532,14.216,35.906,75.486,46.912,37.535
142.28,178.07,0.32364,35.1,46.605,14.216,35.906,76.449,36.845,29.678
142.04,193.21,0.35296,34.88,46.458,14.143,35.54,75.835,58.021,23.23
141.79,217.64,0.35662,34.294,46.458,14.216,35.467,58.459,77.706,23.254
141.79,201.03,0.34196,34.001,46.238,14.216,35.32,46.002,75.8,20.611
141.55,151.44,0.32975,34.807,46.312,14.362,35.54,70.267,63.295,17.79
141.18,128.97,0.33219,35.32,46.458,14.289,35.833,93.141,50.01,18.378
141.06,202.74,0.36517,35.467,46.458,14.216,36.346,66.098,48.035,16.292
140.69,216.9,0.34807,35.173,46.385,14.143,35.833,28.383,65.008,15.222
140.82,149.73,0.33708,34.66,46.312,14.143,35.686,36.375,80.137,23.607
140.69,95.506,0.32364,34.807,46.312,14.216,35.833,65.542,78.145,31.672
140.57,108.94,0.32731,35.979,46.605,14.289,37.005,73.224,74.201,28.489
140.33,151.44,0.35784,36.712,46.825,14.289,37.445,71.44,69.296,23.525
140.21,171.96,0.34441,36.786,46.825,14.216,37.665,75.97,51.013,25.077
139.96,173.42,0.32975,36.712,46.678,14.216,37.592,73.47,41.353,25.806
139.59,184.9,0.31632,36.419,46.532,14.143,37.225,65.732,60.632,22.922
139.72,185.88,0.36273,35.686,46.458,14.143,37.079,66.22,80.562,22.675
139.23,182.46,0.35051,35.393,46.458,14.143,36.932,63.051,78.495,24.001
139.11,168.78,0.33586,36.199,46.458,14.216,36.932,49.521,68.35,21.817
138.98,135.81,0.32364,36.419,46.458,14.289,36.932,49.475,54.753,18.544
138.98,99.17,0.34441,36.346,46.385,14.216,37.079,67.37,40.948,17.985
138.74,95.506,0.3554,36.273,46.458,14.289,37.298,74.578,53.131,18.982
138.37,163.65,0.34196,35.906,46.312,14.216,37.665,67.467,84.784,20.117
138.13,196.38,0.32975,35.76,46.385,14.216,37.518,68.597,90.804,21.601
138.01,181.49,0.32975,36.859,46.458,14.289,37.298,72.115,70.822,23.441
137.76,166.34,0.36273,37.298,46.532,14.143,37.298,59.837,59.294,25.063
137.76,149,0.34929,37.005,46.678,14.216,37.298,49.479,51.685,24.28
137.4,116.02,0.33586,36.712,46.385,14.216,37.225,60.844,38.539,19.62
137.27,100.39,0.32364,36.346,46.385,14.289,37.445,70.737,45.116,14.59
137.15,135.56,0.33097,35.76,46.238,14.143,37.518,56.822,66.289,13.517
136.91,161.46,0.3554,35.1,46.532,14.362,37.445,42.173,60.464,15.757
136.79,118.47,0.34196,35.173,46.825,14.289,37.372,52.867,34.705,19.161
136.66,72.789,0.32853,35.247,46.751,14.289,37.592,73.47,31.501,22.911
136.54,107.47,0.31632,35.027,46.678,14.289,37.665,75.994,48.092,24.869
136.42,177.33,0.35418,34.441,46.532,14.216,37.225,61.372,54.767,23.121
136.3,172.94,0.34929,34.074,46.532,14.216,36.639,51.818,49.65,18.759
135.93,131.9,0.33708,33.708,46.385,14.289,36.273,58.413,45.997,14.12
135.69,110.16,0.3212,33.635,46.312,14.216,36.199,69.331,50.182,12.669
135.56,136.79,0.33952,33.561,46.312,14.216,36.273,70.161,60.382,17.192
135.32,166.59,0.3554,33.635,46.312,14.362,36.199,64.961,62.868,23.093
135.44,169.52,0.34196,33.928,46.385,14.289,35.979,63.291,52.239,22.762
134.95,146.07,0.32853,34.221,46.678,14.289,35.979,60.488,47.404,18.24
134.71,133.12,0.31876,34.294,46.605,14.216,35.979,54.038,55.893,16.77
134.59,131.66,0.36395,34.221,46.825,14.289,36.199,59.601,59.825,18.128
134.47,133.37,0.34929,34.221,46.825,14.216,36.126,83.681,55.429,19.252
134.22,177.09,0.33586,34.514,46.971,14.289,36.492,100,55.471,21.68
134.22,261.11,0.32364,34.66,47.118,14.143,36.199,93.555,60.352,25.608
133.73,301.17,0.34319,34.587,47.264,14.143,35.173,64.409,65.749,28.35
133.24,264.29,0.35784,34.221,47.118,14.216,34.514,46.253,66.531,29.538
133.24,174.65,0.34441,34.294,46.971,14.143,34.514,57.979,51.445,27.967
133.12,117.49,0.33097,34.221,46.898,14.143,34.66,81.373,36.288,21.622
132.88,158.04,0.31876,34.294,46.751,14.289,35.393,80.545,53.479,16.041
132.51,223.99,0.33586,33.854,46.605,14.143,35.247,57.061,79.644,18.194
132.51,223.01,0.35418,33.781,46.092,14.362,35.1,50.235,68.623,23.489
132.27,152.66,0.34074,34.587,45.945,14.289,35.247,66.598,49.023,24.162
132.14,123.84,0.32487,34.807,46.019,14.216,35.613,69.973,67.845,22.281
132.02,163.41,0.31632,34.954,46.165,14.289,35.76,55.727,91.284,22.465
132.02,170,0.36028,35.686,46.165,14.289,36.199,55.699,77.136,23.668
131.53,132.88,0.34929,36.712,46.238,14.216,36.346,66.723,53.595,24.199
131.53,116.02,0.33586,36.932,46.312,14.289,36.859,60.282,50.3,24.361
131.41,128.97,0.32364,36.492,46.312,14.216,37.152,46.012,56.951,24.407
131.17,112.36,0.34196,35.979,46.238,14.289,37.079,46.072,64.038,24.623
131.17,108.45,0.35906,35.833,46.092,14.289,37.298,47.862,59.841,23.791
130.8,86.468,0.34685,36.053,46.238,14.289,37.811,43.604,37.687,20.57
130.8,58.134,0.33219,35.979,46.385,14.289,37.811,52.508,35.8,18.381
130.68,64.729,0.31876,35.833,46.385,14.436,38.251,68.15,74.299,19.489
130.56,137.52,0.35784,35.54,46.385,14.289,38.105,62.74,97.082,19.073
130.43,172.2,0.35296,36.712,46.019,14.362,38.031,48.691,78.004,16.62
130.19,120.91,0.33952,37.592,46.092,14.289,38.105,53.853,67.86,18.67
130.07,115.05,0.32609,37.665,46.238,14.289,38.324,62.087,72.984,22.69
129.95,142.65,0.34196,37.592,46.092,14.289,38.471,53.79,53.751,21.015
129.7,107.47,0.35906,37.518,46.019,14.289,38.544,51.352,35.473,18.427
129.58,84.758,0.34563,37.372,45.872,14.289,38.471,62.965,49.44,20.176
129.46,109.43,0.33219,36.712,45.799,14.289,38.617,56.077,55.932,18.774
129.58,122.62,0.3212,35.979,45.799,14.289,38.251,30.856,48.47,14.039
129.21,73.766,0.34319,35.76,46.019,14.289,38.251,32.881,66.988,16.804
129.21,58.622,0.35418,35.54,46.532,14.362,38.398,65.149,74.084,22.709
129.21,91.353,0.33952,36.126,46.971,14.289,38.764,78.36,28.143,19.389
128.85,132.14,0.32731,36.566,46.971,14.289,38.911,61.535,6.7622,13.51
128.72,159.26,0.31876,36.566,46.898,14.216,38.251,53.511,55.471,14.505
128.36,143.14,0.3615,35.54,46.678,14.289,37.665,63.622,82.908,14.414
128.48,159.99,0.34685,34.734,46.532,14.289,37.445,64.806,50.515,10.449
128.11,122.62,0.33464,35.467,46.312,14.362,37.445,57.522,34.751,12.706
127.87,113.09,0.3212,35.467,46.238,14.289,37.298,63.672,47.971,18.596
127.75,132.39,0.34196,34.807,46.238,14.289,37.005,72.163,41.298,17.408
127.75,145.09,0.35662,34.441,46.312,14.289,36.566,59.871,39.257,13.474
127.75,147.78,0.34196,33.928,46.312,14.289,36.419,45.76,69.091,14.078
127.26,138.5,0.32609,33.561,46.678,14.362,36.346,61.936,82.841,15.44
127.26,141.18,0.32609,34.441,47.191,14.362,36.492,93.783,69.17,16.854
127.02,198.34,0.36273,35.54,47.191,14.216,36.859,100,72.965,21.519
126.77,279.19,0.34929,35.76,47.264,14.143,36.566,81.801,83.701,24.823
126.4,292.62,0.33586,35.979,47.191,14.216,35.906,61.44,71.503,24.491
126.16,232.05,0.3212,36.053,46.971,14.216,35.467,56.239,67.128,25.375
126.04,167.56,0.32487,35.906,46.825,14.216,35.613,58.319,83.831,24.736
126.04,150.71,0.3554,36.126,46.825,14.362,36.126,58.74,81.25,18.3
125.67,139.96,0.34074,37.005,46.825,14.289,36.639,58.128,58.555,13.406
125.55,114.07,0.32853,37.152,46.898,14.362,37.005,56.887,50.229,13.054
125.43,108.7,0.31632,36.932,46.898,14.289,37.298,53.13,50.735,10.547
125.18,108.21,0.35662,36.639,46.678,14.289,37.665,53.374,48.223,10.528
125.18,95.994,0.34929,36.273,46.605,14.362,37.738,62.391,57.216,20.8
124.94,119.44,0.33586,35.979,46.458,14.289,37.811,62.152,67.397,29.431
124.94,148.75,0.32487,35.906,46.092,14.289,38.031,40.497,57.787,25.31
124.69,106.01,0.33708,35.979,45.799,14.289,37.811,32.128,50.69,19.322
124.57,53.981,0.35784,36.126,45.579,14.289,37.738,66.992,65.317,19.865
124.45,92.574,0.34563,36.126,45.432,14.289,38.105,99.596,77.664,20.045
124.45,202.98,0.33219,36.712,45.652,14.289,38.324,75.713,75.749,17.942
124.08,255.25,0.31876,37.005,46.165,14.216,38.031,30.288,72.436,16.779
123.96,171.96,0.36517,36.786,46.385,14.289,37.298,23.453,63.167,14.373
123.84,59.599,0.35173,36.566,46.532,14.362,36.932,40.674,47.589,13.873
123.6,35.662,0.33952,36.419,46.532,14.362,37.079,45.794,48.631,20.003
123.6,55.203,0.32731,36.419,46.532,14.362,38.105,49.512,60.548,22.104
123.6,88.178,0.34319,36.346,46.678,14.509,38.691,57.878,51.069,13.865
123.35,91.109,0.35906,36.492,46.678,14.362,38.764,49.785,28.81,11.508
123.23,78.896,0.34685,36.419,46.825,14.436,38.617,35.201,28.271,21.335
123.11,58.867,0.33097,36.273,46.678,14.362,38.544,39.866,45.513,25.261
122.98,43.967,0.32242,35.54,46.751,14.362,38.324,50.913,55.712,19.18
122.86,67.904,0.3383,34.807,46.605,14.362,38.398,58.118,57.003,19.834
122.86,93.552,0.3554,35.027,46.458,14.362,38.471,82.152,54.569,27.774
122.5,155.35,0.3383,35.467,46.165,14.289,38.691,100,45.631,29.165
122.25,257.94,0.32609,35.54,46.165,14.143,37.738,93.092,38.144,25.617
121.89,289.2,0.31876,35.173,46.165,14.216,36.639,56.02,44.568,25.654
121.76,248.17,0.3615,34.587,46.238,14.216,35.393,50.725,56.759,25.49
121.52,175.62,0.34929,33.415,46.165,14.289,35.027,69.043,57.308,21.115
121.64,149.73,0.33586,32.902,46.238,14.289,34.88,73.909,47.981,17.88
121.28,161.46,0.3212,32.975,46.532,14.289,34.88,69.745,44.772,19.12
120.91,172.94,0.33952,33.048,46.532,14.289,34.807,67.23,53.21,21.958
120.91,168.54,0.35662,32.829,46.751,14.289,34.734,56.286,65.493,22.86
120.79,156.81,0.34074,32.975,46.971,14.289,34.807,45.917,73.565,20.067
120.54,131.17,0.32853,33.708,47.338,14.289,35.173,52.251,71.459,16.35
120.42,112.6,0.31998,34.734,47.411,14.289,35.76,59.844,59.606,16.442
120.42,119.93,0.36395,35.247,47.411,14.436,36.126,57.202,55.613,17.939
120.3,117.98,0.35173,35.467,47.191,14.362,36.346,61.199,71.017,15.588
120.18,143.62,0.33708,35.76,46.825,14.362,36.712,71.123,79.139,12.734
119.93,164.14,0.32242,36.419,46.678,14.289,37.225,66.987,56.481,14.385
119.93,151.2,0.32364,36.859,46.751,14.289,37.445,56.862,35.798,16.885
119.69,128.97,0.35784,36.639,46.825,14.289,37.298,59.631,49.061,16.56
119.44,127.75,0.34563,35.979,46.678,14.289,37.005,66.563,63.999,16.356
119.32,153.64,0.32975,35.54,46.605,14.289,37.152,66.793,53.836,16.622
119.2,147.53,0.31876,35.393,46.238,14.289,37.298,65.897,53.207,13.043
118.95,150.46,0.34807,35.393,46.092,14.289,37.005,61.435,74.967,7.2925
119.08,165.12,0.35296,35.393,45.945,14.289,36.859,49.762,74.589,8.2347
118.59,143.38,0.3383,35.833,45.945,14.289,37.005,45.382,46.556,18.975
118.47,72.789,0.32609,36.199,46.019,14.289,37.298,54.17,40.497,29.478
118.22,67.416,0.32853,35.906,46.019,14.289,37.152,61.072,62.055,28.858
118.47,124.08,0.3615,35.686,45.945,14.362,37.518,62.724,67.663,21.783
118.22,147.53,0.34563,35.613,46.019,14.289,37.445,69.222,48.57,20.008
117.98,140.21,0.33219,35.686,46.165,14.289,37.372,78.389,34.012,21.812
117.73,172.2,0.3212,35.686,46.165,14.216,37.298,84.046,36.754,19.914
117.49,223.01,0.35296,35.173,46.238,14.289,36.786,85.318,44.59,20.265
117.24,252.08,0.35051,34.441,46.312,14.216,35.833,73.857,42.221,27.192
117,239.13,0.34074,33.708,46.385,14.289,35.027,50.23,32.548,27.734
116.88,180.51,0.32853,33.341,46.238,14.289,34.514,40.421,38.873,17.311
116.88,100.64,0.33219,32.462,46.165,14.289,34.294,54.514,63.379,13.689
116.63,108.94,0.35906,31.363,46.458,14.362,34.294,64.224,73.707,23.416
116.76,145.58,0.34563,32.096,46.605,14.362,34.66,53.291,64.465,28.9
116.39,120.18,0.33219,33.268,46.532,14.289,35.1,40.038,65.193,22.538
116.27,108.21,0.31754,34.001,46.532,14.289,35.32,35.637,66.875,17.276
116.15,77.43,0.3383,34.734,46.605,14.362,35.833,33.716,40.495,19.076
115.9,38.593,0.35051,35.027,46.532,14.362,36.053,37.229,20.396,20.618
115.9,27.846,0.3383,35.027,46.458,14.436,36.346,51.852,50.969,18.928
115.9,51.05,0.32487,34.514,46.532,14.509,37.005,70.665,90.561,17.639
115.78,146.56,0.32609,35.32,46.751,14.436,37.592,86.489,81.407,18.544
115.66,195.65,0.36028,36.859,47.118,14.362,38.251,93.284,48.41,20.166
115.41,240.11,0.34685,37.079,47.338,14.216,37.958,81.415,40.652,19.795
115.17,258.43,0.33219,36.639,47.338,14.362,36.712,57.941,53.591,17.835
114.92,215.19,0.31998,35.613,47.338,14.362,36.053,43.854,61.174,18.612
114.92,144.6,0.35173,34.66,46.971,14.289,35.833,39.112,56.07,21.332
114.8,75.232,0.35418,34.367,46.385,14.289,36.053,34.37,45.665,20.314
114.44,41.768,0.33952,34.514,46.165,14.289,36.126,43.345,48.837,17.665
114.44,38.349,0.32853,34.587,46.092,14.362,36.712,67.052,72.53,18.931
114.56,127.75,0.32975,35.027,45.945,14.436,37.811,67.237,85.23,20.514
114.56,163.65,0.3615,36.273,46.238,14.362,37.738,35.744,62.593,19.607
114.19,117.24,0.34807,37.005,46.532,14.362,37.738,25.674,37.207,21.569
114.07,47.875,0.33341,36.859,46.678,14.362,37.665,59.32,46.954,24.789
113.95,48.363,0.31998,36.419,46.532,14.362,37.958,86.076,73.55,22.519
113.95,172.69,0.35418,36.346,46.165,14.362,39.057,72.315,81.252,20.192
113.7,219.1,0.35296,36.712,46.165,14.289,38.691,46.452,71.727,22.748
113.46,159.5,0.34074,37.005,46.385,14.362,38.105,34.564,64.867,20.438
113.46,98.192,0.32609,37.005,46.825,14.289,37.958,33.413,64.404,11.928
113.34,65.95,0.31387,36.932,46.751,14.289,38.031,43.839,66.089,10.634
113.21,63.752,0.3554,37.225,46.751,14.509,38.324,62.752,71.854,14.891
113.21,108.7,0.34807,37.518,46.678,14.509,39.277,69.219,80.106,13.016
113.09,154.37,0.33097,38.031,46.751,14.362,39.643,63.99,80.86,13.662
112.85,159.75,0.32242,38.398,46.532,14.289,39.497,71.828,73.191,26.583
112.73,163.17,0.33219,38.471,46.532,14.289,39.424,84.881,70.34,35.525
112.6,207.38,0.35662,38.178,46.458,14.216,39.204,74.713,75.579,29.15
112.36,226.92,0.34319,37.811,46.165,14.216,38.691,56.278,76.058,22.418
112.24,192.97,0.33097,37.592,45.945,14.216,38.178,59.36,69.769,22.555
111.99,153.64,0.31876,37.298,46.019,14.216,37.811,64.621,66.219,18.937
111.99,146.07,0.35418,37.298,46.238,14.362,37.958,48.09,60.54,13.815
111.87,122.13,0.35173,37.005,46.312,14.362,38.105,38.502,46.703,17.242
111.75,75.721,0.33952,36.786,46.238,14.289,38.105,57.999,41.095,21.115
111.38,73.278,0.32487,36.639,46.312,14.362,38.105,72.357,53.958,16.614
111.63,131.9,0.33097,36.053,46.238,14.362,38.471,57.622,68.743,14.527
111.38,156.33,0.36028,35.833,46.312,14.362,38.251,43.168,74.471,21.865
111.14,134.83,0.34563,35.979,46.458,14.436,38.105,51.663,74.753,28.005
111.14,117.24,0.33341,36.566,46.605,14.362,38.324,65.178,65.789,27.512
111.02,129.21,0.31876,36.932,46.532,14.289,38.544,65.839,52.81,27.202
110.77,132.39,0.32853,36.859,46.605,14.289,38.471,57.254,57.882,28.159
110.65,137.76,0.35296,36.712,46.532,14.362,38.251,49.884,74.807,25.237
110.77,140.21,0.3383,36.566,46.751,14.362,38.324,50.724,73.469,20.29
110.41,122.13,0.32609,36.859,46.898,14.362,38.471,51.441,62.631,18.739
110.28,112.36,0.31387,37.152,47.044,14.362,38.544,37.858,72.653,18.799
110.16,99.17,0.36028,37.298,47.118,14.362,38.984,29.265,86.974,14.93
110.16,64.729,0.34807,38.031,47.044,14.436,39.13,56.246,70.92,8.6828
110.04,70.835,0.33341,38.617,47.118,14.436,39.717,89.702,41.626,8.3396
109.79,138.98,0.32242,38.691,47.044,14.289,39.79,80.154,40.614,15.968
109.55,220.81,0.33952,38.324,47.044,14.289,39.497,56.917,65.357,22.601
109.43,207.87,0.35662,37.225,46.751,14.289,39.057,74.094,76.911,22.42
109.18,195.41,0.34319,36.639,46.165,14.289,38.691,98.433,61.606,20.833
109.06,236.44,0.33219,36.786,46.092,14.216,38.105,76.743,51.682,21.085
108.94,251.34,0.31754,36.419,46.238,14.216,36.932,43.441,69.243,19.176
108.57,195.16,0.36639,35.686,46.238,14.289,36.126,44.267,81.118,17.532
108.7,136.05,0.35051,35.76,46.385,14.289,36.273,52.78,59.732,22.234
108.7,106.99,0.33586,36.273,46.458,14.362,36.859,50.365,42.733,26.593
108.45,73.034,0.32364,36.199,46.532,14.436,37.079,66.573,56.794,22.13
108.21,112.36,0.34196,35.906,46.458,14.289,37.445,91.581,59.937,17.553
108.09,202.49,0.35784,35.76,46.385,14.362,37.592,80.515,38.706,21.075
107.96,234.73,0.34441,35.686,46.312,14.289,37.225,51.205,43.648,21.909
107.6,192.72,0.33097,35.173,46.238,14.289,36.419,54.296,70.718,14.292
107.47,160.72,0.31998,34.294,46.458,14.436,36.053,77.942,62.019,13.281
107.35,172.45,0.34685,34.441,46.751,14.362,36.126,82.551,36.725,24.07
107.11,192.72,0.35418,34.587,46.825,14.289,36.126,73.362,50.292,28.052
106.99,219.1,0.33952,34.074,46.898,14.216,35.54,70.175,69.587,18.017
106.99,208.35,0.32487,33.781,47.044,14.289,35.247,67.531,48.403,11.894
106.62,164.14,0.32731,33.781,46.971,14.362,35.32,58.386,27.085,18.082
106.5,139.47,0.36028,33.781,46.971,14.289,35.32,49.236,38.726,22.502
106.38,119.93,0.34563,33.341,46.678,14.289,35.1,49.087,51.327,18.116
106.25,100.64,0.33341,32.682,46.605,14.362,35.173,62.44,57.965,14.319
106.38,114.8,0.31998,32.609,46.751,14.362,35.54,75.875,81.557,14.571
106.25,175.87,0.34685,33.781,46.898,14.362,35.979,66.628,100,13.701
106.25,196.87,0.35173,35.979,47.191,14.362,36.199,45.493,88.434,14.669
105.89,132.63,0.3383,37.298,47.338,14.436,36.199,46.194,65.953,23.226
105.89,98.437,0.32731,37.665,47.338,14.362,36.566,64.291,52.182,31.848
105.64,93.796,0.32853,37.445,47.338,14.289,37.225,69.978,45.209,29.112
105.52,119.2,0.36028,37.152,47.118,14.289,37.665,64.978,53.461,18.541
105.4,151.44,0.34807,36.639,46.898,14.362,38.031,62.376,70.292,13.361
105.4,162.43,0.33464,36.126,46.678,14.362,37.885,54.808,69.388,17.841
105.15,143.38,0.32242,36.273,46.825,14.362,37.738,49.383,60.107,23.859
104.91,113.83,0.32487,36.639,46.971,14.362,37.811,64.006,64.985,23.669
105.03,127.02,0.35662,36.639,46.971,14.289,37.958,73.349,64.869,19.234
104.91,160.72,0.34441,36.786,46.678,14.362,38.105,45.848,50.257,16.689
104.67,136.79,0.32975,36.712,46.385,14.362,37.958,16.57,51.956,16.398
104.54,57.89,0.3151,36.566,46.238,14.362,37.738,31.873,66.37,15.369
104.54,38.105,0.35173,36.199,45.872,14.289,37.592,65.478,58.794,15.612
104.54,62.286,0.34807,36.712,45.725,14.362,38.324,70.733,45.35,20.3
104.3,88.178,0.33464,37.005,45.652,14.436,38.911,58.824,57.217,25.387
104.18,141.43,0.32242,36.859,46.019,14.289,39.057,61.631,71.162,24.747
104.42,156.08,0.33097,36.712,46.165,14.362,38.691,71.843,67.564,19.611
103.93,159.5,0.3554,36.859,46.458,14.362,38.544,65.681,71.41,16.133
103.93,173.67,0.34319,36.859,46.751,14.362,38.251,48.493,85.142,17.462
103.69,148.75,0.32853,37.079,46.898,14.289,37.885,45.135,79.626,20.877
103.57,118.22,0.31754,37.592,46.971,14.289,38.178,56.695,57.139,21.319
103.44,95.261,0.36273,37.738,47.044,14.436,38.398,56.967,42.073,19.087
103.2,88.666,0.35051,37.518,47.118,14.436,38.544,42.77,40.487,19.823
103.2,80.606,0.33586,37.079,47.191,14.362,38.691,46.207,50.299,22.63
103.08,76.942,0.32364,36.566,47.118,14.362,38.617,70.758,61.633,20.154
103.08,123.84,0.34929,36.053,47.044,14.509,38.764,76.081,52.672,15.011
102.83,164.14,0.35784,36.126,46.825,14.362,38.764,56.831,30.784,16.677
102.71,149.24,0.34196,36.053,46.678,14.289,38.251,56.67,31.483,20.818
102.47,131.66,0.33219,35.906,46.532,14.289,37.885,80.203,52.61,16.648
102.47,181.97,0.31754,34.734,46.458,14.362,37.445,81.7,58.855,10.004
102.47,226.92,0.34441,34.148,46.385,14.289,36.712,53.033,48.86,12.806
102.1,187.1,0.35051,34.074,46.385,14.436,35.979,37.248,49.068,20.876
102.1,104.79,0.33708,33.854,46.385,14.289,35.686,55.018,63.795,24.027
101.98,104.05,0.32609,33.854,46.532,14.436,35.833,81.062,78.034,22.244
101.98,178.55,0.31754,34.66,46.532,14.436,36.492,85.394,80.135,19.748
101.86,232.78,0.36028,35.833,46.678,14.289,36.492,65.168,68.014,19.279
101.61,214.7,0.34563,36.053,46.898,14.289,36.199,42.817,54.777,21.82
101.49,139.72,0.33341,35.833,47.118,14.289,36.126,37.769,53.16,21.701
101.25,76.453,0.31998,35.613,47.118,14.289,36.199,45.356,53.545,15.264
101.37,57.401,0.34319,35.54,47.338,14.436,36.786,54.216,48.469,13.284
101,70.591,0.35296,35.467,47.338,14.436,37.298,60.629,53.913,21.899
101,107.23,0.34074,35.467,47.411,14.436,37.811,59.032,73.999,26.163
100.88,146.56,0.32487,35.54,47.631,14.436,37.738,57.419,86.429,18.013
100.76,147.29,0.3212,36.786,47.264,14.289,37.592,79.999,80.384,12.702
100.76,174.16,0.36273,37.885,46.971,14.436,38.251,100,64.821,17.696
100.64,246.21,0.34807,37.811,46.678,14.362,37.885,93.338,46.431,21.539
100.27,279.19,0.33219,37.225,46.458,14.289,37.445,49.672,33.69,20.438
100.15,235.96,0.32242,36.859,46.385,14.289,36.492,45.785,35.777,18.751
100.02,137.27,0.35418,36.126,46.238,14.289,35.906,67.146,43.719,13.354
100.02,121.89,0.3554,34.88,46.019,14.289,35.686,53.29,46.098,7.5201
99.78,127.26,0.34074,33.928,45.872,14.362,35.833,32.387,50.914,13.312
99.78,74.255,0.32731,33.341,45.872,14.362,35.833,57.027,63.009,23.767
99.78,99.658,0.3151,33.341,46.312,14.436,36.199,86.373,70.869,21.06
99.536,181.49,0.35173,34.221,46.678,14.362,36.566,75.722,70.366,12.071
99.414,218.61,0.34929,34.954,46.825,14.216,36.419,62.914,68.149,14.516
99.536,195.16,0.33586,35.32,46.678,14.289,36.199,71.572,66.62,23.086
99.536,179.53,0.32487,35.393,46.678,14.289,36.126,72.205,66.996,24.18
99.17,184.42,0.33219,35.467,46.678,14.436,36.273,67.871,67.822,19.745
99.17,180.26,0.35662,35.54,46.678,14.289,36.419,78.937,61.473,16.38
98.925,193.45,0.34563,35.686,46.971,14.289,36.419,81.943,53.267,16.686
98.803,222.52,0.33097,35.613,47.191,14.289,36.346,69.172,57.372,22.734
98.925,216.9,0.31876,35.247,47.264,14.289,35.833,74.148,64.95,28.446
98.559,203.96,0.36273,34.954,47.411,14.289,35.76,86.884,62.438,24.483
98.803,226.43,0.35173,35.027,47.484,14.289,35.833,69.337,66.286,18.118
98.315,228.87,0.3383,34.88,47.118,14.289,35.393,45.774,83.792,21.1
98.437,173.42,0.32609,35.393,46.678,14.362,35.467,53.857,81.164,25.588
98.437,134.83,0.32975,36.346,46.458,14.289,35.979,66.629,47.144,22.19
98.315,107.96,0.36395,36.712,46.312,14.362,36.566,55.708,29.562,19.813
98.192,112.85,0.34685,36.419,46.165,14.362,36.859,41.548,57.546,22.595
97.948,108.94,0.33464,35.686,46.165,14.362,37.005,38.612,87.675,19.394
97.826,86.712,0.32242,35.76,45.872,14.362,37.225,41.904,73.042,11.15
97.948,75.965,0.32853,37.005,46.238,14.436,37.592,55.018,38.357,12.565
97.948,53.737,0.35418,37.152,46.458,14.509,38.178,66.082,37.824,22.669
97.704,95.506,0.34074,36.859,46.605,14.436,38.617,53.128,64.68,26.449
97.582,143.38,0.32975,36.346,46.532,14.436,38.544,35.08,67.148,20.703
97.582,114.8,0.31754,35.979,46.458,14.509,38.544,39.21,48.097,14.522
97.46,46.654,0.35051,36.199,46.385,14.509,38.617,47.391,57.713,14.244
97.582,60.821,0.35173,36.346,46.532,14.436,38.911,47.62,84.122,20.03
97.582,94.04,0.3383,36.859,46.751,14.509,39.204,64.042,69.944,26.229
97.215,119.44,0.32364,37.811,46.532,14.509,39.277,88.929,31.278,24.792
97.338,156.81,0.32853,37.811,46.605,14.289,39.277,86.483,26.806,18.063
97.093,232.05,0.35906,37.518,46.532,14.289,38.324,71.186,45.705,18.67
97.093,235.96,0.34685,36.492,46.458,14.362,37.225,77.064,52.593,27.827
96.849,224.96,0.33464,35.027,46.385,14.289,36.419,86.393,61.968,29.771
96.605,245.48,0.31998,34.148,46.385,14.289,35.76,78.815,73.977,18.165
96.727,259.89,0.35296,34.148,46.751,14.289,34.954,77.172,59.23,9.2246
96.361,239.62,0.35296,34.294,46.825,14.289,34.734,82.851,42.668,14.712
96.361,232.54,0.3383,34.367,46.971,14.362,34.441,62.531,58.381,21.802
96.116,220.57,0.32731,33.854,46.825,14.436,34.221,28.806,64.314,17.787
96.361,138.5,0.33097,33.488,46.605,14.436,34.367,30.356,39.191,13.089
95.994,46.898,0.3615,33.708,46.458,14.362,34.587,60.572,41.427,18.48
95.872,42.501,0.34807,33.488,46.385,14.362,35.686,71.727,72.708,23.929
95.994,142.65,0.33708,33.928,46.532,14.436,36.566,60.062,65.13,21.016
95.994,156.81,0.3212,34.514,46.825,14.362,36.639,56.576,35.796,18.483
95.75,121.4,0.32487,34.88,46.678,14.436,36.786,64.566,47.08,20.653
95.75,128.97,0.35418,34.587,46.825,14.362,36.712,66.961,64.23,21.247
95.75,162.92,0.34319,34.514,46.898,14.362,36.712,61.904,45.353,21.809
95.628,137.76,0.32975,34.587,46.825,14.436,36.786,54.16,43.98,25.162
95.628,122.62,0.31876,34.367,46.825,14.362,36.786,45.691,79.634,22.811
95.506,131.41,0.35173,34.367,46.898,14.362,36.712,47.101,87.87,15.73
95.383,109.18,0.35296,35.906,46.825,14.436,37.079,62.338,64.891,19.396
95.261,111.63,0.3383,36.712,46.971,14.436,37.445,71.873,64.672,30.401
95.506,149.73,0.32609,36.859,47.044,14.436,37.885,65.628,72.295,28.634
95.139,173.67,0.3212,37.079,46.971,14.509,37.885,60.53,55.63,17.235
95.017,141.67,0.35784,37.005,46.898,14.289,37.885,58.757,48.803,14.904
94.895,122.86,0.34807,36.932,46.751,14.362,37.958,44.635,62.047,19.35
94.895,125.79,0.33341,36.419,46.605,14.436,37.885,34.721,51.652,19.977
94.773,69.37,0.3212,36.273,46.458,14.509,38.031,53.447,31.401,21.126
94.773,52.516,0.35173,36.126,46.312,14.582,38.324,70.8,51.468,22.708
94.773,110.16,0.3554,35.686,46.312,14.582,38.544,55.241,81.398,15.15
94.895,157.79,0.34196,35.76,46.385,14.509,38.398,43.965,66.287,7.625
94.895,121.89,0.32975,36.566,46.385,14.509,38.178,65.967,36.714,17.171
94.529,92.33,0.32853,36.566,46.238,14.436,38.398,75.3,43.301,31.07
94.406,144.6,0.36395,36.199,46.238,14.436,38.251,47.027,68.401,25.044
94.406,162.92,0.34929,35.833,46.092,14.436,37.738,31.493,80.852,7.1825
94.406,118.22,0.33586,35.906,45.872,14.509,37.811,49.225,89.496,3.5737
94.529,80.85,0.32364,37.225,46.385,14.436,38.324,54.716,99.356,15.688
94.406,98.437,0.32487,38.691,47.044,14.509,38.471,37.506,91.367,24.405
94.529,74.988,0.35784,39.204,47.338,14.509,38.691,38.307,67.529,23.127
94.529,55.447,0.34074,39.497,47.411,14.436,39.277,61.575,56.23,21.687
94.406,73.766,0.32853,39.204,47.338,14.509,39.863,72.417,60.081,23.937
94.406,132.63,0.31754,38.911,47.118,14.436,40.156,62.765,52.006,22.352
94.406,148.51,0.35662,38.471,46.898,14.436,39.936,54.421,36.051,16.093
94.284,121.15,0.34929,38.178,46.898,14.436,39.79,59.781,48.03,14.926
94.162,126.77,0.33708,37.445,46.751,14.509,39.424,68.683,77.42,19.952
93.918,168.54,0.32364,36.566,46.678,14.436,39.057,63.387,73.12,21.881
93.796,168.3,0.33464,37.005,46.312,14.362,38.837,48.554,43.472,21.425
93.918,107.72,0.35906,37.225,46.238,14.509,38.691,50.871,44.376,25.403
93.796,90.62,0.34441,36.786,46.238,14.436,38.471,69.433,69.011,27.023
93.674,139.47,0.33219,36.346,46.312,14.509,38.398,71.848,70.379,19.589
93.674,169.52,0.31876,36.346,46.238,14.362,38.398,58.145,60.65,15.041
93.552,161.94,0.36517,36.566,46.385,14.362,38.251,59.64,69.574,20.311
93.429,153.4,0.35051,36.492,46.605,14.436,38.031,72.663,75.05,21.327
93.429,173.42,0.33708,36.786,46.898,14.436,38.031,71.436,65.815,13.241
93.552,178.31,0.32487,36.932,46.898,14.362,38.105,63.827,67.606,11.439
93.307,169.52,0.31754,36.712,47.044,14.509,37.738,65.086,68.219,19.128
93.307,161.7,0.35906,36.712,47.118,14.436,37.738,61.329,43.748,22.073
93.185,128.24,0.34441,36.492,47.264,14.436,37.738,45.502,32.755,17.872
93.063,104.79,0.33097,36.273,47.118,14.509,37.738,35.64,58.84,16.279
93.063,92.819,0.31632,35.686,47.264,14.436,37.518,40.428,69.982,17.882
92.941,85.979,0.34563,35.393,47.557,14.509,37.811,51.218,50.691,17.145
93.063,65.706,0.35173,35.906,47.484,14.509,38.324,58.954,54.615,14.14
93.063,90.62,0.3383,36.199,47.338,14.509,38.617,58.096,81.671,11.801
93.185,141.91,0.32364,36.566,46.971,14.509,38.911,54.854,83.75,13.145
93.307,133.37,0.32731,37.665,46.605,14.436,38.691,61.703,72.762,18.941
92.941,135.56,0.35662,38.178,46.678,14.509,38.911,70.292,75.703,22.65
93.063,164.39,0.34441,38.251,46.678,14.436,38.911,66.783,65.347,20.171
92.941,158.04,0.33097,38.178,46.605,14.362,38.984,63.672,39.655,20.035
92.941,135.81,0.31876,37.885,46.605,14.436,38.764,67.898,41.699,26.599
92.941,147.78,0.36395,37.372,46.605,14.436,38.691,60.191,60.844,28.748
92.697,156.81,0.35173,36.639,46.678,14.509,38.324,44.405,57.785,22.153
92.574,123.11,0.3383,36.126,46.678,14.509,38.251,45.419,53.807,18.642
92.33,91.109,0.32364,35.979,46.825,14.436,38.251,50.489,67.084,22.04
92.452,108.21,0.34074,35.979,46.971,14.509,38.324,39.774,60.084,22.8
92.33,94.04,0.35784,36.273,46.898,14.509,38.398,40.062,36.734,20.117
92.086,53.737,0.34441,36.273,46.898,14.436,38.691,65.489,50.15,21.926
92.208,81.827,0.33219,36.199,46.751,14.509,38.837,77.78,86.339,26.363
92.33,180.75,0.31876,36.492,46.458,14.436,38.691,61.195,91.195,25.277
91.964,183.93,0.3383,37.811,46.678,14.436,38.471,44.257,76.552,18.849
92.33,133.61,0.35051,38.324,46.825,14.436,38.471,36.168,71.743,13.624
92.33,92.574,0.3383,38.178,47.044,14.436,38.617,31.375,61.097,14.047
92.086,56.424,0.32609,38.178,46.971,14.436,39.057,40.569,48.987,19.48
92.086,49.096,0.32487,38.031,46.825,14.509,39.204,55.202,63.256,23.909
92.33,79.384,0.35906,37.958,46.898,14.582,40.01,53.406,77.788,22.899
92.208,124.33,0.34563,38.178,46.971,14.582,40.01,54.655,59.696,21.714
92.086,107.72,0.33219,38.471,47.191,14.509,40.303,79.458,44.67,26.254
92.33,142.16,0.32242,38.398,47.264,14.436,40.303,93.254,59.706,30.114
91.964,239.62,0.35173,37.958,47.191,14.436,39.57,72.202,70.998,25.075
91.72,248.41,0.3554,37.225,47.118,14.362,38.691,47.836,69.058,17.459
91.842,184.42,0.34074,36.932,47.044,14.509,37.885,38.361,76.75,17.974
91.842,126.04,0.32731,36.859,46.825,14.436,37.885,32.683,72.739,22.842
91.597,75.232,0.32853,37.225,46.532,14.436,38.178,43.24,40.935,21.079
91.597,39.082,0.36273,37.372,46.605,14.509,38.471,76.308,34.272,14.125
91.353,81.827,0.34929,37.225,46.458,14.509,39.204,89.642,72.637,12.738
91.353,221.06,0.33708,36.786,46.532,14.436,38.691,58.827,89.752,18.498
91.353,236.2,0.32242,37.005,46.678,14.436,38.617,23.817,62.632,22.511
91.231,113.09,0.35173,37.518,47.044,14.509,38.251,22.765,49.461,20.243
91.231,37.616,0.35784,37.372,47.191,14.436,37.885,42.894,63.313,15.902
91.231,40.791,0.34319,37.079,47.338,14.509,38.324,55.222,61.844,14.243
91.353,71.812,0.33219,37.298,47.191,14.656,39.57,55.363,51.17,16.783
91.353,81.827,0.31998,37.445,47.191,14.656,39.79,63.919,60.89,22.31
91.231,120.66,0.33708,37.592,47.191,14.436,39.57,89.757,70.023,25.909
91.231,201.51,0.35418,37.518,47.411,14.436,39.424,100,63.53,23.77
90.987,268.44,0.34074,37.518,47.411,14.362,38.837,81.457,72.207,20.337
90.987,293.6,0.32853,37.005,47.484,14.362,37.811,62.522,91.882,22.369
90.987,264.53,0.3151,37.079,47.191,14.362,37.079,73.817,77.704,27.802
90.865,209.09,0.36273,37.445,47.118,14.436,36.639,77.369,43.423,29.475
90.743,187.1,0.34807,37.445,47.191,14.436,36.712,50.736,43.954,26.218
90.743,161.94,0.33708,36.712,47.118,14.436,36.566,38.683,70.419,22.67
90.62,114.56,0.3212,35.833,46.898,14.436,36.419,62.738,76.489,21.486
90.254,128.72,0.33952,35.979,46.678,14.509,37.298,84.099,66.736,21.037
90.498,177.58,0.35906,36.639,46.825,14.509,37.885,85.728,64.422,20.239
90.254,231.07,0.34196,36.639,46.971,14.436,37.518,85.143,57.678,21.911
90.254,256.47,0.32975,36.419,47.118,14.362,37.005,77.287,44.759,26.43
90.376,226.92,0.31754,36.053,46.971,14.436,36.566,56.743,50.807,26.259
90.01,182.46,0.36639,35.467,46.971,14.436,36.053,49.482,66.496,18.098
90.01,142.4,0.35051,34.587,46.898,14.436,35.76,60.15,61.521,12.694
90.132,122.62,0.3383,34.66,46.971,14.436,36.199,59.729,54.315,16.527
89.888,123.11,0.32487,34.954,46.971,14.509,36.566,50.289,71.464,19.363
90.01,134.34,0.31265,35.247,46.971,14.436,36.712,57.817,79.974,17.458
89.766,136.3,0.35906,36.053,47.044,14.509,37.152,69.742,56.688,22.318
89.643,125.31,0.34685,36.566,47.044,14.509,37.518,61.374,48.694,31.297
89.643,132.39,0.33219,36.566,47.044,14.582,37.445,50.411,75.547,26.872
89.521,146.07,0.31998,36.346,46.825,14.509,37.665,57.94,78.178,13.384
89.277,143.62,0.33097,36.786,46.825,14.509,37.958,65.969,40.277,11.284
89.277,102.34,0.35418,37.079,46.898,14.509,38.178,61.513,30.655,18.938
89.155,112.12,0.34319,36.932,46.971,14.509,38.105,62.795,67.943,22.507
89.155,147.53,0.32975,36.053,47.118,14.582,37.958,73.124,83.816,24.23
89.155,194.68,0.31754,36.126,47.338,14.509,38.105,71.94,55.676,26.389
89.277,175.13,0.35662,36.712,47.411,14.509,37.885,61.55,38.949,20.938
89.155,147.78,0.35173,36.492,47.264,14.509,37.518,60.906,55.59,14.511
89.033,146.56,0.33708,35.833,47.264,14.436,37.152,64.516,69.042,20.608
89.155,149.49,0.32487,35.467,46.898,14.436,37.225,65.61,61.981,27.98
89.033,155.59,0.33341,35.686,46.605,14.436,37.372,81.563,51.155,22.227
88.911,180.26,0.36028,35.833,46.532,14.509,37.152,100,46.378,16.216
88.788,251.83,0.34807,35.686,46.605,14.436,36.566,88.365,46.137,19.597
88.544,287.98,0.33341,35.173,46.532,14.436,35.906,48.564,50.021,18.784
88.788,235.71,0.3212,34.441,46.605,14.436,34.954,45.852,58.678,12.765
88.666,147.78,0.35784,33.708,46.605,14.436,34.66,75.8,73.992,17.165
88.666,162.19,0.35418,33.854,46.751,14.509,35.32,76.124,88.787,26.371
88.666,214.46,0.34196,35.247,47.118,14.582,35.833,50.327,85.371,24.987
88.422,171.71,0.32609,36.419,47.191,14.509,35.76,50.49,68.339,22.045
88.422,114.07,0.3151,36.712,47.264,14.509,35.979,67.888,64.107,27.255
88.178,132.88,0.3615,36.712,47.191,14.436,36.932,64.234,69.707,26.749
88.178,149.24,0.34807,36.786,47.044,14.582,37.372,53.525,62.92,16.255
88.178,138.98,0.33341,36.859,47.044,14.509,37.592,59.156,59.052,13.4
88.056,125.55,0.32242,36.859,47.044,14.436,37.738,65.612,76.994,19.446
87.934,156.57,0.3383,37.079,47.191,14.436,38.031,62.392,84.085,17.279
87.934,159.5,0.3554,37.665,47.191,14.436,38.398,59.525,60.519,9.293
87.811,127.02,0.34319,37.958,47.191,14.582,38.178,57.315,49.621,12.116
87.689,112.85,0.32853,37.592,47.191,14.582,38.251,56.542,69.622,22.289
87.445,137.52,0.31632,37.152,47.044,14.582,38.251,62.38,73.243,23.557
87.445,145.82,0.3615,37.225,46.385,14.436,38.471,61.184,46.776,16.237
85.857,119.69,0.34929,37.298,46.312,14.509,38.398,49.24,37.238,13.9
74.255,97.704,0.33586,37.079,46.165,14.656,38.178,54.049,57.519,19.756
71.69,106.74,0.32609,36.492,46.019,14.509,38.251,75.008,70.457,22.999
71.08,160.23,0.34196,36.126,45.799,14.509,38.471,74.994,62.575,18.323
70.591,186.37,0.35906,36.419,46.019,14.436,38.251,57.312,52.469,16.556
70.103,158.52,0.34441,36.419,46.312,14.509,37.811,56.564,50.905,25.182
69.858,126.53,0.33097,36.053,46.458,14.509,37.298,66.144,57.472,31.646
69.614,138.74,0.31754,35.686,46.605,14.509,37.298,65.812,66.114,25.766
69.248,160.97,0.3383,35.467,46.532,14.509,37.298,68.157,67.772,19.822
69.248,165.61,0.34929,35.76,46.678,14.582,37.225,74.813,66.146,22.995
68.515,183.44,0.33586,35.906,46.898,14.509,37.225,66.578,65.271,23.499
68.271,182.95,0.32487,35.833,46.971,14.582,36.932,55.972,51.422,16.724
68.026,137.27,0.32609,35.833,46.971,14.509,36.859,64.711,31.377,15.276
67.538,119.44,0.35906,35.76,47.044,14.509,36.932,74.95,40.947,19.316
67.171,162.92,0.34563,35.32,46.971,14.509,36.786,68.439,71.28,17.276
67.049,196.14,0.33097,34.367,47.044,14.656,36.639,56.602,72.066,14.24
66.683,169.03,0.31754,34.66,47.044,14.509,36.566,44.154,52.745,20.118
66.561,103.08,0.35173,35.1,47.191,14.509,36.712,30.392,63.531,25.791
66.317,79.873,0.35051,35.393,47.118,14.509,36.712,32.281,83.639,23.272
66.439,65.217,0.33586,36.126,46.971,14.656,37.445,52.24,64.309,21.801
66.072,65.706,0.32364,37.152,46.825,14.582,38.031,67.338,39.918,24.054
65.95,80.117,0.33586,37.298,46.678,14.656,38.324,70.686,60.908,20.551
65.462,151.2,0.35784,37.298,46.678,14.582,38.837,68.491,90.131,13.503
65.462,187.59,0.34196,37.445,46.458,14.509,38.911,55.93,80.589,13.431
65.217,157.3,0.33219,38.178,46.532,14.582,38.837,41.421,60.903,19.075
64.973,106.25,0.31876,38.178,46.825,14.509,38.691,46.307,63.789,23.768
64.851,93.063,0.36395,37.958,46.898,14.582,38.617,62.422,71.335,25.364
64.607,122.37,0.35173,37.811,46.898,14.582,39.204,67.079,68.312,21.82
64.362,145.09,0.33952,37.885,46.825,14.656,39.057,64.29,59.338,17.071
64.24,144.6,0.32364,37.811,46.825,14.656,38.911,64.785,42.148,21.969
63.874,133.85,0.3151,37.665,46.751,14.582,38.764,63.789,30.188,31.807
63.508,136.79,0.35784,37.372,46.751,14.509,38.471,60.117,51.189,28.34
63.263,144.6,0.34563,36.492,46.458,14.582,38.105,58.684,87.191,14.572
62.897,159.5,0.33097,35.76,46.458,14.582,38.178,61.158,93.486,11.023
62.775,148.51,0.31998,37.298,46.678,14.582,38.178,69.68,78.283,16.949
62.531,151.44,0.3383,38.105,46.751,14.509,38.105,75.315,75.629,15.93
62.164,170.25,0.35296,38.031,46.825,14.509,38.251,63.842,73.801,10.575
62.042,180.02,0.34074,37.738,46.751,14.509,38.178,51.032,55.143,13.588
61.676,130.68,0.32731,37.665,46.532,14.436,37.958,55.698,45.136,20.613
61.431,98.681,0.3151,37.152,46.532,14.656,37.958,54.411,56.407,21.374
61.187,118.95,0.3615,36.786,46.532,14.582,38.398,39.409,61.556,18.429
61.065,106.74,0.35051,36.419,46.678,14.656,38.178,50.854,53.257,17.118
60.699,76.698,0.33708,36.419,46.898,14.582,38.471,81.606,47.966,15.921
60.454,134.59,0.32364,36.419,46.971,14.582,38.398,74.122,39.131,14.322
60.21,185.88,0.34074,36.273,47.044,14.656,38.178,43.908,25.947,15.189
59.966,147.53,0.35662,36.199,46.898,14.582,37.811,48.718,39.977,18.097
59.844,102.1,0.34319,35.32,46.971,14.509,37.298,66.686,78.149,19.209
59.599,149.24,0.33097,34.148,46.971,14.582,37.372,60.785,88.538,17.242
59.599,177.33,0.31998,35.467,46.898,14.656,37.445,61.479,64.363,16.239
59.111,148.75,0.36639,36.419,46.898,14.582,37.372,71.937,55.068,20.067
58.867,149.49,0.35173,36.346,46.971,14.509,37.298,51.744,70.252,24.417
58.745,157.06,0.3383,36.199,46.825,14.582,37.225,30.958,73.531,22.657
58.622,100.88,0.32487,36.492,46.825,14.656,37.518,53.226,61.827,18.888
58.378,80.85,0.31265,36.932,46.971,14.656,37.592,64.611,62.656,20.367
58.256,122.37,0.3615,37.225,47.191,14.582,38.251,33.989,77.232,22.18
58.134,117.49,0.34563,37.445,47.338,14.656,38.691,35.745,86.511,18.954
57.89,62.286,0.33219,38.251,47.557,14.582,38.984,83.718,83.81,18.98
57.767,131.66,0.3212,39.057,47.851,14.656,39.936,90.002,73.941,25.835
57.279,225.94,0.3383,39.204,47.851,14.509,39.57,50.461,64.487,27.338
57.035,207.38,0.3554,38.691,47.704,14.509,39.13,47.684,59.056,20.519
56.79,129.21,0.34074,38.178,47.411,14.582,38.691,76.663,52.259,18.447
56.79,146.31,0.32853,37.811,47.118,14.509,38.544,68.157,44.855,21.855
56.302,165.36,0.31632,37.445,46.678,14.582,38.471,31.44,47.145,18.935
56.302,106.01,0.35906,36.859,46.238,14.582,38.324,24.323,53.929,14.127
56.058,48.852,0.34929,36.199,45.945,14.582,38.031,47.678,52.041,19.331
55.936,40.303,0.33586,35.979,45.799,14.582,38.105,59.834,49.829,25.263
55.813,75.721,0.3212,36.199,46.019,14.729,38.911,49.443,55.566,18.591
55.691,102.34,0.32853,36.199,46.238,14.729,38.911,46.773,56.456,10.63
55.569,97.215,0.35784,36.419,46.458,14.582,38.837,65.773,53.469,15.512
55.325,111.14,0.34196,36.419,46.605,14.656,38.691,70.351,60.438,22.176
55.203,150.71,0.33219,36.566,46.458,14.582,38.691,43.408,62.122,16.785
54.836,134.59,0.31876,36.492,46.532,14.582,38.544,35.033,46.335,8.8205
54.836,63.752,0.35662,36.419,46.532,14.656,38.178,66.609,42.649,11.675
54.592,75.721,0.35173,36.273,46.751,14.656,38.324,80.932,58.099,19.841
54.348,169.52,0.3383,35.979,46.898,14.656,38.691,59.887,54.282,22.651
53.859,181.49,0.32609,35.76,47.191,14.582,37.885,55.725,34.742,21.583
53.737,129.21,0.31387,35.76,47.118,14.656,37.738,71.253,39.568,22.099
53.615,144.36,0.34685,35.173,47.338,14.656,37.372,66.494,51.036,23.079
53.493,159.75,0.34807,34.587,47.338,14.656,37.079,55.429,36.565,21.399
53.249,132.39,0.33708,34.367,47.411,14.656,36.712,54.616,33.537,17.602
52.882,113.34,0.32242,34.001,47.338,14.656,36.639,36.15,67.25,15.061
52.76,111.63,0.32364,33.048,47.411,14.656,36.199,18.562,84.599,17.372
52.76,62.775,0.35662,34.148,47.191,14.656,36.639,47.304,61.564,22.728
52.516,41.768,0.34319,35.686,46.971,14.656,36.786,78.147,47.705,22.299
52.516,104.05,0.33219,36.053,46.898,14.729,38.031,57.118,60.045,13.723
52.272,152.66,0.31998,36.419,46.825,14.656,37.885,36.02,64.39,9.6583
52.027,114.56,0.3383,36.419,46.678,14.582,37.885,55.122,57.015,18.652
51.905,89.399,0.35418,36.712,46.678,14.656,38.105,62.703,58.519,29.198
51.783,114.07,0.34074,36.932,46.898,14.582,38.471,45.879,65.403,29.062
51.661,119.2,0.32853,37.005,47.191,14.582,38.324,55.254,67.184,23.488
51.417,117.98,0.31632,37.079,47.264,14.582,38.398,79.904,63.647,19.933
51.05,163.9,0.36273,37.298,47.264,14.582,38.691,72.928,58.156,17.097
50.806,195.41,0.34807,37.225,47.484,14.582,38.398,53.158,62.035,17.398
50.562,167.32,0.33708,36.932,47.411,14.582,38.031,56.275,73.019,23.919
50.44,149.49,0.32487,36.859,47.118,14.582,38.031,70.537,65.886,26.805
50.073,153.64,0.34196,37.005,46.751,14.656,38.105,75.125,49.858,20.204
50.073,167.07,0.35784,37.005,46.678,14.729,37.958,62.145,61.851,16.988
49.829,176.36,0.34441,36.712,46.532,14.656,37.738,37.047,77.103,21.277
50.684,155.11,0.33097,36.492,46.312,14.509,37.592,33.109,51.953,17.364
53.249,63.996,0.31876,36.712,46.458,14.582,37.738,60.93,33.962,5.9646
55.936,54.47,0.33708,36.786,46.458,14.656,37.811,73.017,73.984,7.6837
58.5,149.98,0.35173,36.273,46.605,14.582,38.691,53.424,100,19.888
61.309,171.47,0.33952,37.372,46.678,14.656,38.251,48.945,82.814,21.436
63.874,116.27,0.32731,38.178,46.898,14.582,38.617,63.922,48.644,16.692
66.927,92.574,0.3151,38.544,46.898,14.582,38.691,58.254,48.234,21.532
69.98,110.41,0.3615,38.105,46.971,14.729,38.837,45.325,51.652,25.302
73.4,105.52,0.34563,37.372,46.825,14.656,38.691,55.78,55.531,16.118
77.308,107.96,0.33586,36.786,46.825,14.802,38.617,64.956,75.908,10.104
84.514,147.04,0.3212,36.712,46.898,14.949,38.984,55.962,81.223,16.954
91.597,147.04,0.34685,37.372,47.191,14.949,38.984,55.059,59.351,20.805
93.185,122.86,0.3554,37.738,47.264,14.949,38.911,65.169,52.531,17.258
94.162,118.71,0.34319,37.518,47.264,15.095,38.617,67.976,63.118,19.407
94.895,150.46,0.32853,37.225,47.191,15.022,38.324,67.691,54.898,23.902
95.75,156.57,0.31632,37.005,46.971,15.095,38.544,64.146,40.086,19.797
96.727,141.43,0.35051,36.786,46.971,15.095,38.031,52.209,43.656,16.496
97.46,127.75,0.35051,36.273,46.898,15.169,37.958,52.878,47.572,22.587
98.559,109.67,0.3383,35.76,46.825,15.022,37.665,64.541,46.627,25.928
99.658,117,0.32609,35.32,46.751,15.095,37.811,51.401,61.015,21.001
101.12,134.34,0.33708,34.954,46.751,15.095,37.592,33.251,78.802,18.655
102.22,110.16,0.36028,35.467,46.971,15.095,37.518,58.41,79.428,19.743
103.93,105.52,0.34685,36.639,47.118,15.169,38.251,88.525,72.643,17.371
105.15,174.4,0.33341,37.445,47.191,15.095,38.764,65.936,62.954,16.87
106.74,199.32,0.31876,37.372,47.338,15.095,38.105,33.215,50.844,21.996
108.45,118.47,0.32609,37.079,47.264,15.095,37.738,44.714,56.819,23.767
110.28,84.27,0.35296,36.859,47.338,15.095,37.592,69.609,71.969,21.077
112.36,125.31,0.34074,36.859,47.191,15.095,38.471,73.477,61.914,21.546
114.44,158.77,0.32731,37.079,47.338,15.095,38.617,68.182,50.099,21.184
116.27,166.59,0.3151,37.005,47.411,15.095,38.324,58.499,72.715,15.545
118.34,172.69,0.36273,36.859,47.557,15.095,38.251,48.206,87.489,14.849
120.54,140.94,0.34929,37.372,47.631,15.095,38.324,57.497,63.567,21.854
122.74,116.02,0.33586,37.885,47.411,15.095,38.251,74.332,53.39,24.077
124.57,142.89,0.32364,37.738,47.338,15.022,38.691,68.958,69.538,21.178
126.65,177.58,0.34441,37.518,47.044,15.022,38.544,55.691,57.072,23.289
128.97,146.8,0.3554,37.445,46.605,15.095,38.251,59.286,30.436,25.239
131.17,116.76,0.34196,37.298,46.532,15.022,38.178,72.79,44.817,19.567
133,146.8,0.33219,36.712,46.458,15.095,37.885,90.571,67.81,17.046
135.32,226.92,0.31754,35.979,46.312,15.022,37.885,100,56.503,24.23
137.27,284.07,0.3383,35.76,46.385,15.022,37.079,80.031,51.847,28.938
139.35,285.78,0.35173,35.467,46.532,14.949,35.979,37.768,72.122,25.252
141.67,223.01,0.3383,34.807,46.751,15.022,35.32,35.035,71.602,21.349
143.99,128.97,0.32731,35.027,46.751,14.949,35.247,64.393,54.783,20.047
146.07,94.529,0.32731,35.247,46.825,15.022,35.76,69.993,62.506,18.746
148.63,143.38,0.3615,35.54,46.825,15.022,36.419,59.708,73.474,19.002
150.59,155.59,0.34807,35.906,46.751,14.949,36.639,70.133,61.127,20.327
152.78,161.94,0.33341,36.199,46.971,15.022,36.859,86.382,57.158,20.492
155.11,207.13,0.32242,36.346,46.971,14.949,37.005,88.92,71.437,22.238
157.43,260.87,0.35173,36.199,47.191,14.949,36.932,83.049,71.341,24.316
159.75,270.64,0.3554,36.199,47.484,14.875,36.492,60.737,62.757,20.525
162.19,225.94,0.34196,35.833,47.411,14.875,36.053,33.504,71.793,15.617
164.63,153.15,0.32975,35.833,47.557,14.729,35.833,45.373,79.67,18.174
166.95,108.7,0.31754,36.199,47.484,14.875,36.199,81.098,65.553,21.871
169.03,146.07,0.34929,37.079,47.118,14.949,37.298,79.906,49.783,18.766
171.23,205.91,0.35051,36.932,46.971,14.802,37.518,55.731,49.637,13.991
173.42,185.88,0.33952,36.566,46.825,14.582,37.298,57.848,57.009,10.749
175.74,152.91,0.32609,35.979,46.751,14.656,36.932,64.32,62.396,7.7521
178.19,151.2,0.32853,35.76,46.605,14.656,37.152,49.37,60.757,12.079
180.75,127.99,0.35906,35.906,46.458,14.582,37.152,48.278,54.957,23.477
182.22,76.698,0.34441,35.979,46.605,14.729,37.298,66.977,54.218,23.964
182.22,100.64,0.33097,36.199,46.532,14.656,37.811,63.882,50.919,10.736
182.22,129.95,0.31998,36.053,46.532,14.582,37.885,43.855,38.461,5.8267
181.85,99.414,0.35296,35.979,46.458,14.582,37.592,40.745,42.423,15.481
181.49,68.881,0.35296,35.613,46.458,14.582,37.811,47.569,67.24,21.667
181.36,99.902,0.3383,35.247,46.605,14.656,38.105,52.193,65.429,18.354
181.12,113.58,0.32487,35.686,46.751,14.582,38.178,60.918,32.172,16.697
181,87.689,0.31387,35.833,46.825,14.509,38.178,62.15,30.525,21.057
181,119.69,0.3615,35.76,46.751,14.509,38.398,53.787,66.048,26.257
180.87,162.43,0.34563,35.247,46.825,14.509,37.738,62.808,71.624,25.913
180.63,165.36,0.33097,35.32,46.898,14.509,37.738,79.594,43.14,17.412
180.39,170.49,0.3212,35.613,46.898,14.436,37.738,68.429,40.929,10.065
180.26,182.22,0.32731,35.393,46.898,14.509,37.298,47.014,64.046,13.986
180.26,162.19,0.35662,34.954,47.118,14.436,36.639,42.216,62.237,19.207
180.14,115.78,0.34196,34.807,47.118,14.509,36.639,29.908,38.418,14.312
179.9,50.318,0.32975,34.954,47.118,14.582,37.079,12.581,30.983,10.859
180.02,19.541,0.31754,34.954,46.898,14.509,37.225,32.944,42.244,16.393
180.02,24.915,0.35173,34.587,46.898,14.582,37.152,66.056,52.285,16.554
179.78,78.896,0.35296,34.66,46.898,14.582,38.105,56.54,57.379,10.088
179.53,120.18,0.33708,35.173,46.898,14.656,38.544,37.854,62.579,13.844
179.41,106.01,0.32364,35.613,46.825,14.509,38.398,53.874,66.659,22.972
179.29,107.47,0.32731,36.273,46.825,14.582,38.544,59.55,63.693,20.088
179.16,126.28,0.35906,36.859,46.751,14.582,38.837,33.139,53.682,14.073
179.16,81.339,0.34441,36.932,46.751,14.582,38.984,36.099,49.827,19.896
178.92,51.783,0.33097,36.932,46.825,14.509,38.911,77.794,58.545,26.741
178.8,116.76,0.31876,37.005,46.751,14.582,38.764,92.554,62.361,22.483
178.68,226.18,0.35173,37.152,46.825,14.509,38.617,71.632,53.47,15.169
178.19,232.78,0.35418,36.859,46.898,14.436,37.958,58.585,55.014,13.658
178.19,189.06,0.33952,36.492,47.044,14.436,37.445,53.842,73.364,18.147
177.82,160.72,0.32731,35.979,47.264,14.582,37.152,44.608,78.091,26.141
177.82,133.12,0.31387,36.492,47.338,14.436,37.298,47.971,60.486,29.415
177.7,91.353,0.35051,36.786,47.191,14.582,37.518,59.406,51.711,22.71
177.58,99.17,0.34929,36.932,47.044,14.656,37.665,54.118,63.439,15.721
177.33,126.28,0.33586,36.786,46.971,14.509,37.885,43.561,70.78,15.855
177.21,117,0.32487,36.932,46.751,14.582,38.031,46.554,59.634,16.832
177.09,86.224,0.32364,37.152,46.605,14.582,38.105,50.325,41.877,17.246
176.97,63.508,0.35906,37.225,46.605,14.509,38.324,52.243,30.295,21.524
176.84,73.766,0.34441,37.152,46.605,14.509,38.544,65.532,30.005,24.387
176.72,108.7,0.33464,36.859,46.532,14.582,38.617,75.015,40.383,22.533
176.48,165.61,0.31754,36.419,46.532,14.582,38.324,65.442,51.865,22.847
176.48,175.13,0.35051,35.247,46.458,14.509,37.958,59.455,57.188,23.527
176.23,158.28,0.35418,34.66,46.678,14.436,37.372,68.025,64.087,18.625
176.11,160.23,0.34196,34.734,46.605,14.509,37.005,68.812,79.439,16.808
175.87,176.11,0.32731,35.173,46.678,14.509,36.932,60.303,91.015,22.388
175.62,180.51,0.32487,36.566,46.751,14.436,36.712,61.21,85.383,23.866
175.38,144.85,0.3615,37.445,46.971,14.436,36.859,66.765,72.576,22.597
175.26,152.17,0.35051,37.958,47.191,14.509,37.298,68.489,67.875,29.221
175.13,160.72,0.33464,37.738,47.264,14.436,37.738,73.33,61.646,32.221
174.89,172.2,0.32364,37.372,47.411,14.509,37.885,72.555,42.952,20.82
174.77,172.94,0.35173,37.152,47.411,14.509,37.665,57.415,35.804,13.504
174.65,156.08,0.35906,36.786,47.264,14.436,37.592,55.64,59.348,20.514
174.65,142.16,0.34196,35.906,47.338,14.436,37.518,81.741,77.545,25.128
174.04,180.02,0.33097,35.54,47.484,14.509,37.592,97.879,57.773,24.338
173.67,253.54,0.31754,36.126,47.411,14.436,37.298,80.774,39.784,28.746
173.55,269.17,0.34074,35.979,47.264,14.362,36.346,58.347,64.058,28.251
173.42,237.42,0.35418,34.954,47.191,14.436,35.54,52.557,88.671,16.359
173.3,188.32,0.33952,35.173,46.092,14.436,35.613,57.936,66.024,14.405
172.94,138.74,0.32609,36.126,46.092,14.436,35.76,69.253,31.92,27.418
172.81,109.18,0.3151,36.126,46.165,14.509,36.126,76.302,36.134,30.44
172.69,165.12,0.3615,35.613,46.165,14.509,36.419,67.471,60.894,19.999
172.57,193.94,0.34929,35.027,46.312,14.436,36.199,56.684,70.774,16.964
172.2,173.67,0.33464,34.66,46.458,14.436,36.273,57.304,68.037,21.461
172.08,151.2,0.32242,35.1,46.898,14.436,36.419,55.947,62.805,20.725
172.08,137.27,0.32731,35.467,47.264,14.582,36.566,54.193,54.765,19.431
171.96,121.4,0.35784,35.613,47.338,14.436,36.712,68.902,53.242,23.821
171.84,109.18,0.34563,35.613,47.411,14.582,37.005,78.141,64.951,26.468
171.59,172.2,0.33097,35.54,47.338,14.436,37.298,58.55,74.102,22.978
171.23,204.45,0.31754,35.76,47.411,14.509,37.372,43.973,66.537,17.059
171.1,144.85,0.36273,36.126,47.338,14.436,37.298,55.168,51.837,13.091
170.98,103.32,0.35296,36.126,47.118,14.436,37.225,54.508,46.777,16.737
170.74,105.52,0.34196,36.126,47.044,14.436,37.518,37.218,54.98,26.339
170.74,95.75,0.32609,35.906,46.898,14.509,37.445,43.839,64.654,28.689
170.62,93.063,0.31265,35.906,46.825,14.582,38.031,61.282,61.792,21.597
170.37,111.63,0.36028,36.273,46.751,14.656,38.398,51.551,50.381,19.242
170.13,106.25,0.34563,36.639,46.751,14.509,38.544,41.682,47.006,24.314
170,78.407,0.33097,36.566,46.751,14.509,38.471,59.56,52.176,25.837
170,91.353,0.31876,36.419,46.825,14.582,38.617,71.907,54.105,23.595
169.76,139.72,0.34441,36.126,46.532,14.436,38.691,66.617,54.874,24.042
169.52,164.88,0.35051,36.273,46.458,14.436,38.544,69.9,58.279,24.168
169.39,166.59,0.33952,35.979,46.605,14.436,38.178,69.145,53.737,20.787
169.15,171.71,0.32609,35.906,46.605,14.436,37.738,50.98,47.124,17.638
169.03,130.19,0.32731,35.686,46.678,14.436,37.298,52.763,65.963,15.735
169.03,127.99,0.35906,35.467,46.678,14.436,37.225,73.769,100,13.819
168.91,181.97,0.34441,36.566,46.898,14.509,37.518,64.654,100,13.675
168.54,179.04,0.32975,38.105,47.338,14.509,37.738,45.888,65.936,15.453
168.42,114.07,0.31632,38.544,47.557,14.509,37.592,65.187,43.435,17.933
168.17,97.704,0.35906,38.178,47.411,14.436,37.738,77.653,65.043,21.666
168.05,175.13,0.34807,37.592,47.264,14.509,38.691,47.301,86.913,23.978
167.81,177.82,0.33586,37.445,46.678,14.436,38.031,43.365,71.156,22.111
167.68,112.12,0.32242,37.885,46.825,14.509,38.031,85.389,45.982,20.281
167.56,146.56,0.34074,37.738,46.898,14.509,38.471,86.526,48.954,20.142
167.2,232.05,0.35662,37.445,46.971,14.509,38.471,43.155,64.265,17.891
167.07,208.35,0.34319,36.639,47.044,14.436,37.665,45.624,62.025,17.855
167.07,131.17,0.32731,36.126,46.678,14.436,37.592,82.13,54.507,24.048
166.71,157.06,0.31754,36.199,46.605,14.509,37.738,73.133,64.233,24.646
166.59,206.4,0.34319,36.053,46.458,14.436,37.445,45.061,76.32,14.399
166.59,173.18,0.34929,36.053,46.238,14.436,36.932,56.382,68.861,9.7474
166.1,133.37,0.33586,36.419,46.238,14.436,37.079,67.148,52.643,16.557
165.85,129.46,0.32364,36.566,46.238,14.509,37.298,43.59,46.085,19.406
165.97,104.3,0.32364,36.346,46.312,14.509,37.445,39.362,49.026,15.575
165.61,69.614,0.35784,35.979,46.312,14.582,37.518,73.129,57.013,16.546
165.49,118.95,0.34441,35.686,46.458,14.509,37.885,87.671,64.71,19.456
165.12,209.57,0.33097,35.686,46.605,14.582,38.178,70.759,62.052,16.597
165.12,223.74,0.3212,35.76,46.971,14.436,37.518,67.063,55.494,14.795
164.88,190.03,0.3383,35.686,47.264,14.509,37.005,75.554,63.358,18.999
164.63,193.94,0.35662,35.54,47.411,14.436,36.639,60.368,77.496,22.942
164.51,190.77,0.34319,35.54,47.704,14.436,36.419,35.543,76.026,23.628
164.39,134.1,0.32853,36.053,47.557,14.509,36.492,42.619,65.702,20.975
164.26,89.399,0.31876,36.492,47.631,14.509,37.005,72.215,62.498,14.722
164.14,119.93,0.35173,36.786,47.484,14.509,37.665,77.057,62.671,13.996
163.65,182.22,0.35051,36.932,46.971,14.582,38.251,49.123,67.833,24.598
163.65,171.96,0.33586,36.932,46.751,14.509,38.105,32.715,83.238,31.871
163.53,111.63,0.32609,37.298,46.898,14.509,37.738,52.832,85.377,25.471
163.41,86.224,0.32853,38.324,47.118,14.436,38.251,73.496,61.574,18.174
163.29,119.93,0.36273,38.617,47.264,14.656,38.691,57.798,50.126,17.423
162.92,136.54,0.34685,38.324,47.264,14.509,39.13,28.886,70.343,14.741
163.04,110.41,0.33586,37.885,47.118,14.436,39.057,26.294,81.633,12.368
162.8,57.89,0.32242,38.105,46.532,14.582,39.13,43.567,66.388,19.028
162.92,51.295,0.3151,38.691,46.458,14.582,39.424,57.298,57.045,25.978
162.68,81.583,0.3615,38.764,46.385,14.656,40.376,70.777,58.792,23.141
162.68,133.12,0.34563,38.691,46.385,14.509,40.669,85.141,52.543,18.974
162.19,196.87,0.33341,38.471,46.312,14.436,40.449,80.367,55.001,21.083
162.07,234,0.32242,38.031,46.312,14.509,39.57,59.744,77.653,23.881
161.7,218.61,0.32975,37.225,46.385,14.436,38.105,55.999,85.646,24.054
161.58,167.56,0.35662,37.298,46.678,14.436,37.738,70.944,66.695,23.911
161.33,148.02,0.34441,37.592,46.971,14.509,37.665,70.412,53.216,23.418
161.21,154.62,0.32853,37.225,46.971,14.582,37.665,49.086,50.153,23.368
161.09,135.56,0.31754,36.932,46.898,14.509,37.665,35.871,39.835,24.47
160.97,70.347,0.3554,36.419,46.825,14.509,37.518,36.527,39.414,21.488
160.85,42.99,0.35051,35.979,46.751,14.582,37.738,34.957,63.697,12.666
160.97,61.798,0.33586,35.32,46.458,14.509,38.178,36.831,83.605,7.1544
160.72,68.881,0.32487,36.126,46.971,14.582,38.251,52.206,81.293,11.415
160.48,85.491,0.33341,37.738,47.338,14.656,38.984,62.607,77.303,19.318
160.48,124.57,0.36028,38.471,47.338,14.582,39.57,54.207,82.096,22.202
160.36,133.85,0.34441,38.911,47.557,14.656,39.643,43.745,84.568,20.384
160.11,106.01,0.33464,39.277,47.484,14.582,39.643,42.617,77.361,20.741
160.23,92.33,0.31876,39.643,47.411,14.582,39.936,45.322,61.197,24.072
160.11,79.14,0.35173,39.497,47.338,14.509,40.156,55.03,53.781,22.456
159.87,81.827,0.35296,39.277,47.191,14.656,40.669,66.59,76.896,16.777
159.87,147.04,0.33952,39.13,46.825,14.582,40.669,55.731,100,19.814
159.75,156.57,0.32609,39.643,47.044,14.509,39.936,34.402,85.41,28.453
159.26,94.773,0.31387,40.303,47.338,14.509,39.936,49.66,46.542,23.217
159.38,50.806,0.34807,40.23,47.411,14.509,40.156,89.698,44.305,8.4539
159.01,132.88,0.34807,39.79,47.411,14.436,40.816,88.293,63.372,9.1525
158.65,245.97,0.33464,38.764,47.191,14.509,40.596,44.947,61.669,21.852
158.52,213.97,0.32242,37.811,46.605,14.436,39.277,26.78,56.19,21.78
158.4,106.74,0.32853,37.225,46.458,14.436,38.764,47.334,66.202,13.162
158.4,85.247,0.35662,37.005,46.678,14.509,38.984,57.954,68.719,17.042
158.16,106.25,0.34196,37.298,46.751,14.582,39.057,45.785,60.538,26.169
157.91,106.01,0.32975,37.445,46.971,14.582,38.911,39.73,56.392,21.619
157.91,82.804,0.31387,37.518,47.044,14.509,39.204,44.443,42.244,10.788
157.79,55.691,0.34929,37.445,47.044,14.656,39.424,44.461,24.715,11.867
157.67,52.027,0.34929,37.372,46.971,14.656,39.497,44.338,41.919,23.081
157.43,56.18,0.33708,37.005,46.971,14.509,39.79,56.075,69.969,29.208
157.43,108.7,0.32609,36.199,47.044,14.656,39.79,71.844,54.958,24.496
157.3,127.02,0.32731,36.419,47.191,14.656,39.424,74.506,32.553,19.174
156.94,156.81,0.35906,36.566,47.118,14.436,39.35,62.005,55.414,23.269
156.69,174.4,0.34319,36.126,47.338,14.509,38.837,51.613,75.944,28.674
156.94,159.99,0.33219,35.76,47.557,14.509,38.031,58.038,54.695,23.268
156.57,118.71,0.31998,36.199,47.484,14.436,37.958,71.353,50.563,16.192
156.45,134.1,0.32487,36.126,47.484,14.436,37.958,73.648,85.636,20.94
156.2,194.68,0.35418,36.273,47.777,14.436,37.811,70.789,93.268,27.431
156.08,200.54,0.34074,37.665,47.704,14.436,37.445,77.316,61.901,22.858
155.72,182.22,0.32853,38.251,47.777,14.509,37.592,82.383,49.463,16.532
155.59,212.99,0.31632,37.665,47.704,14.509,37.592,70.259,57.403,17.737
155.23,217.15,0.34929,37.079,47.777,14.436,37.225,56.337,51.131,20.031
155.35,172.94,0.34929,36.273,47.557,14.436,37.079,59.513,46.995,20.317
155.11,138.74,0.33586,35.979,47.631,14.509,37.079,64.294,60.993,21.041
154.74,151.44,0.32364,35.613,47.484,14.436,37.079,55.384,65.959,17.84
154.74,151.2,0.32487,35.54,47.264,14.509,37.152,53.95,61.154,11.767
154.74,122.62,0.35906,35.906,47.191,14.509,37.298,70.758,74.707,13.903
154.37,162.19,0.34685,36.419,46.971,14.582,37.592,73.154,91.076,22.374
154.13,187.84,0.33341,37.592,47.044,14.436,37.518,51.508,79.99,23.616
153.88,165.12,0.31998,38.178,47.118,14.436,37.592,49.557,60.682,18.421
153.88,109.43,0.34441,38.178,47.191,14.509,37.738,75.438,57.188,17.419
153.64,136.3,0.35296,37.885,47.338,14.582,38.398,77.033,54.38,20.168
153.52,185.88,0.34074,37.518,47.118,14.436,38.544,51.144,47.197,21.311
153.4,164.88,0.32731,37.152,46.971,14.436,38.105,53.256,55.549,22.4
153.03,128.97,0.32242,36.639,46.898,14.436,37.885,73.726,70.834,25.229
152.91,164.14,0.36273,36.346,46.751,14.509,37.885,55.471,66.453,26.616
152.66,154.86,0.34807,36.419,46.971,14.436,37.885,25.745,56.654,23.525
152.54,94.529,0.33708,36.492,47.264,14.509,37.885,42.663,70.223,18.103
152.54,77.675,0.32364,36.712,47.484,14.509,37.958,65.857,87.919,16.816
152.54,106.5,0.3212,37.665,47.484,14.582,38.105,46.279,77.637,19.924
152.17,122.37,0.3554,38.471,47.411,14.582,38.691,37.507,59.589,18.3
152.05,85.735,0.34441,38.471,47.338,14.509,39.057,73.251,66.644,13.092
151.93,119.69,0.32853,38.617,47.191,14.509,39.497,86.287,78.635,18.443
151.56,213.73,0.31876,38.544,46.898,14.436,39.643,53.215,64.903,29.824
151.81,198.83,0.33952,38.544,46.971,14.362,39.204,41.958,47.899,26.128
151.44,107.23,0.35173,38.105,46.971,14.436,39.057,66.198,59.525,12.927
151.44,120.18,0.33708,37.592,47.118,14.436,38.837,71.163,82.613,13.756
151.2,168.54,0.32609,37.445,47.264,14.582,38.837,55.993,88.237,21.819
150.83,159.75,0.3212,38.251,47.484,14.436,38.617,57.226,78.894,16.746
150.71,141.67,0.36028,38.691,47.484,14.582,38.617,65.473,64.256,9.1466
150.71,136.79,0.34685,38.544,47.338,14.509,38.691,63.829,49.227,15.487
150.59,129.21,0.33464,38.251,47.118,14.436,38.911,66.384,49.265,23.777
150.34,142.65,0.3212,37.811,47.118,14.582,38.911,70.826,65.063,23.173
150.22,170.49,0.33952,37.225,46.898,14.656,38.691,61.625,66.919,23.164
150.1,165.61,0.35418,36.859,46.825,14.509,38.544,55.748,47.603,25.268
149.73,123.84,0.34074,36.859,46.751,14.436,38.544,69.413,42.554,21.653
149.73,132.88,0.32853,36.712,46.825,14.509,38.251,78.677,66.602,18.883
149.24,196.38,0.31754,36.126,46.971,14.436,37.885,64.729,89.041,24.618
149.36,210.55,0.36517,36.492,47.191,14.509,37.665,47.877,87.732,29.553
149.12,148.75,0.35173,37.518,47.484,14.509,37.298,48.765,73.658,26.376
149,107.23,0.3383,38.105,47.557,14.509,37.298,56.789,60.484,20.84
149,100.88,0.32487,37.885,47.484,14.509,37.738,52.081,52.053,17.409
148.63,92.086,0.31387,37.665,47.411,14.582,38.617,39.453,52.973,16.961
148.39,74.988,0.3615,37.445,47.191,14.509,38.691,42.506,63.515,20.788
148.39,79.873,0.34563,37.225,47.191,14.582,38.911,61.694,70.769,24.438
148.39,111.14,0.33341,37.518,47.264,14.656,39.424,70.109,62.771,23.39
148.14,137.52,0.31998,37.885,47.411,14.582,39.497,60.613,49.687,22.421
148.14,138.01,0.33708,37.885,47.411,14.582,39.57,49.663,51.668,23.64
147.9,112.6,0.35418,37.592,47.484,14.509,39.204,40.4,61.715,21.615
147.66,101.12,0.34196,37.152,47.484,14.656,39.057,37.223,55.226,18.749
147.66,68.149,0.32731,37.005,47.557,14.582,39.204,55.518,42.251,20.674
147.53,51.783,0.31632,37.152,47.411,14.582,39.57,72.297,52.611,20.491
147.53,118.95,0.3615,36.932,47.191,14.582,39.79,52.088,70.529,14.228
147.17,149.98,0.35051,36.786,47.118,14.509,39.204,31.029,62.54,13.863
147.04,101.61,0.33708,37.005,47.044,14.436,39.057,54.103,48.906,22.398
146.92,62.042,0.32242,37.225,46.898,14.509,39.277,75.4,58.986,25.088
146.8,125.55,0.34074,37.152,46.971,14.509,39.35,54.975,66.778,19.551
146.8,152.91,0.3554,37.225,47.044,14.436,39.277,45.222,52.41,19.284
146.56,108.45,0.34319,37.298,47.191,14.509,38.911,68.288,47.351,23.547
146.31,105.76,0.33097,37.005,47.264,14.509,39.057,70.295,62.4,20.593
146.31,153.88,0.31998,36.786,47.338,14.509,38.837,52.923,67.579,14.921
146.31,153.4,0.3383,36.639,47.557,14.509,38.691,61.303,59.045,16.796
145.95,133.12,0.35296,36.712,47.631,14.582,38.544,67.976,54.145,18.539
145.7,141.43,0.33708,36.712,47.557,14.582,38.471,47.772,49.565,11.782
145.46,125.55,0.32731,36.639,47.557,14.509,38.178,53.584,45.936,8.2922
145.46,102.83,0.3151,36.346,47.557,14.509,38.031,86.514,49.706,16.844
145.33,171.96,0.3615,35.979,47.557,14.436,38.398,73.974,42.527,23.336
144.97,215.44,0.34685,35.76,47.411,14.436,37.885,31.982,26.574,17.054
144.72,142.4,0.33341,35.686,47.264,14.509,37.152,35.801,42.385,10.804
144.72,61.309,0.31998,34.88,47.044,14.436,36.712,61.81,76.179,16.696
144.85,109.67,0.3383,33.854,46.825,14.509,36.712,55.493,66.745,27.41
144.48,116.27,0.35662,34.88,47.118,14.582,37.152,46.845,31.848,31.406
144.6,75.232,0.34074,35.393,47.338,14.582,37.372,59.879,34.51,24.81
144.24,87.201,0.32731,35.027,47.191,14.509,37.518,62.541,53.122,11.837
144.24,133.61,0.31754,34.807,47.191,14.509,37.445,57.174,43.38,8.7231
143.75,121.4,0.3615,34.66,47.191,14.509,37.298,62.307,41.704,26.384
143.75,123.84,0.35051,34.367,47.118,14.509,37.298,50.016,75.442,43.771
143.75,148.27,0.33708,34.367,47.118,14.509,37.005,24.895,96.496,35.594
143.5,85.735,0.32364,36.126,47.484,14.582,36.786,41.207,80.973,17.528
143.62,51.783,0.34196,37.738,47.997,14.656,37.445,79.63,60.648,16.009
143.26,99.414,0.35906,38.178,47.997,14.656,38.105,72.918,48.036,20.531
143.26,162.68,0.34196,38.105,48.07,14.509,38.764,43.798,41.455,15.528
143.01,130.43,0.32975,37.665,47.924,14.436,38.544,51.38,51.052,13.908
142.65,102.34,0.31754,36.932,47.777,14.509,38.544,73.001,59.056,20.004
142.65,139.72,0.34563,36.419,47.557,14.582,38.691,69.894,43.653,18.7
142.4,153.4,0.35051,36.273,47.484,14.509,38.691,62.942,36.364,16.22
142.28,149.73,0.33708,36.053,47.264,14.509,38.251,70.189,59.692,25.523
142.28,171.71,0.32364,35.467,47.118,14.509,37.665,76.246,74.221,28.181
141.91,195.9,0.31632,35.393,47.264,14.436,37.298,74.611,60.296,13.669
141.55,198.58,0.35784,35.906,47.191,14.582,37.079,64.728,50.283,8.538
141.55,172.69,0.34563,35.906,47.191,14.436,36.786,47.422,53.676,20.002
141.43,138.25,0.33464,35.686,47.191,14.509,36.346,49.183,55.888,21.95
141.18,106.74,0.31998,35.32,46.898,14.509,36.639,81.27,64.588,16.07
141.3,163.41,0.33952,35.54,46.678,14.509,37.152,99.45,77.892,24.467
140.94,255.74,0.35296,36.053,46.678,14.436,37.152,77.288,72.7,34.083
140.69,271.86,0.34319,36.346,47.118,14.509,36.566,55.538,55.629,25.469
140.45,205.42,0.32853,36.126,47.264,14.436,36.053,62.4,46.637,15.788
140.33,154.13,0.31632,35.906,47.411,14.362,36.053,68.616,37.667,17.723
139.84,149.24,0.36395,35.393,47.484,14.436,35.979,55.301,31.74,16.353
139.96,140.21,0.35173,35.1,47.484,14.436,36.126,45.815,51.28,11.276
139.72,108.7,0.33708,34.148,47.557,14.509,36.053,55.705,78.471,15.472
139.84,123.35,0.32364,33.854,47.851,14.509,36.273,68.601,78.449,20.329
139.72,151.69,0.31265,35.247,47.631,14.509,36.859,65.462,64.988,17.265
139.47,157.3,0.3615,35.979,47.484,14.509,37.079,50.663,63.045,18.812
139.23,137.27,0.34563,36.199,47.484,14.582,37.298,45.68,64.261,25.372
139.11,116.27,0.33341,36.346,47.191,14.436,37.298,57.086,65.596,22.197
139.11,115.05,0.31998,36.712,46.971,14.436,37.738,63.165,73.469,15.329
138.86,147.78,0.32609,37.152,47.044,14.509,38.251,50.381,70.871,18.809
138.74,129.21,0.3554,37.445,47.044,14.509,38.471,39.386,51.979,24.218
138.74,75.476,0.34319,37.592,47.191,14.436,38.691,48.326,42.19,21.73
138.74,50.806,0.32975,37.445,47.118,14.509,38.764,60.792,44.095,18.924
138.62,76.698,0.31754,37.225,47.044,14.656,39.057,57.397,41.583,20.649
138.13,103.81,0.34929,36.859,47.044,14.656,39.057,50.109,50.485,23.436
138.25,110.41,0.35173,36.346,46.898,14.656,38.911,59.977,78.774,26.024
138.13,142.65,0.3383,35.979,47.191,14.509,38.837,80.155,88.676,24.628
138.13,188.57,0.32609,37.225,47.118,14.436,39.057,85.002,67.373,18.11
137.76,218.37,0.32731,37.738,47.044,14.436,38.544,69.93,51.808,18.003
137.27,214.22,0.35906,37.298,46.971,14.436,37.738,58.078,52.143,26.918
137.4,177.33,0.34685,36.786,46.825,14.509,37.152,63.73,47.345,28.812
137.15,138.98,0.33097,36.273,46.751,14.436,37.079,74.732,45.807,21.498
136.91,160.48,0.31998,35.686,46.825,14.509,37.005,76.912,61.478,20.473
136.79,204.45,0.35296,35.173,46.898,14.436,36.859,69.857,72.579,24.674
136.54,209.09,0.35296,35.173,47.191,14.436,36.419,57.39,64.899,22.852
136.54,164.88,0.33952,35.393,47.264,14.436,36.419,43.799,56.728,20.786
136.05,117,0.32853,35.54,47.484,14.509,36.492,34.574,56.328,23.922
136.17,78.652,0.31387,35.613,47.484,14.509,36.712,32.651,53.62,22.873
135.93,41.768,0.34807,35.76,47.484,14.436,37.005,40.807,48.691,18.137
135.93,32.242,0.34807,35.833,47.411,14.509,37.665,55.917,47.534,20.004
135.93,54.47,0.33586,35.979,47.338,14.582,38.398,60.498,51.441,23.188
136.05,97.215,0.32242,36.053,47.264,14.582,38.691,50.479,61.86,19.78
135.69,117.98,0.32609,36.199,46.971,14.582,38.837,51.755,70.448,17.924
135.69,121.89,0.35906,36.639,46.825,14.582,38.837,68.719,62.9,20.302
135.44,133.61,0.34319,37.079,46.971,14.509,38.911,68.333,50.828,17.448
135.32,144.11,0.33219,37.152,47.191,14.656,39.057,53.045,60.595,12.81
135.2,142.16,0.31876,37.005,47.411,14.509,38.617,63.009,84.662,16.752
135.08,153.15,0.35051,37.152,47.411,14.509,38.691,86.225,89.877,22.891
135.2,207.87,0.35051,38.178,47.484,14.436,38.544,77.061,68.81,22.178
134.71,232.54,0.3383,38.324,47.338,14.436,38.178,52.093,44.46,19.766
134.22,174.4,0.32731,37.811,47.411,14.582,37.738,53.934,36.234,19.549
134.34,118.95,0.33708,37.225,47.264,14.582,37.518,69.375,45.213,18.391
134.1,136.79,0.3615,36.566,47.191,14.509,37.518,74.369,59.874,17.915
134.22,181.97,0.34563,35.613,47.118,14.509,37.592,78.675,65.37,18.835
133.73,209.82,0.33219,35.32,47.264,14.436,37.298,79.275,55.581,15.828
133.73,222.52,0.31876,35.54,47.338,14.436,36.786,64.93,41.257,11.118
133.49,195.9,0.33586,35.247,47.411,14.436,36.126,58.063,43.612,12.43
133.49,159.99,0.35173,34.807,47.191,14.436,35.833,69.671,68.782,17.427
133.24,171.71,0.33952,34.294,46.971,14.509,35.979,73.393,88.523,20.604
133.12,196.38,0.32609,35.173,46.678,14.509,36.199,67.58,75.526,23.135
132.88,178.8,0.31387,36.346,46.898,14.436,36.126,70.931,56.369,23.537
132.63,171.47,0.3615,36.346,47.191,14.509,36.346,70.384,74.226,19.507
132.39,185.15,0.34685,36.346,47.118,14.436,36.639,63.733,100,18.548
132.51,194.43,0.33464,37.152,46.971,14.509,36.786,77.483,96.806,24.07
132.14,192.23,0.32242,38.471,47.484,14.436,37.152,88.681,61.881,25.672
131.78,211.04,0.3383,38.617,47.484,14.509,37.518,57.635,57.257,21.179
131.78,208.11,0.35662,38.105,47.557,14.436,37.372,30.212,77.34,21.648
131.53,137.52,0.34074,37.225,47.411,14.436,37.152,54.082,79.848,25.666
131.53,83.293,0.32853,37.592,47.484,14.509,37.518,73.333,68.922,21.871
131.41,119.2,0.31754,38.031,47.557,14.509,38.617,49.65,65.042,14.853
131.17,149.73,0.3615,37.885,47.484,14.509,39.057,43.958,55.556,15.563
131.05,100.15,0.34685,37.738,47.484,14.509,38.984,75.316,43.064,18.696
130.92,124.33,0.33464,37.518,47.338,14.582,38.837,79.67,57.377,17.165
130.68,197.85,0.3212,37.225,46.898,14.509,38.911,49.827,77.532,18.421
130.56,189.55,0.35418,36.932,46.385,14.509,38.324,38.16,52.424,26.115
130.68,97.704,0.3554,36.859,46.532,14.582,38.251,46.855,14.313,29.369
130.19,50.562,0.34196,36.859,46.458,14.582,38.178,53.974,36.501,23.612
130.43,70.591,0.32731,36.492,46.532,14.656,38.471,66.787,86.839,19.647
130.43,146.07,0.3151,35.54,46.532,14.509,38.544,76.098,78.833,23.402
130.07,180.51,0.34929,36.786,46.751,14.509,38.398,65.248,37.527,25.482
129.95,158.28,0.34929,36.932,46.898,14.509,38.031,60.513,46.17,19.115
129.7,149.73,0.33708,36.492,46.971,14.509,37.738,73.038,80.154,13.668
129.7,185.64,0.32242,35.76,47.264,14.509,37.665,66.064,66.01,18.023
129.46,171.23,0.32609,36.273,47.411,14.509,37.518,44.125,34.069,22.94
129.21,99.902,0.35662,36.273,47.411,14.509,37.518,52.448,48.62,18.413
128.97,93.796,0.34441,35.613,47.557,14.582,37.665,75.092,75.005,14.956
128.85,167.07,0.33097,35.467,47.631,14.582,37.738,68.802,61.084,22.576
128.85,176.11,0.31998,35.906,47.777,14.509,37.738,55.591,47.722,27.187
128.85,144.36,0.35173,35.979,47.704,14.436,37.518,65.373,77.088,17.218
128.72,164.14,0.35296,35.906,47.777,14.509,37.592,72.337,100,8.2792
128.48,199.32,0.33952,37.298,47.411,14.509,37.885,63.304,74.222,13.479
128.48,158.28,0.32731,38.031,47.264,14.509,37.738,63.466,42.907,21.527
128.24,125.55,0.32975,37.958,47.264,14.509,37.811,70.922,53.726,23.517
127.99,158.52,0.36273,37.445,47.118,14.509,38.105,66.438,77.771,24.156
127.87,184.42,0.34929,37.005,46.751,14.509,37.958,63.446,72.807,21.957
127.63,166.83,0.33586,37.372,46.678,14.436,38.031,73.028,52.599,15.582
127.63,161.46,0.32487,37.152,46.825,14.509,38.178,77.253,48.229,15.993
127.38,189.3,0.31754,36.932,46.898,14.436,37.738,74.393,53.743,22.734
127.26,208.6,0.35784,36.273,46.971,14.509,37.298,77.942,49.97,20.903
127.02,216.41,0.34319,35.833,46.898,14.436,37.005,74.28,42.084,15.662
126.77,211.77,0.33097,35.467,46.825,14.509,36.346,53.196,39.64,21.836
126.65,168.05,0.31998,34.954,46.825,14.436,35.979,44.488,36.071,26.654
126.53,109.43,0.33219,34.441,46.825,14.509,35.613,63.94,32.395,17.529
126.53,82.071,0.35418,33.928,46.751,14.509,35.833,77.978,39.994,14.881
126.28,169.76,0.34319,33.268,46.751,14.509,35.906,65.663,50.953,27.096
126.16,191.26,0.32975,32.462,46.678,14.582,35.393,53.653,52.475,28.35
125.92,152.17,0.31876,32.242,46.751,14.509,34.954,60.925,55.847,16.095
126.28,137.27,0.3615,32.389,46.751,14.436,35.027,69.501,64.034,17.804
125.92,161.7,0.35173,33.048,46.971,14.509,35.32,67.835,54.994,29.346
125.67,160.97,0.33708,33.561,47.191,14.509,35.467,67.787,35.105,25.801
125.43,151.93,0.32609,33.854,47.264,14.509,35.54,69.232,38.305,17.027
125.55,163.17,0.32853,33.488,47.264,14.582,35.467,59.155,56.536,20.643
125.43,166.34,0.36028,33.268,47.411,14.509,35.247,46.325,56.549,22.748
125.18,123.35,0.34563,33.195,47.557,14.582,35.393,47.609,47.753,17.163
125.06,80.606,0.33341,33.415,47.777,14.582,35.686,53.162,50.633,21.212
125.06,94.773,0.3212,33.561,47.851,14.582,36.199,52.884,52.255,29.843
124.82,104.54,0.34807,33.708,47.924,14.582,36.492,61.814,52.363,24.34
124.94,121.4,0.35662,34.001,47.851,14.509,36.712,73.913,69.481,17.134
124.82,159.75,0.34074,34.514,47.484,14.509,36.859,55.327,82.032,23.626
124.57,174.16,0.32975,35.613,47.044,14.582,37.225,23.437,61.197,27.759
124.45,95.994,0.31632,36.419,46.971,14.582,37.225,38.636,36.124,21.417
124.33,38.105,0.34807,36.419,46.971,14.509,37.079,89.908,39.228,20.708
124.21,119.44,0.35173,36.053,46.825,14.509,38.105,100,52.506,24.397
123.96,254.76,0.33952,35.979,46.751,14.436,37.811,75.229,61.669,19.667
123.72,277.72,0.32487,35.393,46.678,14.436,37.225,60.774,73.293,18.35
123.84,221.06,0.32609,35.173,46.678,14.436,36.346,70.537,71.109,30.579
123.47,192.72,0.35784,35.54,46.825,14.509,36.126,75.486,46.912,37.535
123.23,181,0.34319,35.613,46.898,14.509,36.126,76.449,36.845,29.678
123.11,197.61,0.32975,35.32,46.825,14.509,35.906,75.835,58.021,23.23
122.86,220.57,0.31632,34.66,46.898,14.582,35.613,58.459,77.706,23.254
122.86,207.38,0.34807,34.514,46.532,14.436,35.54,46.002,75.8,20.611
122.74,151.2,0.35051,35.1,46.825,14.509,35.686,70.267,63.295,17.79
122.74,143.38,0.34074,35.54,46.898,14.509,35.979,93.141,50.01,18.378
122.5,210.8,0.32609,35.76,46.898,14.509,36.419,66.098,48.035,16.292
122.25,222.28,0.32487,35.393,46.825,14.436,36.126,28.383,65.008,15.222
122.13,155.35,0.3615,35.027,46.678,14.509,35.906,36.375,80.137,23.607
122.13,99.658,0.34807,35.32,46.605,14.509,35.979,65.542,78.145,31.672
122.25,111.87,0.33341,36.419,46.898,14.582,37.005,73.224,74.201,28.489
121.89,152.42,0.32242,37.005,47.118,14.582,37.665,71.44,69.296,23.525
121.76,178.55,0.32364,37.152,47.044,14.509,37.885,75.97,51.013,25.077
121.76,183.44,0.35662,37.005,46.898,14.582,37.811,73.47,41.353,25.806
121.52,190.28,0.34319,36.712,46.751,14.582,37.445,65.732,60.632,22.922
121.64,189.55,0.32853,36.053,46.678,14.436,37.152,66.22,80.562,22.675
121.15,186.86,0.31632,35.76,46.751,14.582,37.005,63.051,78.495,24.001
121.03,173.67,0.35051,36.566,46.751,14.582,37.079,49.521,68.35,21.817
121.15,137.27,0.34929,36.859,46.751,14.509,37.225,49.475,54.753,18.544
120.79,97.46,0.3383,36.712,46.825,14.509,37.225,67.37,40.948,17.985
120.91,100.15,0.32487,36.639,46.678,14.582,37.445,74.578,53.131,18.982
120.66,183.68,0.33341,36.126,46.532,14.509,37.738,67.467,84.784,20.117
120.66,205.91,0.35784,36.053,46.532,14.509,37.592,68.597,90.804,21.601
120.66,191.74,0.34319,37.152,46.751,14.436,37.298,72.115,70.822,23.441
120.3,172.2,0.32975,37.738,46.898,14.509,37.298,59.837,59.294,25.063
120.42,155.11,0.32242,37.298,47.044,14.509,37.225,49.479,51.685,24.28
120.3,112.6,0.36273,37.079,46.971,14.656,37.298,60.844,38.539,19.62
120.05,106.01,0.34929,36.639,46.898,14.582,37.445,70.737,45.116,14.59
120.05,141.67,0.33708,36.199,46.751,14.656,37.518,56.822,66.289,13.517
119.81,166.34,0.3212,35.54,46.825,14.582,37.445,42.173,60.464,15.757
119.81,120.91,0.35173,35.393,47.044,14.582,37.518,52.867,34.705,19.161
119.69,74.499,0.3554,35.54,47.044,14.509,37.445,73.47,31.501,22.911
119.57,125.79,0.34196,35.32,46.898,14.656,37.738,75.994,48.092,24.869
119.44,185.39,0.32975,34.88,46.825,14.656,37.152,61.372,54.767,23.121
119.32,181.49,0.31754,34.441,46.751,14.509,36.566,51.818,49.65,18.759
119.32,136.54,0.34929,34.221,46.751,14.436,36.273,58.413,45.997,14.12
119.2,116.51,0.35051,34.148,46.751,14.582,36.346,69.331,50.182,12.669
119.32,138.5,0.33464,34.001,46.751,14.509,36.346,70.161,60.382,17.192
119.2,165.61,0.32242,34.001,46.678,14.509,36.053,64.961,62.868,23.093
118.83,170,0.32975,34.294,46.532,14.509,35.979,63.291,52.239,22.762
118.95,149.49,0.35662,34.587,46.605,14.509,36.053,60.488,47.404,18.24
118.71,138.01,0.34196,34.66,46.751,14.509,36.053,54.038,55.893,16.77
118.59,131.66,0.33097,34.587,46.971,14.582,36.053,59.601,59.825,18.128
118.83,134.1,0.31754,34.734,47.338,14.656,36.273,83.681,55.429,19.252
118.59,188.57,0.3554,34.88,47.484,14.509,36.419,100,55.471,21.68
118.59,254.52,0.35173,35.027,47.557,14.436,36.273,93.555,60.352,25.608
118.47,298.49,0.33952,34.88,47.777,14.362,35.467,64.409,65.749,28.35
118.22,269.91,0.32364,34.587,47.557,14.509,34.734,46.253,66.531,29.538
117.98,183.44,0.34074,34.587,47.484,14.436,34.734,57.979,51.445,27.967
117.98,122.13,0.35784,34.66,47.338,14.509,34.88,81.373,36.288,21.622
117.86,163.41,0.34441,34.587,47.118,14.582,35.393,80.545,53.479,16.041
117.61,229.36,0.33097,34.221,46.898,14.436,35.393,57.061,79.644,18.194
117.61,216.41,0.31998,34.148,46.385,14.509,35.247,50.235,68.623,23.489
117.61,156.81,0.35662,34.954,46.458,14.509,35.393,66.598,49.023,24.162
117.24,127.02,0.35296,35.1,46.605,14.582,35.906,69.973,67.845,22.281
117.49,163.65,0.34196,35.247,46.678,14.582,36.053,55.727,91.284,22.465
117.24,175.38,0.32609,36.126,46.532,14.582,36.492,55.699,77.136,23.668
117,142.65,0.3151,37.079,46.678,14.582,36.566,66.723,53.595,24.199
117.12,125.55,0.35662,37.152,46.825,14.656,37.079,60.282,50.3,24.361
117,132.14,0.34807,36.859,46.825,14.656,37.298,46.012,56.951,24.407
116.88,118.22,0.33341,36.492,46.678,14.509,37.225,46.072,64.038,24.623
116.76,103.81,0.3212,36.273,46.532,14.582,37.298,47.862,59.841,23.791
116.88,84.514,0.3383,36.419,46.605,14.582,37.811,43.604,37.687,20.57
116.76,52.76,0.3554,36.492,46.678,14.582,38.031,52.508,35.8,18.381
116.51,64.729,0.34074,36.346,46.678,14.582,38.251,68.15,74.299,19.489
116.63,149.24,0.32731,35.979,46.825,14.582,38.251,62.74,97.082,19.073
116.51,181.49,0.31754,37.005,46.312,14.582,38.105,48.691,78.004,16.62
116.39,130.19,0.36273,38.031,46.458,14.656,38.324,53.853,67.86,18.67
116.27,110.41,0.34929,38.105,46.605,14.656,38.544,62.087,72.984,22.69
116.39,139.47,0.33586,38.031,46.532,14.656,38.764,53.79,53.751,21.015
116.15,115.53,0.32487,37.958,46.385,14.582,38.911,51.352,35.473,18.427
116.39,83.537,0.34196,37.665,46.385,14.582,38.617,62.965,49.44,20.176
116.15,118.95,0.35662,37.079,46.312,14.582,38.911,56.077,55.932,18.774
116.15,129.21,0.34441,36.492,46.238,14.509,38.617,30.856,48.47,14.039
116.15,72.789,0.33219,36.199,46.458,14.582,38.471,32.881,66.988,16.804
116.15,57.401,0.31876,36.053,46.898,14.656,38.544,65.149,74.084,22.709
115.9,105.76,0.36639,36.639,47.338,14.656,39.204,78.36,28.143,19.389
115.9,119.93,0.35296,36.932,47.264,14.582,39.204,61.535,6.7622,13.51
115.66,139.23,0.33952,36.859,47.118,14.582,38.691,53.511,55.471,14.505
115.66,143.38,0.32609,36.053,47.044,14.582,38.031,63.622,82.908,14.414
115.53,155.59,0.31265,35.247,46.971,14.582,37.885,64.806,50.515,10.449
115.41,121.15,0.36028,35.906,46.532,14.509,37.885,57.522,34.751,12.706
115.29,118.47,0.34807,35.979,46.605,14.582,37.592,63.672,47.971,18.596
115.29,135.81,0.33464,35.32,46.532,14.509,37.372,72.163,41.298,17.408
115.17,149.73,0.3212,34.954,46.678,14.582,37.005,59.871,39.257,13.474
115.29,150.95,0.33708,34.587,46.605,14.582,36.859,45.76,69.091,14.078
115.17,142.65,0.35662,34.074,46.898,14.509,36.566,61.936,82.841,15.44
115.05,138.98,0.34319,35.027,47.484,14.656,37.005,93.783,69.17,16.854
115.05,201.51,0.33097,35.979,47.557,14.582,37.225,100,72.965,21.519
114.92,285.54,0.31754,36.053,47.631,14.509,36.859,81.801,83.701,24.823
114.8,300.2,0.35784,36.199,47.484,14.436,36.053,61.44,71.503,24.491
114.68,238.64,0.35051,36.346,47.411,14.509,35.76,56.239,67.128,25.375
114.31,180.26,0.33952,36.126,47.264,14.582,35.906,58.319,83.831,24.736
114.56,159.26,0.32731,36.566,47.191,14.656,36.346,58.74,81.25,18.3
114.44,149,0.32853,37.298,47.118,14.582,36.859,58.128,58.555,13.406
114.31,112.12,0.36028,37.665,47.191,14.582,37.445,56.887,50.229,13.054
114.19,112.36,0.34807,37.445,47.264,14.582,37.811,53.13,50.735,10.547
114.31,111.14,0.33464,37.005,47.191,14.582,38.251,53.374,48.223,10.528
114.31,104.79,0.32242,36.639,47.044,14.656,38.105,62.391,57.216,20.8
114.07,126.77,0.3212,36.273,46.825,14.656,38.398,62.152,67.397,29.431
114.19,155.11,0.35662,36.346,46.532,14.582,38.398,40.497,57.787,25.31
114.19,116.51,0.34319,36.419,46.165,14.582,38.324,32.128,50.69,19.322
114.07,60.332,0.33097,36.492,46.092,14.582,38.324,66.992,65.317,19.865
114.07,96.727,0.31876,36.566,45.945,14.656,38.764,99.596,77.664,20.045
114.31,227.89,0.33708,37.079,46.165,14.509,38.837,75.713,75.749,17.942
113.95,264.04,0.35296,37.225,46.605,14.436,38.178,30.288,72.436,16.779
113.95,190.28,0.34074,37.005,46.898,14.509,37.372,23.453,63.167,14.373
113.7,74.499,0.32609,36.859,47.044,14.509,37.225,40.674,47.589,13.873
113.7,42.013,0.3151,36.786,46.971,14.656,37.152,45.794,48.631,20.003
113.58,52.76,0.36028,36.786,47.044,14.656,38.544,49.512,60.548,22.104
113.7,86.224,0.34685,36.639,46.971,14.656,39.13,57.878,51.069,13.865
113.7,94.284,0.33708,36.712,47.044,14.656,39.204,49.785,28.81,11.508
113.83,84.025,0.32242,36.712,47.044,14.656,39.424,35.201,28.271,21.335
113.58,63.263,0.34074,36.712,47.044,14.582,39.204,39.866,45.513,25.261
113.46,49.34,0.3554,36.053,47.118,14.656,39.13,50.913,55.712,19.18
113.58,67.171,0.34196,35.467,47.118,14.802,39.13,58.118,57.003,19.834
113.46,99.902,0.33097,35.467,46.678,14.656,39.204,82.152,54.569,27.774
113.21,171.71,0.3212,35.833,46.532,14.509,39.057,100,45.631,29.165
113.34,253.3,0.36395,35.906,46.605,14.509,38.031,93.092,38.144,25.617
113.21,287.98,0.34807,35.54,46.678,14.509,36.639,56.02,44.568,25.654
112.97,253.79,0.33586,34.807,46.605,14.656,35.027,50.725,56.759,25.49
112.97,168.05,0.32487,33.928,46.458,14.509,34.66,69.043,57.308,21.115
112.85,150.22,0.32487,33.488,46.532,14.582,34.66,73.909,47.981,17.88
112.85,166.1,0.3554,33.561,46.751,14.656,35.1,69.745,44.772,19.12
112.48,174.4,0.34196,33.488,46.971,14.509,34.954,67.23,53.21,21.958
112.6,175.62,0.32975,33.341,47.338,14.656,34.954,56.286,65.493,22.86
112.6,165.12,0.31632,33.415,47.484,14.656,35.027,45.917,73.565,20.067
112.6,136.79,0.36028,34.001,47.557,14.582,35.393,52.251,71.459,16.35
112.48,121.15,0.34929,34.954,47.557,14.656,35.979,59.844,59.606,16.442
112.6,124.08,0.3383,35.54,47.557,14.656,36.712,57.202,55.613,17.939
112.48,122.13,0.32242,35.833,47.484,14.582,37.005,61.199,71.017,15.588
112.24,148.27,0.33586,36.126,47.118,14.582,37.372,71.123,79.139,12.734
112.24,175.38,0.35418,36.786,46.971,14.582,37.811,66.987,56.481,14.385
112.24,155.84,0.34074,37.152,47.044,14.656,37.885,56.862,35.798,16.885
112.12,123.11,0.32853,37.005,47.191,14.656,37.665,59.631,49.061,16.56
112.12,130.68,0.31632,36.492,47.118,14.656,37.592,66.563,63.999,16.356
112.12,150.22,0.36517,35.979,47.044,14.656,37.738,66.793,53.836,16.622
112.12,153.15,0.35051,35.833,46.458,14.582,37.592,65.897,53.207,13.043
111.99,153.88,0.33708,35.76,46.385,14.656,37.518,61.435,74.967,7.2925
111.99,175.62,0.32364,35.76,46.312,14.656,37.298,49.762,74.589,8.2347
112.24,150.46,0.31754,36.199,46.385,14.582,37.298,45.382,46.556,18.975
111.87,80.117,0.35784,36.419,46.385,14.582,37.518,54.17,40.497,29.478
111.75,73.278,0.34319,36.273,46.385,14.656,37.738,61.072,62.055,28.858
111.99,128.48,0.33097,36.053,46.385,14.582,38.031,62.724,67.663,21.783
111.63,149.24,0.31998,35.906,46.312,14.582,37.885,69.222,48.57,20.008
111.63,141.43,0.34074,36.126,46.385,14.582,37.885,78.389,34.012,21.812
111.38,169.52,0.35296,35.979,46.532,14.509,37.738,84.046,36.754,19.914
111.26,223.25,0.34196,35.54,46.605,14.656,37.005,85.318,44.59,20.265
111.26,252.32,0.32731,34.807,46.751,14.582,35.833,73.857,42.221,27.192
111.38,237.42,0.31387,34.074,46.678,14.582,34.88,50.23,32.548,27.734
111.02,171.96,0.36028,33.708,46.678,14.582,34.294,40.421,38.873,17.311
111.02,103.81,0.34807,32.975,46.751,14.656,34.001,54.514,63.379,13.689
111.02,117.24,0.33708,31.729,46.971,14.582,34.441,64.224,73.707,23.416
110.89,146.56,0.32242,32.535,47.118,14.656,34.954,53.291,64.465,28.9
110.77,134.34,0.33952,33.635,46.898,14.656,35.467,40.038,65.193,22.538
110.65,113.83,0.3554,34.367,46.898,14.656,35.906,35.637,66.875,17.276
110.65,85.735,0.34074,34.954,46.971,14.729,36.419,33.716,40.495,19.076
110.65,49.585,0.32853,35.393,46.971,14.729,36.859,37.229,20.396,20.618
110.77,36.395,0.31632,35.32,46.898,14.729,37.372,51.852,50.969,18.928
110.65,54.714,0.36395,35.1,46.825,14.656,38.105,70.665,90.561,17.639
110.77,138.5,0.35173,35.76,47.118,14.729,38.031,86.489,81.407,18.544
110.77,197.61,0.33952,37.445,47.557,14.582,38.544,93.284,48.41,20.166
110.53,247.92,0.32609,37.665,47.777,14.582,38.398,81.415,40.652,19.795
110.53,263.31,0.31265,37.079,47.704,14.582,36.932,57.941,53.591,17.835
110.41,217.15,0.36028,35.979,47.704,14.582,36.126,43.854,61.174,18.612
110.16,140.21,0.34563,35.1,47.264,14.509,36.126,39.112,56.07,21.332
110.16,93.796,0.33341,34.807,46.825,14.582,36.273,34.37,45.665,20.314
110.41,50.073,0.31998,35.027,46.458,14.582,36.859,43.345,48.837,17.665
110.16,48.119,0.33097,34.954,46.385,14.729,37.298,67.052,72.53,18.931
110.16,115.78,0.35662,35.467,46.605,14.729,38.031,67.237,85.23,20.514
110.04,156.33,0.34319,36.712,46.825,14.802,38.251,35.744,62.593,19.607
109.92,117.49,0.33097,37.372,47.044,14.582,38.178,25.674,37.207,21.569
109.92,60.821,0.31998,37.372,47.044,14.656,38.251,59.32,46.954,24.789
109.92,55.447,0.36273,36.859,46.971,14.656,38.544,86.076,73.55,22.519
109.79,169.27,0.34929,36.859,46.678,14.656,39.277,72.315,81.252,20.192
109.67,215.68,0.33586,37.225,46.458,14.656,39.057,46.452,71.727,22.748
109.55,169.03,0.32364,37.445,46.825,14.582,38.544,34.564,64.867,20.438
109.43,100.64,0.34074,37.518,47.191,14.582,38.324,33.413,64.404,11.928
109.43,69.614,0.35906,37.518,47.264,14.582,38.471,43.839,66.089,10.634
109.55,68.637,0.34563,37.665,47.338,14.729,39.13,62.752,71.854,14.891
109.43,107.23,0.33219,38.031,47.191,14.729,39.497,69.219,80.106,13.016
109.18,154.37,0.31876,38.544,46.971,14.582,39.863,63.99,80.86,13.662
109.18,171.96,0.33464,38.984,47.044,14.656,39.863,71.828,73.191,26.583
109.18,167.81,0.35173,38.911,47.118,14.582,39.643,84.881,70.34,35.525
109.18,202.74,0.34074,38.617,46.971,14.582,39.424,74.713,75.579,29.15
108.94,226.18,0.32609,38.324,46.678,14.582,38.837,56.278,76.058,22.418
108.94,191.5,0.31387,38.105,46.605,14.582,38.324,59.36,69.769,22.555
108.82,145.82,0.35296,37.811,46.678,14.582,38.178,64.621,66.219,18.937
108.94,140.21,0.34807,37.592,46.532,14.582,38.251,48.09,60.54,13.815
108.82,123.35,0.33464,37.445,46.605,14.582,38.398,38.502,46.703,17.242
108.82,72.301,0.31998,37.298,46.605,14.656,38.544,57.999,41.095,21.115
108.94,64.485,0.3383,36.932,46.605,14.729,38.764,72.357,53.958,16.614
108.7,129.7,0.35662,36.566,46.678,14.656,38.837,57.622,68.743,14.527
108.7,152.66,0.34074,36.273,46.898,14.656,38.691,43.168,74.471,21.865
108.57,134.83,0.32853,36.492,46.971,14.582,38.471,51.663,74.753,28.005
108.57,118.95,0.3151,37.005,46.971,14.656,38.691,65.178,65.789,27.512
108.45,116.51,0.3615,37.445,46.825,14.656,38.764,65.839,52.81,27.202
108.45,137.76,0.34807,37.372,46.898,14.656,38.911,57.254,57.882,28.159
108.45,138.5,0.33464,37.225,46.971,14.582,38.617,49.884,74.807,25.237
108.45,143.38,0.3212,37.079,47.044,14.582,38.544,50.724,73.469,20.29
108.33,124.82,0.34074,37.445,47.338,14.656,38.764,51.441,62.631,18.739
108.33,109.92,0.35906,37.592,47.411,14.656,39.13,37.858,72.653,18.799
107.96,98.192,0.34563,37.811,47.484,14.729,39.13,29.265,86.974,14.93
107.84,64.24,0.33219,38.398,47.484,14.729,39.424,56.246,70.92,8.6828
107.84,67.171,0.31754,39.057,47.484,14.729,39.936,89.702,41.626,8.3396
107.96,139.23,0.33708,39.13,47.484,14.656,40.449,80.154,40.614,15.968
107.6,221.79,0.35418,38.764,47.411,14.582,40.156,56.917,65.357,22.601
107.47,207.13,0.33952,37.811,47.264,14.656,39.204,74.094,76.911,22.42
107.47,204.2,0.32609,37.079,46.825,14.656,38.911,98.433,61.606,20.833
107.11,248.41,0.3151,37.152,46.751,14.656,38.398,76.743,51.682,21.085
106.86,258.43,0.3615,36.712,46.678,14.656,36.932,43.441,69.243,19.176
106.25,202,0.34807,36.199,46.751,14.656,36.346,44.267,81.118,17.532
94.529,140.94,0.33586,36.273,46.825,14.656,36.492,52.78,59.732,22.234
91.842,98.192,0.3212,36.712,46.898,14.729,37.005,50.365,42.733,26.593
91.109,77.186,0.33464,36.566,46.898,14.729,37.445,66.573,56.794,22.13
90.62,106.74,0.3554,36.419,46.971,14.656,37.811,91.581,59.937,17.553
90.01,205.18,0.34196,36.346,46.898,14.582,38.031,80.515,38.706,21.075
89.521,244.26,0.32853,36.126,46.898,14.582,37.518,51.205,43.648,21.909
89.155,192.48,0.31754,35.686,46.825,14.656,36.639,54.296,70.718,14.292
88.911,161.7,0.35784,34.88,46.971,14.656,36.199,77.942,62.019,13.281
88.422,169.76,0.35051,34.954,47.191,14.656,36.639,82.551,36.725,24.07
88.056,205.42,0.33708,35.173,47.191,14.582,36.492,73.362,50.292,28.052
87.811,218.12,0.32364,34.587,47.338,14.582,35.613,70.175,69.587,18.017
87.567,210.55,0.31143,34.294,47.411,14.656,35.393,67.531,48.403,11.894
87.079,169.76,0.36028,34.294,47.338,14.656,35.613,58.386,27.085,18.082
86.834,140.94,0.34807,34.294,47.264,14.656,35.32,49.236,38.726,22.502
86.59,118.71,0.33464,33.781,47.191,14.729,35.32,49.087,51.327,18.116
86.346,104.05,0.31998,33.195,47.118,14.729,35.393,62.44,57.965,14.319
86.102,118.47,0.32364,33.122,47.264,14.656,35.833,75.875,81.557,14.571
85.857,181.73,0.35662,34.148,47.264,14.802,36.419,66.628,100,13.701
85.857,202.74,0.34441,36.419,47.557,14.656,36.419,45.493,88.434,14.669
85.491,144.11,0.32975,37.665,47.777,14.656,36.492,46.194,65.953,23.226
85.125,99.414,0.31754,38.031,47.704,14.729,36.786,64.291,52.182,31.848
85.002,89.888,0.34807,37.885,47.704,14.729,37.445,69.978,45.209,29.112
84.514,127.5,0.35418,37.592,47.557,14.656,38.324,64.978,53.461,18.541
84.392,161.21,0.3383,37.152,47.338,14.656,38.398,62.376,70.292,13.361
83.903,167.56,0.32731,36.712,47.191,14.802,38.398,54.808,69.388,17.841
83.659,153.64,0.31754,36.932,47.484,14.656,38.324,49.383,60.107,23.859
83.537,113.34,0.36028,37.152,47.557,14.802,38.398,64.006,64.985,23.669
83.415,133.61,0.34563,37.225,47.338,14.582,38.544,73.349,64.869,19.234
83.048,163.9,0.33464,37.372,47.118,14.656,38.617,45.848,50.257,16.689
82.682,127.02,0.3212,37.152,46.971,14.729,38.544,16.57,51.956,16.398
82.682,62.531,0.34074,36.859,46.605,14.656,38.324,31.873,66.37,15.369
82.56,32.242,0.35662,36.786,46.238,14.656,38.324,65.478,58.794,15.612
82.438,63.752,0.34441,37.225,46.165,14.802,39.204,70.733,45.35,20.3
82.071,116.76,0.33097,37.445,46.165,14.729,39.497,58.824,57.217,25.387
81.827,144.6,0.31754,37.445,46.385,14.802,39.424,61.631,71.162,24.747
81.583,158.28,0.32853,37.152,46.678,14.729,39.13,71.843,67.564,19.611
81.461,167.32,0.35296,37.372,46.971,14.656,39.057,65.681,71.41,16.133
81.339,175.13,0.3383,37.298,47.264,14.729,38.837,48.493,85.142,17.462
80.972,152.17,0.32609,37.518,47.411,14.656,38.398,45.135,79.626,20.877
80.85,121.15,0.3151,38.031,47.411,14.582,38.324,56.695,57.139,21.319
80.728,101.37,0.35418,38.178,47.631,14.656,38.764,56.967,42.073,19.087
80.239,95.017,0.34685,38.105,47.411,14.729,39.057,42.77,40.487,19.823
80.239,80.85,0.33464,37.592,47.411,14.729,39.13,46.207,50.299,22.63
80.117,79.873,0.32364,37.152,47.411,14.802,39.277,70.758,61.633,20.154
79.873,121.89,0.32609,36.639,47.411,14.802,39.35,76.081,52.672,15.011
79.629,162.43,0.35906,36.566,47.264,14.656,39.277,56.831,30.784,16.677
79.14,150.46,0.34563,36.566,47.191,14.656,38.691,56.67,31.483,20.818
79.14,129.46,0.33219,36.273,47.191,14.729,38.324,80.203,52.61,16.648
78.896,191.5,0.32242,35.247,47.118,14.656,37.811,81.7,58.855,10.004
78.652,235.96,0.34441,34.734,46.751,14.656,36.932,53.033,48.86,12.806
78.163,195.65,0.35418,34.514,46.605,14.656,35.979,37.248,49.068,20.876
78.285,103.57,0.34196,34.294,46.605,14.656,35.833,55.018,63.795,24.027
78.041,109.67,0.32731,34.294,46.825,14.802,36.053,81.062,78.034,22.244
77.675,181,0.31632,35.1,46.971,14.729,36.712,85.394,80.135,19.748
77.43,239.13,0.36273,36.126,47.264,14.656,36.859,65.168,68.014,19.279
77.186,220.57,0.34929,36.346,47.338,14.582,36.346,42.817,54.777,21.82
77.064,137.76,0.33586,36.346,47.411,14.729,36.273,37.769,53.16,21.701
76.698,79.14,0.32364,35.979,47.704,14.729,36.492,45.356,53.545,15.264
76.575,63.263,0.31265,35.833,47.704,14.802,37.079,54.216,48.469,13.284
76.331,68.637,0.35906,35.906,47.777,14.729,37.885,60.629,53.913,21.899
76.087,110.16,0.34441,35.906,47.704,14.729,38.031,59.032,73.999,26.163
75.965,152.66,0.32975,36.126,47.924,14.729,38.178,57.419,86.429,18.013
75.843,149.73,0.31754,37.225,47.704,14.729,38.471,79.999,80.384,12.702
75.721,178.31,0.33708,38.105,47.484,14.729,38.617,100,64.821,17.696
75.11,244.02,0.35173,38.178,47.191,14.656,38.471,93.338,46.431,21.539
74.744,286.52,0.34074,37.738,46.971,14.582,37.518,49.672,33.69,20.438
74.621,237.91,0.32609,37.298,46.825,14.656,36.419,45.785,35.777,18.751
74.499,132.63,0.31754,36.566,46.751,14.656,35.833,67.146,43.719,13.354
74.255,124.08,0.36028,35.613,46.458,14.729,36.053,53.29,46.098,7.5201
74.011,127.5,0.34929,34.367,46.238,14.729,36.053,32.387,50.914,13.312
74.011,84.025,0.3383,33.854,46.165,14.875,36.199,57.027,63.009,23.767
73.644,92.574,0.32364,33.781,46.678,14.729,36.346,86.373,70.869,21.06
73.522,181.73,0.33341,34.807,47.191,14.729,36.932,75.722,70.366,12.071
73.156,224.47,0.35784,35.467,47.338,14.656,36.786,62.914,68.149,14.516
72.912,197.61,0.34563,35.686,47.264,14.656,36.566,71.572,66.62,23.086
72.789,182.71,0.33219,35.833,47.118,14.802,36.346,72.205,66.996,24.18
72.423,184.42,0.3212,35.906,46.898,14.729,36.566,67.871,67.822,19.745
72.057,181.73,0.35418,36.053,46.825,14.656,36.566,78.937,61.473,16.38
71.935,195.9,0.3554,36.199,47.044,14.729,36.786,81.943,53.267,16.686
71.69,224.47,0.34074,36.126,47.338,14.656,36.566,69.172,57.372,22.734
71.202,209.82,0.32975,35.76,47.484,14.656,36.126,74.148,64.95,28.446
71.08,201.76,0.31754,35.467,47.777,14.802,36.053,86.884,62.438,24.483
70.713,229.36,0.34441,35.467,47.704,14.582,36.053,69.337,66.286,18.118
70.347,230.34,0.35418,35.467,47.631,14.656,35.686,45.774,83.792,21.1
70.225,178.8,0.34196,35.76,47.118,14.656,35.76,53.857,81.164,25.588
69.98,143.87,0.32731,36.639,46.751,14.729,36.199,66.629,47.144,22.19
69.98,103.57,0.3151,37.005,46.825,14.802,36.712,55.708,29.562,19.813
69.492,118.22,0.3615,36.859,46.605,14.729,37.005,41.548,57.546,22.595
69.248,106.25,0.34685,36.273,46.532,14.729,37.079,38.612,87.675,19.394
69.37,91.842,0.33586,36.273,46.385,14.729,37.665,41.904,73.042,11.15
69.248,78.652,0.32242,37.445,46.678,14.802,38.031,55.018,38.357,12.565
68.881,62.286,0.33952,37.592,46.825,14.875,38.251,66.082,37.824,22.669
68.881,96.971,0.3554,37.298,46.825,14.802,38.617,53.128,64.68,26.449
68.759,136.54,0.34196,36.859,46.898,14.729,38.764,35.08,67.148,20.703
68.515,109.67,0.32975,36.566,46.751,14.802,38.691,39.21,48.097,14.522
68.393,52.027,0.31632,36.786,46.678,14.729,38.617,47.391,57.713,14.244
68.393,68.393,0.36273,36.786,46.898,14.802,38.911,47.62,84.122,20.03
68.149,94.529,0.34929,37.372,47.044,14.802,39.57,64.042,69.944,26.229
68.149,114.8,0.33586,38.105,46.898,14.802,39.57,88.929,31.278,24.792
67.66,168.3,0.32364,38.031,46.898,14.729,39.57,86.483,26.806,18.063
67.294,238.4,0.31143,37.885,46.898,14.656,38.691,71.186,45.705,18.67
67.171,235.96,0.36028,36.859,46.751,14.729,37.518,77.064,52.593,27.827
66.683,216.17,0.34441,35.613,46.898,14.729,36.639,86.393,61.968,29.771
66.439,244.26,0.33097,34.66,46.751,14.729,35.979,78.815,73.977,18.165
66.317,261.85,0.31998,34.587,47.118,14.802,35.32,77.172,59.23,9.2246
65.828,240.11,0.33586,34.807,47.118,14.729,35.027,82.851,42.668,14.712
65.462,230.83,0.35296,34.807,47.191,14.729,34.807,62.531,58.381,21.802
65.217,219.83,0.34074,34.441,47.191,14.729,34.441,28.806,64.314,17.787
65.217,144.11,0.32975,34.148,46.971,14.656,34.587,30.356,39.191,13.089
64.973,52.76,0.3151,34.074,47.044,14.802,34.66,60.572,41.427,18.48
64.851,49.585,0.36273,34.001,46.898,14.802,35.393,71.727,72.708,23.929
64.607,145.82,0.34929,34.441,47.044,14.949,36.712,60.062,65.13,21.016
64.485,161.46,0.3383,34.954,47.044,14.802,36.786,56.576,35.796,18.483
64.24,121.15,0.32364,35.247,46.971,14.875,36.786,64.566,47.08,20.653
64.24,130.43,0.32975,35.027,47.118,14.729,36.932,66.961,64.23,21.247
63.752,162.43,0.36028,35.027,47.264,14.729,36.932,61.904,45.353,21.809
63.752,142.16,0.34563,35.027,47.557,14.802,37.005,54.16,43.98,25.162
63.385,125.79,0.33341,34.88,47.484,14.875,37.079,45.691,79.634,22.811
63.263,142.16,0.32242,34.954,47.411,14.802,37.079,47.101,87.87,15.73
63.141,109.43,0.35296,36.346,47.191,14.802,37.445,62.338,64.891,19.396
63.019,116.02,0.35418,37.225,47.264,14.875,37.885,71.873,64.672,30.401
62.653,146.31,0.34441,37.298,47.484,14.875,38.105,65.628,72.295,28.634
62.531,168.05,0.32853,37.445,47.484,14.729,38.178,60.53,55.63,17.235
62.286,143.14,0.31632,37.518,47.338,14.729,38.178,58.757,48.803,14.904
62.164,131.41,0.33952,37.372,47.118,14.802,38.105,44.635,62.047,19.35
61.798,129.21,0.35173,36.932,47.118,14.875,38.251,34.721,51.652,19.977
61.676,72.545,0.33952,36.786,46.898,14.802,38.031,53.447,31.401,21.126
61.676,55.203,0.32731,36.639,46.751,14.802,38.324,70.8,51.468,22.708
61.431,107.72,0.31632,36.273,46.678,14.802,38.764,55.241,81.398,15.15
61.431,162.68,0.3615,36.346,46.751,14.802,38.691,43.965,66.287,7.625
61.187,122.86,0.35051,37.079,46.825,14.802,38.691,65.967,36.714,17.171
61.065,96.727,0.33708,37.079,46.751,14.802,38.471,75.3,43.301,31.07
60.699,145.82,0.32364,36.786,46.751,14.875,38.544,47.027,68.401,25.044
60.454,166.59,0.32731,36.273,46.605,14.802,38.105,31.493,80.852,7.1825
60.332,120.42,0.3554,36.273,46.238,14.802,38.031,49.225,89.496,3.5737
60.21,82.804,0.34441,37.665,46.898,14.802,38.544,54.716,99.356,15.688
60.21,95.506,0.33219,38.911,47.631,14.875,38.764,37.506,91.367,24.405
59.966,71.812,0.31998,39.863,47.777,14.875,38.837,38.307,67.529,23.127
59.966,54.47,0.35906,39.936,47.924,14.949,38.984,61.575,56.23,21.687
59.722,67.904,0.35418,39.717,47.704,14.949,39.863,72.417,60.081,23.937
59.599,130.43,0.33952,39.497,47.631,14.949,40.669,62.765,52.006,22.352
59.233,175.13,0.32487,39.057,47.484,14.875,40.449,54.421,36.051,16.093
59.355,129.46,0.31387,38.691,47.264,14.802,39.863,59.781,48.03,14.926
59.111,124.08,0.35906,38.105,47.191,14.802,39.497,68.683,77.42,19.952
58.867,169.27,0.34563,37.079,47.338,14.729,39.13,63.387,73.12,21.881
58.5,163.41,0.33341,37.445,46.898,14.802,38.984,48.554,43.472,21.425
58.256,103.81,0.31998,37.445,46.751,14.802,38.691,50.871,44.376,25.403
58.134,85.002,0.34074,37.225,46.751,14.729,38.471,69.433,69.011,27.023
58.012,146.07,0.3554,36.786,46.605,14.802,38.544,71.848,70.379,19.589
57.89,172.94,0.33952,36.932,46.458,14.875,38.617,58.145,60.65,15.041
57.401,157.79,0.32731,37.079,46.605,14.802,38.471,59.64,69.574,20.311
57.401,148.27,0.31876,37.079,46.898,14.802,38.031,72.663,75.05,21.327
57.157,167.07,0.35906,37.298,47.044,14.802,38.178,71.436,65.815,13.241
56.913,178.8,0.34685,37.372,47.338,14.802,38.178,63.827,67.606,11.439
56.546,169.76,0.33341,37.152,47.484,14.802,38.105,65.086,68.219,19.128
56.546,159.5,0.3212,37.152,47.704,14.802,37.958,61.329,43.748,22.073
56.424,131.9,0.34929,37.079,47.777,14.729,38.031,45.502,32.755,17.872
56.058,103.57,0.35662,36.859,47.924,14.729,37.811,35.64,58.84,16.279
55.936,85.002,0.34074,36.126,47.851,14.802,37.738,40.428,69.982,17.882
55.813,81.827,0.32853,35.906,47.924,14.949,37.958,51.218,50.691,17.145
55.813,63.508,0.31754,36.346,47.704,14.875,38.398,58.954,54.615,14.14
55.569,91.842,0.36273,36.566,47.704,14.949,39.13,58.096,81.671,11.801
55.325,142.65,0.35173,37.079,47.264,14.949,38.764,54.854,83.75,13.145
55.447,136.3,0.33708,38.178,46.898,14.875,38.764,61.703,72.762,18.941
55.203,135.08,0.32364,38.617,46.971,14.875,38.984,70.292,75.703,22.65
54.714,155.84,0.32487,38.764,46.971,14.802,38.984,66.783,65.347,20.171
54.47,162.68,0.36028,38.764,47.118,14.802,39.204,63.672,39.655,20.035
54.47,135.32,0.34319,38.398,47.264,14.802,39.057,67.898,41.699,26.599
54.226,147.78,0.33219,37.885,47.191,14.875,38.837,60.191,60.844,28.748
53.981,163.41,0.31876,37.225,47.118,14.802,38.617,44.405,57.785,22.153
53.981,118.22,0.35051,36.566,47.044,14.802,38.398,45.419,53.807,18.642
53.615,84.758,0.35418,36.492,47.264,14.875,38.398,50.489,67.084,22.04
53.493,106.25,0.3383,36.566,47.338,14.949,38.398,39.774,60.084,22.8
53.249,88.422,0.32853,36.712,47.338,14.875,38.617,40.062,36.734,20.117
53.371,49.585,0.32975,36.932,47.338,14.949,38.544,65.489,50.15,21.926
53.127,76.942,0.36395,36.786,47.118,14.875,39.204,77.78,86.339,26.363
52.76,178.55,0.34563,37.005,46.825,14.802,38.617,61.195,91.195,25.277
52.76,189.55,0.33586,38.251,47.191,14.802,38.471,44.257,76.552,18.849
52.394,134.83,0.32242,38.617,47.411,14.949,38.544,36.168,71.743,13.624
52.394,90.62,0.34074,38.617,47.631,14.949,38.764,31.375,61.097,14.047
52.272,57.645,0.35662,38.691,47.484,14.875,39.204,40.569,48.987,19.48
52.149,43.723,0.34441,38.544,47.484,14.875,39.79,55.202,63.256,23.909
52.027,82.071,0.32975,38.617,47.484,14.949,40.449,53.406,77.788,22.899
51.783,125.31,0.31754,38.764,47.631,14.949,40.449,54.655,59.696,21.714
51.661,108.94,0.33586,39.057,47.631,14.875,40.669,79.458,44.67,26.254
51.539,144.36,0.35296,38.984,47.631,14.875,40.669,93.254,59.706,30.114
51.172,239.86,0.3383,38.544,47.557,14.802,40.23,72.202,70.998,25.075
50.928,243.77,0.32731,37.811,47.484,14.729,39.35,47.836,69.058,17.459
50.562,195.65,0.31387,37.445,47.191,14.729,38.324,38.361,76.75,17.974
50.562,121.64,0.35418,37.298,47.191,14.802,37.885,32.683,72.739,22.842
50.44,75.232,0.34929,37.665,47.118,14.875,37.958,43.24,40.935,21.079
50.195,47.875,0.33464,37.885,46.971,14.875,38.324,76.308,34.272,14.125
49.951,96.238,0.32364,37.738,47.044,14.949,39.204,89.642,72.637,12.738
50.928,243.04,0.32609,37.152,46.751,14.729,39.13,58.827,89.752,18.498
53.004,245.73,0.3554,37.372,47.118,14.729,38.617,23.817,62.632,22.511
55.569,119.93,0.34563,37.738,47.484,14.729,38.324,22.765,49.461,20.243
58.256,27.113,0.33097,37.665,47.631,14.802,38.031,42.894,63.313,15.902
60.943,46.165,0.3212,37.445,47.484,14.729,37.811,55.222,61.844,14.243
63.508,94.529,0.35173,37.665,47.411,14.802,39.057,55.363,51.17,16.783
66.194,98.681,0.3554,37.885,47.338,14.875,39.863,63.919,60.89,22.31
68.881,128.97,0.34074,37.885,47.411,14.802,39.79,89.757,70.023,25.909
71.568,203.47,0.33097,37.885,47.704,14.949,39.936,100,63.53,23.77
73.889,277.72,0.31632,37.811,47.851,14.949,39.35,81.457,72.207,20.337
76.575,299.46,0.33708,37.298,47.851,15.095,37.885,62.522,91.882,22.369
78.896,265.27,0.35418,37.298,47.631,15.095,37.225,73.817,77.704,27.802
81.705,202.74,0.33952,37.738,47.704,15.169,36.859,77.369,43.423,29.475
84.148,185.39,0.32609,37.665,47.557,15.242,36.932,50.736,43.954,26.218
86.957,162.92,0.3151,37.079,47.411,15.169,36.932,38.683,70.419,22.67
89.888,117.24,0.36273,36.346,47.411,15.242,36.786,62.738,76.489,21.486
93.185,126.53,0.35173,36.492,47.118,15.242,37.665,84.099,66.736,21.037
96.483,180.75,0.33586,37.152,47.338,15.242,38.251,85.728,64.422,20.239
100.39,240.6,0.32364,37.225,47.411,15.169,38.398,85.143,57.678,21.911
104.79,267.71,0.31143,36.859,47.484,15.242,37.445,77.287,44.759,26.43
114.07,247.44,0.35906,36.492,47.484,15.242,36.786,56.743,50.807,26.259
116.63,204.69,0.34685,35.906,47.264,15.169,36.053,49.482,66.496,18.098
117.61,153.15,0.33464,35.173,47.264,15.169,35.906,60.15,61.521,12.694
118.47,131.17,0.31998,35.173,47.191,15.242,36.199,59.729,54.315,16.527
119.32,126.28,0.33341,35.467,47.264,15.242,36.712,50.289,71.464,19.363
120.42,142.65,0.3554,35.76,47.411,15.242,36.932,57.817,79.974,17.458
121.28,140.45,0.33952,36.419,47.411,15.242,37.518,69.742,56.688,22.318
122.25,130.68,0.32975,37.005,47.484,15.242,37.885,61.374,48.694,31.297
123.47,141.91,0.31876,36.932,47.484,15.169,37.885,50.411,75.547,26.872
124.94,152.17,0.35662,36.786,47.411,15.242,38.105,57.94,78.178,13.384
126.16,142.65,0.34807,37.225,47.411,15.242,38.398,65.969,40.277,11.284
127.38,115.53,0.33708,37.445,47.484,15.242,38.544,61.513,30.655,18.938
128.72,129.21,0.32609,37.298,47.411,15.242,38.471,62.795,67.943,22.507
130.68,157.79,0.31387,36.566,47.484,15.242,38.324,73.124,83.816,24.23
132.76,194.19,0.35906,36.639,47.777,15.242,38.398,71.94,55.676,26.389
134.34,176.6,0.34685,37.152,47.704,15.169,38.178,61.55,38.949,20.938
136.05,154.13,0.33341,37.005,47.631,15.169,37.885,60.906,55.59,14.511
138.13,154.86,0.31998,36.273,47.631,15.169,37.592,64.516,69.042,20.608
139.96,162.43,0.3383,35.979,47.264,15.169,37.592,65.61,61.981,27.98
142.04,156.33,0.3554,36.126,46.898,15.169,37.665,81.563,51.155,22.227
143.75,185.88,0.34196,36.273,46.678,15.095,37.665,100,46.378,16.216
145.58,258.67,0.32975,36.199,46.751,15.022,37.005,88.365,46.137,19.597
147.41,296.04,0.31754,35.686,46.825,15.022,36.053,48.564,50.021,18.784
149.36,236.2,0.36273,35.027,46.898,15.022,34.954,45.852,58.678,12.765
151.69,145.33,0.35173,34.294,46.971,15.095,35.027,75.8,73.992,17.165
154.01,170.49,0.3383,34.441,47.338,15.095,35.613,76.124,88.787,26.371
155.96,217.15,0.32487,35.833,47.557,15.022,36.126,50.327,85.371,24.987
158.16,172.69,0.31265,36.859,47.777,15.095,36.053,50.49,68.339,22.045
160.11,122.86,0.35906,37.298,47.777,15.022,36.273,67.888,64.107,27.255
162.55,136.05,0.34807,37.152,47.704,15.095,37.079,64.234,69.707,26.749
164.75,158.52,0.33464,37.225,47.411,14.949,37.665,53.525,62.92,16.255
167.07,141.43,0.3212,37.445,47.338,15.022,37.958,59.156,59.052,13.4
169.15,132.39,0.3383,37.372,47.484,14.949,38.105,65.612,76.994,19.446
171.35,163.17,0.35662,37.518,47.411,15.022,38.617,62.392,84.085,17.279
173.67,161.46,0.34319,38.105,47.704,14.875,38.691,59.525,60.519,9.293
175.99,135.08,0.33097,38.398,47.704,14.875,38.764,57.315,49.621,12.116
178.07,118.95,0.31998,38.031,47.631,14.875,38.617,56.542,69.622,22.289
180.63,139.47,0.33097,37.738,47.484,14.729,38.617,62.38,73.243,23.557
182.22,136.3,0.35296,37.811,47.044,14.729,38.984,61.184,46.776,16.237
182.22,115.05,0.33952,37.811,46.751,14.802,39.424,49.24,37.238,13.9
181.85,102.1,0.32731,37.665,46.751,14.802,39.057,54.049,57.519,19.756
181.73,115.78,0.31265,37.225,46.532,14.729,39.13,75.008,70.457,22.999
181.61,157.79,0.34929,36.932,46.312,14.729,39.13,74.994,62.575,18.323
181.24,188.08,0.34807,37.079,46.458,14.582,38.984,57.312,52.469,16.556
181,166.59,0.33708,37.005,46.605,14.582,38.398,56.564,50.905,25.182
180.75,135.81,0.3212,36.786,46.825,14.582,37.885,66.144,57.472,31.646
180.63,139.96,0.33586,36.419,46.971,14.656,37.811,65.812,66.114,25.766
180.51,159.99,0.35784,36.199,47.191,14.582,37.885,68.157,67.772,19.822
180.14,167.56,0.34441,36.346,47.264,14.656,37.811,74.813,66.146,22.995
180.39,182.22,0.33219,36.419,47.411,14.656,37.665,66.578,65.271,23.499
180.14,188.08,0.31998,36.492,47.411,14.656,37.592,55.972,51.422,16.724
179.78,154.86,0.35173,36.419,47.484,14.582,37.518,64.711,31.377,15.276
179.65,133.12,0.35296,36.273,47.411,14.656,37.298,74.95,40.947,19.316
179.29,166.83,0.33952,35.76,47.484,14.656,37.225,68.439,71.28,17.276
179.16,194.92,0.32609,35.1,47.484,14.509,36.932,56.602,72.066,14.24
178.92,169.27,0.32975,35.173,47.411,14.582,37.079,44.154,52.745,20.118
179.04,107.72,0.36028,35.613,47.484,14.582,37.005,30.392,63.531,25.791
178.92,87.201,0.34807,35.76,47.631,14.656,37.079,32.281,83.639,23.272
178.68,65.217,0.33464,36.566,47.411,14.582,37.885,52.24,64.309,21.801
178.8,65.462,0.32242,37.592,47.264,14.656,38.471,67.338,39.918,24.054
178.43,79.384,0.32731,37.811,47.264,14.656,38.617,70.686,60.908,20.551
178.43,150.95,0.35784,37.665,47.338,14.656,39.277,68.491,90.131,13.503
178.43,200.05,0.34441,37.958,47.044,14.582,39.424,55.93,80.589,13.431
178.19,161.7,0.33219,38.691,47.118,14.582,39.057,41.421,60.903,19.075
177.82,107.72,0.31876,38.691,47.338,14.656,38.911,46.307,63.789,23.768
177.7,93.063,0.35051,38.324,47.411,14.656,38.911,62.422,71.335,25.364
177.7,120.66,0.35173,38.324,47.484,14.582,39.424,67.079,68.312,21.82
177.58,151.2,0.33952,38.398,47.484,14.656,39.57,64.29,59.338,17.071
177.45,144.36,0.32487,38.324,47.484,14.582,39.57,64.785,42.148,21.969
177.21,133.61,0.32975,38.031,47.191,14.656,39.35,63.789,30.188,31.807
177.09,141.67,0.35784,37.885,47.264,14.656,38.984,60.117,51.189,28.34
176.72,146.8,0.34563,37.005,46.971,14.582,38.617,58.684,87.191,14.572
176.72,159.01,0.33341,36.419,46.825,14.656,38.398,61.158,93.486,11.023
176.72,146.07,0.31876,37.811,47.264,14.582,38.398,69.68,78.283,16.949
176.36,155.59,0.35906,38.544,47.411,14.509,38.471,75.315,75.629,15.93
175.99,183.93,0.3554,38.544,47.338,14.582,38.544,63.842,73.801,10.575
175.99,186.13,0.3383,38.324,47.264,14.509,38.324,51.032,55.143,13.588
175.87,127.75,0.32975,38.031,47.044,14.509,38.324,55.698,45.136,20.613
175.5,100.39,0.31632,37.811,46.971,14.582,38.105,54.411,56.407,21.374
175.5,116.02,0.34685,37.372,46.825,14.582,38.471,39.409,61.556,18.429
175.26,105.76,0.34807,36.932,46.971,14.582,38.471,50.854,53.257,17.118
175.13,82.071,0.33708,37.005,47.264,14.582,38.837,81.606,47.966,15.921
174.77,137.52,0.32609,37.079,47.484,14.582,38.911,74.122,39.131,14.322
174.77,178.31,0.3212,36.859,47.557,14.509,38.617,43.908,25.947,15.189
174.52,141.43,0.35784,36.639,47.484,14.582,37.958,48.718,39.977,18.097
174.65,98.925,0.34441,35.833,47.557,14.656,37.665,66.686,78.149,19.209
174.4,150.71,0.33341,34.587,47.557,14.656,37.518,60.785,88.538,17.242
174.28,159.75,0.32242,35.979,47.338,14.582,37.592,61.479,64.363,16.239
174.16,135.32,0.34807,36.786,47.264,14.582,37.518,71.937,55.068,20.067
173.79,150.95,0.35418,36.786,47.264,14.656,37.592,51.744,70.252,24.417
173.67,158.52,0.34074,36.786,47.264,14.509,37.518,30.958,73.531,22.657
173.55,111.63,0.32975,37.005,47.411,14.656,37.738,53.226,61.827,18.888
173.55,86.712,0.32975,37.372,47.631,14.656,38.105,64.611,62.656,20.367
173.3,117,0.3615,37.518,47.631,14.656,38.691,33.989,77.232,22.18
173.42,122.86,0.34807,37.738,47.924,14.656,39.057,35.745,86.511,18.954
173.18,67.904,0.33341,38.617,48.07,14.582,39.424,83.718,83.81,18.98
172.94,127.75,0.32242,39.57,48.217,14.582,40.303,90.002,73.941,25.835
172.81,222.52,0.32487,39.79,48.363,14.509,40.156,50.461,64.487,27.338
172.45,210.31,0.35662,39.057,48.217,14.509,39.717,47.684,59.056,20.519
172.33,135.81,0.34074,38.544,47.924,14.582,39.13,76.663,52.259,18.447
172.2,142.16,0.32975,38.251,47.631,14.509,39.13,68.157,44.855,21.855
171.96,176.6,0.31632,37.885,47.338,14.509,38.911,31.44,47.145,18.935
172.08,116.76,0.34929,37.298,46.825,14.582,38.471,24.323,53.929,14.127
171.84,59.844,0.34807,36.712,46.385,14.582,38.398,47.678,52.041,19.331
171.59,49.829,0.33708,36.419,46.385,14.582,38.691,59.834,49.829,25.263
171.47,71.324,0.32242,36.712,46.605,14.656,39.497,49.443,55.566,18.591
171.35,98.192,0.33219,36.786,46.898,14.656,39.277,46.773,56.456,10.63
171.35,90.376,0.35662,36.859,47.044,14.582,39.204,65.773,53.469,15.512
171.1,107.96,0.34563,37.005,47.191,14.656,39.277,70.351,60.438,22.176
171.1,152.17,0.33097,37.005,46.971,14.582,39.13,43.408,62.122,16.785
170.98,133.12,0.31876,36.932,46.898,14.656,38.837,35.033,46.335,8.8205
170.74,70.835,0.35906,36.932,46.898,14.582,38.691,66.609,42.649,11.675
170.62,74.011,0.35051,36.786,46.971,14.582,38.764,80.932,58.099,19.841
170.49,170.98,0.33708,36.492,47.264,14.656,38.837,59.887,54.282,22.651
170.37,183.44,0.32487,36.273,47.631,14.582,38.324,55.725,34.742,21.583
170.13,134.34,0.3383,36.199,47.631,14.656,37.811,71.253,39.568,22.099
169.88,140.45,0.35906,35.613,47.631,14.656,37.592,66.494,51.036,23.079
169.76,166.1,0.34563,35.027,47.777,14.656,37.225,55.429,36.565,21.399
169.76,135.32,0.33219,34.66,47.924,14.582,36.932,54.616,33.537,17.602
169.39,114.8,0.31876,34.514,47.924,14.656,36.712,36.15,67.25,15.061
169.15,114.8,0.33586,33.561,47.851,14.656,36.492,18.562,84.599,17.372
169.52,66.927,0.35418,34.587,47.411,14.656,36.712,47.304,61.564,22.728
169.39,49.585,0.3383,36.126,47.338,14.802,37.225,78.147,47.705,22.299
169.27,94.284,0.32609,36.419,47.264,14.802,38.398,57.118,60.045,13.723
168.91,155.59,0.31387,36.712,47.191,14.656,38.398,36.02,64.39,9.6583
168.66,118.71,0.35662,36.712,47.118,14.582,38.178,55.122,57.015,18.652
168.91,92.086,0.34929,36.932,47.264,14.656,38.471,62.703,58.519,29.198
168.42,112.85,0.33586,37.152,47.411,14.582,38.617,45.879,65.403,29.062
168.42,119.93,0.32364,37.372,47.631,14.656,38.764,55.254,67.184,23.488
168.17,118.71,0.32609,37.445,47.704,14.656,38.911,79.904,63.647,19.933
168.05,157.55,0.35784,37.592,47.704,14.582,39.057,72.928,58.156,17.097
168.05,209.57,0.34441,37.518,47.777,14.582,38.911,53.158,62.035,17.398
167.68,176.6,0.33097,37.298,47.631,14.509,38.178,56.275,73.019,23.919
167.56,149.49,0.31998,37.152,47.411,14.582,38.178,70.537,65.886,26.805
167.44,149.73,0.35051,37.445,47.264,14.582,38.398,75.125,49.858,20.204
167.07,174.89,0.35296,37.298,47.191,14.656,38.324,62.145,61.851,16.988
167.07,177.82,0.33952,37.005,46.898,14.656,37.885,37.047,77.103,21.277
166.95,139.96,0.32731,36.932,46.678,14.582,37.811,33.109,51.953,17.364
166.59,69.614,0.31387,37.079,46.825,14.656,37.885,60.93,33.962,5.9646
166.71,55.691,0.3615,37.079,46.825,14.656,38.105,73.017,73.984,7.6837
166.59,149.73,0.34685,36.932,46.971,14.729,38.984,53.424,100,19.888
166.59,173.91,0.33586,37.665,47.264,14.656,38.764,48.945,82.814,21.436
166.22,112.6,0.3212,38.691,47.484,14.582,38.764,63.922,48.644,16.692
166.22,88.911,0.31143,38.911,47.484,14.656,39.057,58.254,48.234,21.532
165.97,116.76,0.35784,38.398,47.411,14.582,39.057,45.325,51.652,25.302
165.61,100.64,0.34441,37.811,47.264,14.656,39.057,55.78,55.531,16.118
165.61,98.437,0.33219,37.298,47.044,14.582,38.911,64.956,75.908,10.104
165.61,148.51,0.31876,37.225,47.264,14.582,39.13,55.962,81.223,16.954
165.61,146.8,0.3383,37.811,47.557,14.582,39.204,55.059,59.351,20.805
165.24,115.05,0.35418,38.178,47.704,14.656,39.277,65.169,52.531,17.258
165.12,126.77,0.34074,37.885,47.631,14.582,38.984,67.976,63.118,19.407
164.75,153.64,0.32853,37.592,47.557,14.582,38.911,67.691,54.898,23.902
164.51,156.81,0.31632,37.518,47.411,14.582,38.837,64.146,40.086,19.797
164.51,143.38,0.36028,37.152,47.264,14.582,38.617,52.209,43.656,16.496
164.39,127.02,0.34807,36.712,47.191,14.582,38.324,52.878,47.572,22.587
164.39,110.89,0.33708,36.346,47.118,14.582,37.958,64.541,46.627,25.928
164.26,118.47,0.32364,35.833,47.118,14.582,37.885,51.401,61.015,21.001
163.9,129.95,0.32853,35.393,47.191,14.656,37.811,33.251,78.802,18.655
163.78,109.67,0.35906,35.76,47.411,14.582,37.811,58.41,79.428,19.743
164.02,100.64,0.34685,37.005,47.557,14.729,38.544,88.525,72.643,17.371
163.65,175.87,0.33341,37.738,47.631,14.582,38.911,65.936,62.954,16.87
163.41,209.09,0.3212,37.738,47.704,14.582,38.544,33.215,50.844,21.996
163.29,121.64,0.32364,37.372,47.557,14.582,38.105,44.714,56.819,23.767
163.17,82.804,0.3554,37.152,47.557,14.582,37.958,69.609,71.969,21.077
163.17,127.26,0.34196,37.005,47.704,14.582,38.911,73.477,61.914,21.546
163.04,158.28,0.32609,37.372,47.924,14.656,38.837,68.182,50.099,21.184
162.68,167.07,0.3151,37.372,47.851,14.509,38.691,58.499,72.715,15.545
162.31,170.49,0.35173,37.079,47.997,14.656,38.324,48.206,87.489,14.849
162.43,156.33,0.35051,37.665,48.07,14.656,38.471,57.497,63.567,21.854
162.19,115.05,0.33586,38.251,47.924,14.582,38.544,74.332,53.39,24.077
161.94,142.65,0.32364,38.031,47.704,14.656,38.764,68.958,69.538,21.178
162.07,179.29,0.32364,37.738,47.411,14.656,38.617,55.691,57.072,23.289
161.58,145.33,0.36028,37.665,46.971,14.582,38.471,59.286,30.436,25.239
161.46,111.14,0.34563,37.518,46.825,14.582,38.324,72.79,44.817,19.567
161.21,149.73,0.33341,36.859,46.751,14.582,38.324,90.571,67.81,17.046
160.97,231.8,0.3212,36.199,46.751,14.582,37.885,100,56.503,24.23
160.85,280.9,0.34074,36.053,46.971,14.509,37.152,80.031,51.847,28.938
160.36,289.45,0.35784,35.76,47.118,14.509,35.979,37.768,72.122,25.252
160.48,227.89,0.34319,35.173,47.264,14.509,35.173,35.035,71.602,21.349
160.23,117.49,0.33097,35.173,47.191,14.509,35.1,64.393,54.783,20.047
160.11,89.399,0.31876,35.613,47.118,14.582,35.76,69.993,62.506,18.746
159.99,134.59,0.3554,35.906,47.338,14.656,36.273,59.708,73.474,19.002
159.99,162.43,0.35296,36.126,47.264,14.656,36.859,70.133,61.127,20.327
159.87,157.3,0.34074,36.639,47.411,14.582,37.518,86.382,57.158,20.492
159.5,201.03,0.33097,36.566,47.411,14.656,37.518,88.92,71.437,22.238
159.14,264.53,0.31754,36.492,47.557,14.582,37.152,83.049,71.341,24.316
159.14,275.77,0.3383,36.346,47.631,14.509,36.639,60.737,62.757,20.525
158.77,226.92,0.35296,36.126,47.777,14.509,35.833,33.504,71.793,15.617
158.65,150.95,0.34074,36.053,47.777,14.582,35.906,45.373,79.67,18.174
158.65,104.79,0.32853,36.566,47.631,14.582,36.492,81.098,65.553,21.871
158.52,147.53,0.31632,37.079,47.411,14.656,37.665,79.906,49.783,18.766
158.16,200.78,0.35296,37.079,47.338,14.582,37.811,55.731,49.637,13.991
158.16,185.15,0.35173,36.786,47.264,14.509,37.298,57.848,57.009,10.749
157.91,150.71,0.3383,36.273,46.971,14.582,37.152,64.32,62.396,7.7521
157.91,153.15,0.32731,36.053,46.825,14.582,37.372,49.37,60.757,12.079
157.67,129.21,0.32242,36.126,46.825,14.582,37.518,48.278,54.957,23.477
157.67,104.05,0.36028,36.273,46.825,14.656,37.445,66.977,54.218,23.964
157.43,113.83,0.34807,36.346,46.825,14.656,37.665,63.882,50.919,10.736
157.3,140.21,0.33586,36.199,46.751,14.582,37.738,43.855,38.461,5.8267
157.06,107.72,0.32242,36.053,46.678,14.582,37.518,40.745,42.423,15.481
156.81,70.835,0.34074,35.76,46.678,14.582,37.665,47.569,67.24,21.667
157.06,101.86,0.35906,35.393,46.678,14.582,37.885,52.193,65.429,18.354
156.94,103.57,0.34563,35.613,46.898,14.656,38.178,60.918,32.172,16.697
156.81,85.247,0.33219,35.979,47.044,14.656,38.251,62.15,30.525,21.057
156.57,114.8,0.31876,35.833,46.971,14.656,38.178,53.787,66.048,26.257
156.57,142.16,0.32364,35.32,47.118,14.582,37.958,62.808,71.624,25.913
156.2,147.53,0.35418,35.393,47.264,14.582,37.958,79.594,43.14,17.412
155.96,159.5,0.34074,35.76,47.264,14.582,37.885,68.429,40.929,10.065
155.84,184.9,0.32609,35.54,47.191,14.582,37.225,47.014,64.046,13.986
155.72,157.06,0.31754,35.173,47.411,14.656,36.712,42.216,62.237,19.207
155.72,107.96,0.34929,34.954,47.484,14.582,36.786,29.908,38.418,14.312
155.84,46.409,0.35173,35.173,47.338,14.582,37.225,12.581,30.983,10.859
155.59,14.656,0.33586,35.247,47.338,14.656,37.445,32.944,42.244,16.393
155.47,20.518,0.32487,34.734,47.191,14.729,37.592,66.056,52.285,16.554
155.47,54.958,0.33219,35.027,47.264,14.802,38.764,56.54,57.379,10.088
155.23,103.32,0.35784,35.393,47.338,14.729,38.764,37.854,62.579,13.844
155.35,104.54,0.34441,35.906,47.191,14.656,38.764,53.874,66.659,22.972
155.35,103.57,0.33097,36.566,47.191,14.729,39.13,59.55,63.693,20.088
155.23,122.62,0.31998,37.079,47.044,14.656,39.35,33.139,53.682,14.073
154.74,86.224,0.35296,37.225,47.044,14.582,39.35,36.099,49.827,19.896
154.98,42.501,0.35418,37.298,47.264,14.656,39.424,77.794,58.545,26.741
154.74,103.08,0.34196,37.298,47.264,14.656,39.79,92.554,62.361,22.483
154.49,222.77,0.32609,37.518,47.264,14.509,39.424,71.632,53.47,15.169
154.37,236.2,0.31387,37.225,47.411,14.509,38.691,58.585,55.014,13.658
154.01,180.75,0.3615,36.712,47.338,14.509,37.665,53.842,73.364,18.147
154.01,159.5,0.34563,36.273,47.484,14.582,37.298,44.608,78.091,26.141
154.01,133.12,0.33341,36.712,47.631,14.582,37.518,47.971,60.486,29.415
154.01,93.796,0.31998,37.079,47.484,14.582,37.885,59.406,51.711,22.71
153.76,93.063,0.33708,37.152,47.411,14.582,38.398,54.118,63.439,15.721
153.88,116.76,0.35296,37.079,47.264,14.729,38.544,43.561,70.78,15.855
153.52,120.42,0.33952,37.152,47.044,14.656,38.691,46.554,59.634,16.832
153.27,85.491,0.32609,37.518,46.825,14.656,38.984,50.325,41.877,17.246
153.27,63.263,0.3212,37.518,46.898,14.729,39.35,52.243,30.295,21.524
153.03,77.675,0.36028,37.445,46.751,14.582,39.35,65.532,30.005,24.387
152.91,111.87,0.34807,37.152,46.825,14.656,39.204,75.015,40.383,22.533
152.78,166.83,0.33097,36.712,46.678,14.582,38.691,65.442,51.865,22.847
152.78,178.55,0.3212,35.686,46.751,14.582,38.105,59.455,57.188,23.527
152.78,158.04,0.35173,34.954,46.898,14.656,37.518,68.025,64.087,18.625
152.66,158.77,0.35662,34.954,47.044,14.509,37.225,68.812,79.439,16.808
152.66,181.24,0.3383,35.613,47.118,14.582,37.152,60.303,91.015,22.388
152.3,180.02,0.32853,36.786,47.191,14.582,37.079,61.21,85.383,23.866
152.3,150.95,0.33219,37.738,47.484,14.582,37.005,66.765,72.576,22.597
151.93,151.2,0.36028,38.178,47.704,14.509,37.445,68.489,67.875,29.221
151.81,162.68,0.34807,37.811,47.704,14.582,37.811,73.33,61.646,32.221
151.69,172.94,0.33464,37.738,47.631,14.582,37.958,72.555,42.952,20.82
151.32,166.59,0.3212,37.445,47.777,14.582,37.958,57.415,35.804,13.504
151.44,149.24,0.32364,37.152,47.704,14.656,37.665,55.64,59.348,20.514
151.2,139.47,0.35418,36.419,47.631,14.582,37.592,81.741,77.545,25.128
151.07,191.26,0.34196,35.979,47.851,14.582,37.738,97.879,57.773,24.338
150.71,248.17,0.32853,36.346,47.777,14.436,37.518,80.774,39.784,28.746
150.34,269.66,0.31754,36.199,47.557,14.509,36.346,58.347,64.058,28.251
150.46,233.76,0.35173,35.393,47.264,14.436,35.467,52.557,88.671,16.359
150.34,185.15,0.35173,35.54,46.458,14.509,35.76,57.936,66.024,14.405
150.1,129.95,0.33708,36.492,46.458,14.582,36.053,69.253,31.92,27.418
149.98,113.83,0.32364,36.492,46.385,14.582,36.346,76.302,36.134,30.44
149.61,164.88,0.32853,35.979,46.532,14.582,36.712,67.471,60.894,19.999
149.61,195.9,0.35784,35.393,46.532,14.656,36.346,56.684,70.774,16.964
149.36,174.16,0.34563,35.1,46.751,14.582,36.492,57.304,68.037,21.461
149.49,145.82,0.33341,35.613,47.338,14.656,36.712,55.947,62.805,20.725
149.36,138.74,0.3212,35.76,47.557,14.582,36.859,54.193,54.765,19.431
149.24,113.58,0.34929,35.906,47.704,14.656,36.932,68.902,53.242,23.821
149.24,127.99,0.35662,35.906,47.704,14.582,37.005,78.141,64.951,26.468
148.88,189.79,0.34196,35.906,47.704,14.582,37.298,58.55,74.102,22.978
148.88,191.74,0.32853,35.979,47.704,14.656,37.372,43.973,66.537,17.059
148.75,137.76,0.31754,36.419,47.851,14.582,37.372,55.168,51.837,13.091
148.51,98.437,0.3383,36.566,47.631,14.582,37.592,54.508,46.777,16.737
148.27,99.902,0.34807,36.419,47.704,14.582,37.811,37.218,54.98,26.339
148.39,89.643,0.33708,36.199,47.484,14.656,37.885,43.839,64.654,28.689
148.14,89.155,0.3212,36.273,47.264,14.582,38.324,61.282,61.792,21.597
148.27,109.18,0.31387,36.786,47.191,14.656,38.837,51.551,50.381,19.242
148.14,100.39,0.35906,37.079,47.118,14.582,38.911,41.682,47.006,24.314
148.02,70.591,0.34563,36.932,47.118,14.582,38.911,59.56,52.176,25.837
148.14,91.842,0.33219,36.859,47.118,14.656,39.057,71.907,54.105,23.595
147.9,143.14,0.32242,36.712,47.191,14.582,38.911,66.617,54.874,24.042
147.78,162.19,0.34319,36.566,47.044,14.582,38.691,69.9,58.279,24.168
147.41,168.3,0.35296,36.419,47.118,14.509,38.398,69.145,53.737,20.787
147.17,169.27,0.33952,36.273,46.971,14.582,37.885,50.98,47.124,17.638
147.17,131.66,0.32609,36.126,46.971,14.509,37.445,52.763,65.963,15.735
147.17,125.31,0.31754,35.906,47.118,14.656,37.372,73.769,100,13.819
147.17,186.37,0.36273,36.932,47.264,14.656,37.738,64.654,100,13.675
147.29,183.19,0.34929,38.471,47.777,14.509,37.811,45.888,65.936,15.453
146.68,111.63,0.33586,38.837,47.851,14.509,37.738,65.187,43.435,17.933
146.56,92.33,0.32242,38.544,47.924,14.582,38.251,77.653,65.043,21.666
146.43,171.47,0.34074,37.958,47.777,14.656,38.837,47.301,86.913,23.978
146.56,176.11,0.35662,37.738,47.118,14.509,38.617,43.365,71.156,22.111
146.31,111.38,0.34441,38.251,47.338,14.509,38.691,85.389,45.982,20.281
146.31,143.62,0.33219,38.178,47.338,14.656,39.057,86.526,48.954,20.142
145.82,230.58,0.31998,37.885,47.484,14.509,38.691,43.155,64.265,17.891
145.82,211.53,0.33708,37.152,47.338,14.509,37.958,45.624,62.025,17.855
145.58,119.44,0.35296,36.639,47.191,14.509,37.738,82.13,54.507,24.048
145.46,154.62,0.3383,36.639,46.971,14.582,37.885,73.133,64.233,24.646
145.46,215.68,0.32487,36.419,46.898,14.582,37.445,45.061,76.32,14.399
145.33,180.75,0.32242,36.419,46.825,14.509,37.225,56.382,68.861,9.7474
145.09,133.85,0.36028,36.859,46.751,14.582,37.372,67.148,52.643,16.557
144.85,137.27,0.34685,36.859,46.751,14.582,37.518,43.59,46.085,19.406
144.85,108.45,0.33464,36.639,46.825,14.582,37.592,39.362,49.026,15.575
144.72,64.485,0.3212,36.419,46.751,14.509,37.738,73.129,57.013,16.546
144.6,118.22,0.35296,36.199,46.825,14.582,38.324,87.671,64.71,19.456
144.6,209.57,0.35296,36.126,46.898,14.582,38.324,70.759,62.052,16.597
144.6,222.03,0.3383,36.126,47.191,14.509,37.665,67.063,55.494,14.795
144.24,190.28,0.32731,36.053,47.411,14.509,37.005,75.554,63.358,18.999
144.11,196.87,0.33341,35.906,47.777,14.509,36.639,60.368,77.496,22.942
143.99,192.23,0.3615,35.906,48.144,14.509,36.639,35.543,76.026,23.628
143.75,134.59,0.34929,36.419,48.144,14.582,36.859,42.619,65.702,20.975
143.5,87.689,0.33586,36.712,47.924,14.582,37.152,72.215,62.498,14.722
143.5,119.69,0.32242,37.079,47.704,14.656,38.105,77.057,62.671,13.996
143.5,180.26,0.32975,37.298,47.557,14.509,38.471,49.123,67.833,24.598
143.38,170,0.3554,37.372,47.191,14.656,38.398,32.715,83.238,31.871
143.14,105.28,0.34074,37.811,47.264,14.656,38.398,52.832,85.377,25.471
143.26,80.606,0.32609,38.691,47.484,14.582,38.911,73.496,61.574,18.174
143.14,120.42,0.31387,39.057,47.557,14.582,39.424,57.798,50.126,17.423
143.01,135.08,0.36028,38.617,47.557,14.582,39.497,28.886,70.343,14.741
143.01,108.21,0.35051,38.398,47.264,14.582,39.424,26.294,81.633,12.368
142.89,57.89,0.33586,38.398,46.605,14.656,39.277,43.567,66.388,19.028
143.14,44.455,0.32242,38.984,46.678,14.656,39.79,57.298,57.045,25.978
142.77,81.094,0.34074,39.13,46.751,14.656,40.669,70.777,58.792,23.141
142.65,131.17,0.3554,39.204,46.751,14.656,40.816,85.141,52.543,18.974
142.4,195.16,0.34319,38.911,46.751,14.656,40.376,80.367,55.001,21.083
142.28,234.49,0.32975,38.324,46.751,14.509,39.643,59.744,77.653,23.881
142.28,219.83,0.32364,37.738,46.825,14.509,38.617,55.999,85.646,24.054
142.16,170.25,0.36517,37.665,47.191,14.656,38.178,70.944,66.695,23.911
142.04,147.78,0.34807,37.885,47.338,14.582,37.958,70.412,53.216,23.418
141.91,157.06,0.33586,37.518,47.411,14.582,37.958,49.086,50.153,23.368
141.79,133.61,0.3212,37.225,47.338,14.656,37.665,35.871,39.835,24.47
141.67,72.301,0.31021,36.859,47.118,14.509,37.738,36.527,39.414,21.488
141.67,39.082,0.35296,36.346,46.898,14.656,38.105,34.957,63.697,12.666
141.67,54.714,0.34319,35.833,46.898,14.656,38.471,36.831,83.605,7.1544
141.79,67.171,0.32975,36.566,47.484,14.656,38.984,52.206,81.293,11.415
141.55,90.376,0.31754,38.031,47.704,14.729,39.717,62.607,77.303,19.318
141.55,124.82,0.34929,38.764,47.704,14.802,40.156,54.207,82.096,22.202
141.43,123.6,0.35173,39.204,47.704,14.582,40.303,43.745,84.568,20.384
141.43,103.57,0.33708,39.643,47.631,14.729,40.303,42.617,77.361,20.741
141.3,84.758,0.32364,40.01,47.704,14.656,40.523,45.322,61.197,24.072
141.06,75.721,0.32731,39.936,47.704,14.729,40.889,55.03,53.781,22.456
141.06,76.453,0.35906,39.643,47.557,14.656,41.109,66.59,76.896,16.777
141.06,140.45,0.34685,39.424,47.484,14.656,41.255,55.731,100,19.814
140.82,156.57,0.33097,39.936,47.557,14.582,41.109,34.402,85.41,28.453
140.94,87.445,0.31998,40.669,47.704,14.582,40.962,49.66,46.542,23.217
140.82,50.318,0.35784,40.523,47.851,14.656,41.036,89.698,44.305,8.4539
140.57,135.81,0.35173,40.156,47.704,14.582,41.255,88.293,63.372,9.1525
140.57,251.59,0.3383,39.204,47.631,14.509,40.596,44.947,61.669,21.852
140.33,213.73,0.32487,38.178,47.191,14.509,39.497,26.78,56.19,21.78
140.33,105.76,0.33708,37.665,46.898,14.582,39.057,47.334,66.202,13.162
140.45,81.827,0.3615,37.518,46.898,14.656,39.057,57.954,68.719,17.042
140.21,100.88,0.34563,37.738,47.191,14.656,39.497,45.785,60.538,26.169
140.21,106.01,0.33464,37.885,47.411,14.656,39.497,39.73,56.392,21.619
140.08,82.804,0.32242,37.958,47.484,14.656,39.643,44.443,42.244,10.788
140.08,57.645,0.32487,37.885,47.411,14.729,39.79,44.461,24.715,11.867
140.08,51.05,0.35784,37.811,47.338,14.582,40.01,44.338,41.919,23.081
139.96,57.89,0.34319,37.298,47.264,14.729,40.01,56.075,69.969,29.208
139.84,103.81,0.33219,36.639,47.264,14.656,39.936,71.844,54.958,24.496
139.96,127.99,0.31876,36.786,47.557,14.582,40.01,74.506,32.553,19.174
139.84,163.65,0.35173,36.859,47.631,14.656,39.497,62.005,55.414,23.269
139.59,183.68,0.35296,36.419,47.704,14.582,38.691,51.613,75.944,28.674
139.47,165.12,0.33952,36.053,47.924,14.582,38.105,58.038,54.695,23.268
139.47,117.49,0.32609,36.346,47.924,14.582,38.251,71.353,50.563,16.192
139.23,138.5,0.32731,36.419,47.851,14.582,38.031,73.648,85.636,20.94
139.35,194.92,0.35906,36.639,48.07,14.582,38.031,70.789,93.268,27.431
139.11,203.22,0.34563,37.885,48.217,14.436,37.811,77.316,61.901,22.858
138.98,180.02,0.33341,38.324,48.217,14.582,37.811,82.383,49.463,16.532
138.86,211.04,0.31998,37.958,48.217,14.509,37.665,70.259,57.403,17.737
138.74,216.66,0.35418,37.445,48.144,14.582,37.152,56.337,51.131,20.031
138.62,168.54,0.35418,37.005,48.07,14.582,37.005,59.513,46.995,20.317
138.62,130.43,0.34196,36.419,47.851,14.509,37.152,64.294,60.993,21.041
138.62,149,0.32731,35.979,47.924,14.656,37.225,55.384,65.959,17.84
138.5,142.89,0.3151,35.979,47.777,14.582,37.298,53.95,61.154,11.767
138.37,121.4,0.3615,36.346,47.631,14.509,37.518,70.758,74.707,13.903
138.62,159.99,0.34685,36.786,47.484,14.582,37.885,73.154,91.076,22.374
138.37,199.8,0.33586,37.885,47.557,14.656,38.031,51.508,79.99,23.616
138.37,165.12,0.32242,38.617,47.557,14.509,37.885,49.557,60.682,18.421
138.13,112.6,0.32609,38.544,47.557,14.656,38.105,75.438,57.188,17.419
138.25,137.03,0.35662,38.251,47.411,14.582,38.398,77.033,54.38,20.168
138.13,169.27,0.34441,37.958,47.264,14.509,38.471,51.144,47.197,21.311
137.88,160.97,0.32975,37.665,47.191,14.656,38.324,53.256,55.549,22.4
137.88,128.97,0.31632,37.225,47.191,14.582,38.178,73.726,70.834,25.229
137.88,159.99,0.3615,36.712,47.264,14.582,38.105,55.471,66.453,26.616
137.64,156.33,0.35051,36.932,47.557,14.509,38.105,25.745,56.654,23.525
137.64,92.33,0.33708,36.932,47.777,14.582,37.958,42.663,70.223,18.103
137.64,77.919,0.32364,37.079,47.851,14.582,38.178,65.857,87.919,16.816
137.88,114.8,0.34074,38.031,47.924,14.729,39.204,46.279,77.637,19.924
137.64,127.02,0.35662,38.764,47.704,14.656,39.424,37.507,59.589,18.3
137.64,81.827,0.34196,38.984,47.777,14.582,39.35,73.251,66.644,13.092
137.4,115.29,0.32853,38.984,47.484,14.582,39.57,86.287,78.635,18.443
137.4,207.13,0.31632,39.057,47.264,14.582,40.303,53.215,64.903,29.824
137.15,199.07,0.36639,38.984,47.264,14.509,39.717,41.958,47.899,26.128
137.15,109.67,0.34929,38.544,47.338,14.656,39.204,66.198,59.525,12.927
137.15,115.53,0.33952,38.105,47.338,14.582,39.204,71.163,82.613,13.756
137.27,171.47,0.32364,37.885,47.484,14.656,39.35,55.993,88.237,21.819
137.15,165.36,0.3151,38.617,47.851,14.656,39.204,57.226,78.894,16.746
137.15,151.69,0.36028,39.13,47.851,14.656,39.13,65.473,64.256,9.1466
137.03,142.89,0.34563,38.984,47.851,14.656,39.13,63.829,49.227,15.487
136.91,132.88,0.33219,38.691,47.557,14.656,39.204,66.384,49.265,23.777
136.79,141.67,0.31876,38.178,47.411,14.656,38.984,70.826,65.063,23.173
136.91,172.94,0.34319,37.592,47.191,14.509,38.837,61.625,66.919,23.164
136.79,166.83,0.35296,37.298,47.191,14.582,38.764,55.748,47.603,25.268
136.79,125.79,0.34074,37.225,47.264,14.582,38.617,69.413,42.554,21.653
136.54,132.88,0.32731,37.005,47.338,14.656,38.471,78.677,66.602,18.883
136.42,194.43,0.31754,36.639,47.411,14.582,38.178,64.729,89.041,24.618
136.3,209.33,0.36273,36.859,47.557,14.509,38.031,47.877,87.732,29.553
136.3,151.2,0.34807,37.885,47.704,14.656,37.738,48.765,73.658,26.376
136.17,120.18,0.33464,38.398,47.777,14.582,37.958,56.789,60.484,20.84
136.05,98.681,0.32242,38.324,47.704,14.656,38.178,52.081,52.053,17.409
136.17,96.971,0.35051,38.105,47.704,14.582,38.764,39.453,52.973,16.961
136.17,84.025,0.35662,37.885,47.557,14.656,38.837,42.506,63.515,20.788
135.93,88.178,0.34196,37.738,47.631,14.656,38.911,61.694,70.769,24.438
136.05,117.98,0.32975,37.885,47.777,14.729,39.57,70.109,62.771,23.39
136.05,143.14,0.31632,38.251,47.851,14.729,40.01,60.613,49.687,22.421
135.93,138.5,0.33586,38.251,47.851,14.582,39.717,49.663,51.668,23.64
135.93,115.53,0.35418,37.958,47.924,14.656,39.35,40.4,61.715,21.615
135.81,105.76,0.3383,37.518,47.851,14.656,39.13,37.223,55.226,18.749
135.81,69.614,0.32609,37.518,47.851,14.729,39.424,55.518,42.251,20.674
135.69,59.355,0.3151,37.518,47.777,14.729,39.57,72.297,52.611,20.491
135.81,118.71,0.36028,37.372,47.631,14.582,39.79,52.088,70.529,14.228
135.56,150.71,0.34929,37.298,47.484,14.656,39.35,31.029,62.54,13.863
135.44,105.76,0.33708,37.372,47.264,14.656,39.204,54.103,48.906,22.398
135.44,70.103,0.32487,37.518,47.191,14.656,39.497,75.4,58.986,25.088
135.32,129.46,0.32975,37.738,47.191,14.656,39.643,54.975,66.778,19.551
135.32,152.42,0.35784,37.592,47.411,14.656,39.277,45.222,52.41,19.284
135.32,109.92,0.34441,37.592,47.557,14.582,39.35,68.288,47.351,23.547
135.32,107.23,0.33219,37.445,47.557,14.656,39.204,70.295,62.4,20.593
135.32,169.27,0.31876,37.225,47.777,14.582,38.984,52.923,67.579,14.921
135.08,160.48,0.35296,37.005,47.777,14.656,38.764,61.303,59.045,16.796
135.2,138.5,0.35296,37.079,47.924,14.656,38.691,67.976,54.145,18.539
134.95,140.94,0.34074,37.079,48.07,14.729,38.471,47.772,49.565,11.782
134.95,125.79,0.32487,36.859,47.997,14.656,38.178,53.584,45.936,8.2922
134.83,98.925,0.31632,36.712,47.997,14.656,38.178,86.514,49.706,16.844
134.95,174.4,0.3615,36.346,47.997,14.582,38.251,73.974,42.527,23.336
134.83,212.75,0.34807,36.053,47.851,14.582,37.738,31.982,26.574,17.054
134.59,145.33,0.33341,35.979,47.704,14.582,37.298,35.801,42.385,10.804
134.71,68.393,0.3212,35.1,47.557,14.656,36.859,61.81,76.179,16.696
134.59,110.65,0.32487,34.367,47.411,14.656,37.225,55.493,66.745,27.41
134.47,122.62,0.3554,35.393,47.411,14.729,37.445,46.845,31.848,31.406
134.47,79.14,0.34196,35.54,47.557,14.802,37.665,59.879,34.51,24.81
134.47,95.506,0.32609,35.393,47.484,14.729,37.885,62.541,53.122,11.837
134.47,135.08,0.31754,35.173,47.557,14.582,37.738,57.174,43.38,8.7231
134.47,124.82,0.36273,35.027,47.557,14.656,37.445,62.307,41.704,26.384
134.47,126.28,0.34807,34.954,47.484,14.582,37.445,50.016,75.442,43.771
134.47,158.04,0.33586,34.88,47.557,14.656,37.372,24.895,96.496,35.594
134.47,95.506,0.32487,36.419,47.997,14.656,37.298,41.207,80.973,17.528
134.22,56.913,0.34074,38.031,48.363,14.656,38.105,79.63,60.648,16.009
134.22,106.25,0.35784,38.544,48.437,14.656,38.764,72.918,48.036,20.531
134.1,163.17,0.34319,38.324,48.437,14.656,39.057,43.798,41.455,15.528
133.98,131.66,0.32975,38.031,48.363,14.582,38.911,51.38,51.052,13.908
133.85,107.23,0.32731,37.372,48.144,14.656,38.837,73.001,59.056,20.004
133.85,143.14,0.36395,36.932,47.924,14.656,38.984,69.894,43.653,18.7
133.73,152.91,0.34929,36.786,47.704,14.656,38.764,62.942,36.364,16.22
133.73,152.17,0.33586,36.492,47.557,14.656,38.251,70.189,59.692,25.523
133.85,179.04,0.32242,35.979,47.557,14.656,37.885,76.246,74.221,28.181
133.85,200.78,0.32487,35.833,47.557,14.582,37.518,74.611,60.296,13.669
133.61,203.71,0.35296,36.199,47.484,14.656,37.298,64.728,50.283,8.538
133.85,178.55,0.34196,36.199,47.704,14.582,36.932,47.422,53.676,20.002
133.73,149,0.32853,36.053,47.484,14.656,36.566,49.183,55.888,21.95
133.61,109.18,0.31387,35.686,47.338,14.729,36.639,81.27,64.588,16.07
133.49,163.9,0.3615,35.906,47.044,14.656,37.298,99.45,77.892,24.467
133.24,255.74,0.34807,36.419,47.191,14.582,37.372,77.288,72.7,34.083
133.12,271.86,0.33464,36.566,47.484,14.582,36.859,55.538,55.629,25.469
133,204.69,0.32242,36.419,47.704,14.509,36.199,62.4,46.637,15.788
133,148.27,0.34074,36.126,47.924,14.582,36.126,68.616,37.667,17.723
132.76,146.31,0.3554,35.833,47.924,14.656,36.053,55.301,31.74,16.353
132.76,139.23,0.34196,35.686,47.924,14.656,36.199,45.815,51.28,11.276
132.76,116.02,0.32975,34.66,47.851,14.582,36.199,55.705,78.471,15.472
132.63,138.98,0.3212,34.294,48.217,14.582,36.419,68.601,78.449,20.329
132.63,158.77,0.36395,35.54,48.144,14.656,37.079,65.462,64.988,17.265
132.51,154.62,0.35051,36.346,48.07,14.582,37.298,50.663,63.045,18.812
132.39,134.83,0.3383,36.419,47.851,14.656,37.298,45.68,64.261,25.372
132.39,120.42,0.32487,36.712,47.484,14.582,37.592,57.086,65.596,22.197
132.39,110.65,0.32364,37.079,47.264,14.582,38.031,63.165,73.469,15.329
132.51,141.43,0.35906,37.592,47.338,14.582,38.324,50.381,70.871,18.809
132.51,137.52,0.34319,37.885,47.411,14.656,38.691,39.386,51.979,24.218
132.39,77.186,0.33219,37.958,47.484,14.729,38.764,48.326,42.19,21.73
132.27,53.981,0.31876,37.885,47.631,14.729,38.984,60.792,44.095,18.924
132.14,84.27,0.34074,37.592,47.557,14.802,39.13,57.397,41.583,20.649
132.14,106.25,0.35418,37.372,47.411,14.729,39.057,50.109,50.485,23.436
132.02,110.16,0.34196,36.786,47.484,14.582,39.13,59.977,78.774,26.024
132.02,144.85,0.32853,36.566,47.777,14.582,39.13,80.155,88.676,24.628
132.02,197.12,0.31754,37.738,47.631,14.729,38.984,85.002,67.373,18.11
131.78,223.5,0.36273,38.031,47.411,14.582,38.471,69.93,51.808,18.003
131.78,211.53,0.35051,37.665,47.264,14.656,37.738,58.078,52.143,26.918
131.78,171.96,0.33586,37.225,47.338,14.582,37.372,63.73,47.345,28.812
131.53,142.16,0.32487,36.639,47.191,14.582,37.079,74.732,45.807,21.498
131.53,162.19,0.34196,36.126,47.118,14.582,37.079,76.912,61.478,20.473
131.66,204.2,0.3615,35.613,47.264,14.656,36.859,69.857,72.579,24.674
131.29,208.6,0.34685,35.54,47.557,14.656,36.566,57.39,64.899,22.852
131.53,170.74,0.33464,35.833,47.704,14.656,36.566,43.799,56.728,20.786
131.05,117,0.3212,35.906,47.851,14.582,36.566,34.574,56.328,23.922
131.05,78.896,0.35418,36.053,47.924,14.656,36.712,32.651,53.62,22.873
131.17,49.096,0.3554,36.126,47.997,14.729,37.298,40.807,48.691,18.137
131.05,39.57,0.34319,36.273,47.924,14.729,37.811,55.917,47.534,20.004
131.17,48.852,0.32975,36.419,47.704,14.729,38.324,60.498,51.441,23.188
131.17,98.925,0.31998,36.566,47.631,14.656,38.984,50.479,61.86,19.78
130.92,121.15,0.35173,36.639,47.338,14.656,38.984,51.755,70.448,17.924
130.92,125.79,0.35051,37.005,47.338,14.729,38.984,68.719,62.9,20.302
130.92,137.76,0.33708,37.445,47.411,14.729,39.204,68.333,50.828,17.448
130.92,149.24,0.32487,37.665,47.557,14.729,39.057,53.045,60.595,12.81
130.8,143.14,0.32731,37.445,47.631,14.656,38.691,63.009,84.662,16.752
130.68,155.11,0.35906,37.592,47.777,14.656,38.617,86.225,89.877,22.891
130.56,202,0.34441,38.544,47.777,14.656,38.471,77.061,68.81,22.178
130.43,233.76,0.33341,38.691,47.631,14.582,38.178,52.093,44.46,19.766
130.31,167.81,0.3212,38.178,47.704,14.656,37.885,53.934,36.234,19.549
130.19,123.84,0.35051,37.738,47.631,14.582,37.592,69.375,45.213,18.391
130.19,133.61,0.35418,37.152,47.411,14.656,37.592,74.369,59.874,17.915
130.19,181.73,0.33952,36.126,47.411,14.729,37.665,78.675,65.37,18.835
130.07,205.42,0.32975,35.906,47.631,14.656,37.372,79.275,55.581,15.828
129.82,226.43,0.32975,35.833,47.777,14.582,37.005,64.93,41.257,11.118
129.82,200.29,0.3615,35.76,47.704,14.582,36.273,58.063,43.612,12.43
129.58,170.25,0.34807,35.247,47.631,14.729,36.053,69.671,68.782,17.427
129.21,176.6,0.33464,34.88,47.264,14.729,35.906,73.393,88.523,20.604
129.09,198.83,0.32242,35.613,47.044,14.582,36.199,67.58,75.526,23.135
128.97,181.49,0.32487,36.639,47.264,14.582,36.199,70.931,56.369,23.537
127.99,164.88,0.35418,36.786,47.484,14.582,36.419,70.384,74.226,19.507
116.63,191.26,0.34074,36.786,47.557,14.582,36.492,63.733,100,18.548
113.95,203.96,0.32731,37.592,47.631,14.656,36.786,77.483,96.806,24.07
113.21,197.85,0.31632,38.837,47.924,14.656,37.592,88.681,61.881,25.672
112.48,213.24,0.35662,39.057,48.07,14.582,37.592,57.635,57.257,21.179
112.12,174.65,0.35051,38.178,47.997,14.582,37.445,30.212,77.34,21.648
111.75,127.26,0.33586,37.811,47.924,14.656,37.372,54.082,79.848,25.666
111.26,106.25,0.32364,38.031,47.924,14.656,38.178,73.333,68.922,21.871
111.02,136.3,0.33586,38.471,47.924,14.729,38.911,49.65,65.042,14.853
110.89,148.51,0.35784,38.324,47.777,14.582,39.13,43.958,55.556,15.563
110.53,91.353,0.34319,38.251,47.851,14.656,38.911,75.316,43.064,18.696
110.41,109.67,0.33097,38.178,47.557,14.729,38.911,79.67,57.377,17.165
110.04,200.05,0.31876,37.958,47.338,14.802,38.691,49.827,77.532,18.421
109.79,199.56,0.36395,37.372,47.044,14.582,38.617,38.16,52.424,26.115
109.55,102.83,0.35173,37.372,46.825,14.582,38.324,46.855,14.313,29.369
109.31,54.47,0.33952,37.372,46.825,14.656,38.251,53.974,36.501,23.612
109.06,75.476,0.32364,36.859,46.825,14.729,38.251,66.787,86.839,19.647
108.82,147.78,0.31265,36.053,46.971,14.729,38.617,76.098,78.833,23.402
108.57,177.58,0.35784,37.298,47.044,14.656,38.398,65.248,37.527,25.482
108.33,158.52,0.34319,37.445,47.338,14.656,38.178,60.513,46.17,19.115
108.09,150.46,0.33097,36.859,47.411,14.582,37.958,73.038,80.154,13.668
107.84,187.59,0.31998,36.273,47.631,14.656,37.592,66.064,66.01,18.023
107.47,172.2,0.33708,36.639,47.777,14.656,37.665,44.125,34.069,22.94
106.99,113.58,0.35296,36.712,47.777,14.729,37.518,52.448,48.62,18.413
106.86,97.46,0.33952,36.053,47.777,14.729,37.592,75.092,75.005,14.956
106.62,165.36,0.32609,35.906,48.07,14.729,37.738,68.802,61.084,22.576
106.38,175.38,0.3212,36.346,47.997,14.582,37.885,55.591,47.722,27.187
106.01,143.87,0.36028,36.273,47.997,14.729,37.592,65.373,77.088,17.218
105.76,166.83,0.34929,36.419,48.07,14.582,37.592,72.337,100,8.2792
105.52,195.65,0.33341,37.738,47.704,14.656,37.811,63.304,74.222,13.479
105.52,163.9,0.32242,38.617,47.777,14.656,37.958,63.466,42.907,21.527
105.28,127.02,0.35418,38.471,47.704,14.729,37.958,70.922,53.726,23.517
104.91,155.59,0.3554,37.811,47.557,14.656,38.178,66.438,77.771,24.156
104.67,190.52,0.34074,37.445,47.411,14.656,37.885,63.446,72.807,21.957
104.54,171.47,0.32609,37.592,47.411,14.656,38.324,73.028,52.599,15.582
104.05,159.01,0.32853,37.665,47.484,14.656,38.324,77.253,48.229,15.993
103.69,189.79,0.36273,37.298,47.484,14.656,37.958,74.393,53.743,22.734
103.69,207.38,0.34807,36.786,47.411,14.582,37.592,77.942,49.97,20.903
103.2,214.7,0.33464,36.346,47.411,14.656,37.152,74.28,42.084,15.662
102.96,203.71,0.3212,35.979,47.484,14.582,36.566,53.196,39.64,21.836
102.71,168.3,0.32364,35.393,47.411,14.656,36.053,44.488,36.071,26.654
102.59,108.94,0.3554,34.88,47.264,14.802,35.833,63.94,32.395,17.529
102.22,103.57,0.34074,34.514,47.191,14.729,35.979,77.978,39.994,14.881
101.98,166.59,0.32853,33.635,47.264,14.729,36.053,65.663,50.953,27.096
101.86,189.06,0.31632,33.048,47.191,14.729,35.467,53.653,52.475,28.35
101.49,156.81,0.34929,32.829,47.118,14.729,35.1,60.925,55.847,16.095
101.49,137.76,0.35173,32.975,47.191,14.729,35.173,69.501,64.034,17.804
101,162.19,0.33708,33.488,47.338,14.582,35.467,67.835,54.994,29.346
101,159.5,0.32731,34.074,47.557,14.656,35.613,67.787,35.105,25.801
100.51,153.15,0.32975,34.294,47.631,14.656,35.54,69.232,38.305,17.027
100.51,162.19,0.35906,34.001,47.704,14.656,35.467,59.155,56.536,20.643
100.15,162.92,0.34563,33.708,47.851,14.656,35.32,46.325,56.549,22.748
99.902,128.24,0.33219,33.708,48.144,14.656,35.54,47.609,47.753,17.163
99.902,87.445,0.3212,33.928,48.217,14.729,35.906,53.162,50.633,21.212
99.658,88.178,0.35296,34.001,48.217,14.802,36.273,52.884,52.255,29.843
99.292,99.902,0.35418,34.221,48.29,14.729,36.566,61.814,52.363,24.34
99.292,115.29,0.34074,34.587,48.07,14.802,37.079,73.913,69.481,17.134
98.925,170,0.32853,35.173,47.704,14.802,37.225,55.327,82.032,23.626
98.803,175.38,0.31754,35.979,47.264,14.656,37.225,23.437,61.197,27.759
98.559,98.192,0.36517,36.859,47.264,14.582,37.372,38.636,36.124,21.417
98.559,45.432,0.34807,36.932,47.264,14.802,37.445,89.908,39.228,20.708
98.437,117.49,0.3383,36.566,47.191,14.875,38.398,100,52.506,24.397
97.948,264.78,0.32364,36.492,47.118,14.802,38.105,75.229,61.669,19.667
97.582,279.43,0.31265,35.833,46.825,14.582,37.005,60.774,73.293,18.35
97.215,228.63,0.3615,35.613,47.044,14.582,36.199,70.537,71.109,30.579
97.215,186.86,0.34685,35.833,47.411,14.582,36.126,75.486,46.912,37.535
96.849,180.26,0.33219,35.979,47.411,14.656,36.126,76.449,36.845,29.678
96.727,205.18,0.3212,35.686,47.338,14.656,35.906,75.835,58.021,23.23
96.116,222.03,0.34319,35.173,47.264,14.656,35.613,58.459,77.706,23.254
96.238,205.18,0.3554,34.807,47.044,14.656,35.76,46.002,75.8,20.611
95.872,151.2,0.34196,35.467,47.191,14.656,35.833,70.267,63.295,17.79
95.75,135.56,0.32975,35.979,47.411,14.802,36.126,93.141,50.01,18.378
95.261,214.46,0.31754,36.199,47.484,14.656,36.712,66.098,48.035,16.292
94.895,227.41,0.36273,35.906,47.264,14.656,36.126,28.383,65.008,15.222
94.895,157.3,0.34929,35.54,47.191,14.582,36.053,36.375,80.137,23.607
94.773,102.1,0.33586,35.686,47.118,14.802,36.199,65.542,78.145,31.672
94.529,108.7,0.32364,36.932,47.338,14.802,37.518,73.224,74.201,28.489
94.406,160.48,0.33952,37.518,47.484,14.802,37.885,71.44,69.296,23.525
94.162,177.09,0.35784,37.738,47.484,14.656,38.178,75.97,51.013,25.077
93.796,180.75,0.34563,37.592,47.338,14.729,38.105,73.47,41.353,25.806
93.552,191.26,0.33097,37.298,47.191,14.656,37.665,65.732,60.632,22.922
93.307,191.5,0.31998,36.712,47.044,14.656,37.372,66.22,80.562,22.675
93.185,188.57,0.33586,36.199,47.118,14.656,37.445,63.051,78.495,24.001
92.941,174.65,0.35418,36.932,47.118,14.729,37.298,49.521,68.35,21.817
92.697,138.74,0.3383,37.152,47.191,14.729,37.298,49.475,54.753,18.544
92.574,97.215,0.32609,37.152,47.338,14.729,37.445,67.37,40.948,17.985
92.452,104.05,0.3151,37.005,47.118,14.802,37.738,74.578,53.131,18.982
91.964,165.12,0.3615,36.712,47.191,14.656,37.885,67.467,84.784,20.117
91.842,197.36,0.34685,36.566,47.191,14.729,37.885,68.597,90.804,21.601
91.72,192.97,0.33586,37.665,47.191,14.729,37.885,72.115,70.822,23.441
91.353,167.07,0.32242,38.105,47.338,14.656,37.592,59.837,59.294,25.063
90.987,154.37,0.33952,37.885,47.338,14.656,37.665,49.479,51.685,24.28
90.987,121.4,0.35784,37.445,47.264,14.729,37.372,60.844,38.539,19.62
90.865,105.52,0.34319,37.152,47.118,14.656,37.592,70.737,45.116,14.59
90.743,140.45,0.33219,36.712,47.191,14.729,37.811,56.822,66.289,13.517
90.498,163.41,0.31998,36.126,47.191,14.729,37.665,42.173,60.464,15.757
90.376,119.2,0.35296,35.979,47.411,14.656,37.885,52.867,34.705,19.161
90.132,80.117,0.35296,35.979,47.338,14.729,37.738,73.47,31.501,22.911
89.888,114.07,0.34074,35.833,47.338,14.729,37.665,75.994,48.092,24.869
89.521,199.56,0.32853,35.393,47.264,14.729,37.372,61.372,54.767,23.121
89.399,189.55,0.3151,34.88,47.264,14.656,36.712,51.818,49.65,18.759
89.155,138.25,0.3615,34.66,47.338,14.802,36.492,58.413,45.997,14.12
89.155,112.36,0.34929,34.514,47.411,14.729,36.492,69.331,50.182,12.669
88.666,143.87,0.33586,34.441,47.338,14.729,36.492,70.161,60.382,17.192
88.544,173.18,0.32487,34.441,47.118,14.729,36.273,64.961,62.868,23.093
88.422,171.47,0.32609,34.734,46.971,14.656,36.199,63.291,52.239,22.762
88.3,157.3,0.35784,34.954,47.118,14.656,36.346,60.488,47.404,18.24
87.934,134.34,0.34441,35.027,47.338,14.802,36.346,54.038,55.893,16.77
87.934,132.14,0.33097,34.954,47.557,14.802,36.273,59.601,59.825,18.128
87.567,135.08,0.31876,35.173,47.704,14.729,36.419,83.681,55.429,19.252
87.323,181.49,0.34929,35.247,47.851,14.802,36.639,100,55.471,21.68
86.957,260.63,0.35173,35.393,47.924,14.729,36.126,93.555,60.352,25.608
86.59,304.35,0.33952,35.173,48.07,14.582,35.686,64.409,65.749,28.35
86.224,269.42,0.32731,34.954,48.144,14.656,34.954,46.253,66.531,29.538
85.979,180.51,0.32853,34.88,47.997,14.729,34.88,57.979,51.445,27.967
85.857,123.11,0.35906,34.954,47.777,14.875,35.027,81.373,36.288,21.622
85.613,163.65,0.34441,34.954,47.557,14.802,35.54,80.545,53.479,16.041
85.247,229.12,0.33219,34.587,47.411,14.656,35.54,57.061,79.644,18.194
85.247,222.03,0.31998,34.734,46.751,14.656,35.76,50.235,68.623,23.489
85.125,153.4,0.35418,35.467,46.825,14.729,35.686,66.598,49.023,24.162
84.758,119.93,0.35296,35.54,46.971,14.729,36.199,69.973,67.845,22.281
84.392,168.78,0.3383,35.76,47.118,14.802,36.566,55.727,91.284,22.465
84.514,184.17,0.32609,36.786,47.044,14.729,36.712,55.699,77.136,23.668
84.27,148.51,0.3151,37.518,47.118,14.802,36.932,66.723,53.595,24.199
83.903,123.84,0.35418,37.665,47.191,14.729,37.518,60.282,50.3,24.361
83.659,133.37,0.34807,37.298,47.191,14.802,37.665,46.012,56.951,24.407
83.659,116.02,0.33464,36.859,47.118,14.802,37.811,46.072,64.038,24.623
83.415,107.96,0.3212,36.712,46.898,14.729,37.885,47.862,59.841,23.791
83.17,88.911,0.33952,36.932,46.971,14.729,38.324,43.604,37.687,20.57
83.17,63.752,0.32487,36.932,47.118,14.802,38.691,61.356,27.601,25.246
83.17,65.217,0.31632,36.859,47.191,14.802,38.691,60.356,26.601,0
82.926,77.919,0.15388,36.859,47.191,14.729,38.837,59.356,25.601,0
82.804,109.18,0.062286,36.566,47.118,14.802,38.617,58.356,24.601,0
82.56,116.76,0.025647,36.492,47.118,14.729,38.105,57.356,23.601,0
82.316,127.26,0.010992,36.126,47.044,14.729,37.445,56.356,22.601,0
82.316,125.06,0.0061065,35.979,46.971,14.875,36.786,55.356,21.601,0
82.316,117.73,0.0036639,35.979,46.898,14.729,36.346,54.356,20.601,0
82.071,110.16,0.0024426,35.833,46.898,14.729,35.613,53.356,19.601,0
81.583,104.54,0.0024426,35.833,46.825,14.802,35.027,52.356,18.601,0
81.583,99.658,0.0012213,35.906,46.751,14.729,34.587,51.356,17.601,0
81.216,94.529,0.0024426,35.833,46.751,14.729,33.928,50.356,16.601,0
81.339,91.597,0.0024426,35.833,46.678,14.875,33.415,49.356,15.601,0
81.216,84.514,0.0024426,35.76,46.751,14.802,32.829,48.356,14.601,0
80.85,78.652,0.0012213,35.833,46.678,14.802,32.316,47.356,13.601,0
80.606,74.744,0.0012213,35.833,46.605,14.802,31.949,46.356,12.601,0
80.606,67.66,0.0012213,35.833,46.751,14.875,31.51,45.356,11.601,0
80.362,64.485,0.0024426,35.76,46.532,14.949,31.216,44.356,10.601,0
80.239,60.088,0.0012213,35.833,46.532,14.729,30.923,43.356,9.6012,0
80.239,53.981,0.0024426,35.76,46.458,14.949,30.777,42.356,8.6012,0
80.117,47.142,0.0012213,35.833,46.458,14.802,30.484,41.356,7.6012,0
79.873,41.28,0.0024426,35.906,46.458,14.802,30.191,40.356,6.6012,0
79.995,37.86,0.0024426,35.76,46.312,14.875,30.117,39.356,5.6012,0
79.873,31.754,0.0012213,35.76,46.312,14.875,30.117,38.356,4.6012,0
79.629,34.196,0.0012213,35.76,46.312,14.875,30.044,37.356,3.6012,0
79.507,24.426,0.0036639,35.906,46.238,14.875,29.751,36.356,2.6012,0
79.384,18.564,0.0012213,35.833,46.165,14.875,29.678,35.356,1.6012,0
79.262,14.9,0.0024426,35.76,46.165,14.875,29.311,34.356,0.6012,0
79.262,8.5491,0.0024426,35.76,46.092,14.875,29.018,33.356,0,0
79.14,7.8163,0.0012213,35.76,46.092,14.949,29.091,32.356,0,0
79.018,5.3737,0.0012213,35.686,46.019,14.875,29.091,31.356,0,0
78.896,3.9082,0.0024426,35.613,45.945,14.949,29.091,30.356,0,0
79.018,1.9541,0.0024426,35.76,45.945,14.949,28.945,29.356,0,0
78.774,1.7098,0.0024426,35.686,45.872,15.022,28.945,28.356,0,0
78.774,1.7098,0.0012213,35.54,45.799,15.022,29.018,27.356,0,0
78.652,1.9541,0.0012213,35.613,45.799,15.022,28.945,26.356,0,0
78.774,1.7098,0.0012213,35.613,45.725,15.022,28.945,25.356,0,0
78.53,1.7098,0.0012213,35.54,45.725,15.095,29.091,24.356,0,0
78.652,1.4656,0.0024426,35.54,45.725,15.022,29.165,23.356,0,0
78.407,1.9541,0.0024426,35.613,45.579,15.022,29.238,22.356,0,0
78.407,1.9541,0.0012213,35.393,45.579,15.022,29.531,21.356,0,0
78.407,1.9541,0.0012213,35.467,45.506,15.242,29.604,20.356,0,0
78.285,1.7098,0.0012213,35.393,45.506,15.169,29.751,19.356,0,0
78.163,1.7098,0.0024426,35.467,45.432,15.242,29.824,18.356,0,0
78.285,1.7098,0.0036639,35.393,45.432,15.169,29.897,17.356,0,0
78.163,1.7098,0.0024426,35.32,45.359,15.169,29.971,16.356,0,0
78.163,1.4656,0.0024426,35.393,45.432,15.169,29.897,15.356,0,0
78.163,1.9541,0.0012213,35.32,45.286,15.169,29.897,14.356,0,0
78.163,1.7098,0.0024426,35.173,45.213,15.242,29.897,13.356,0,0
78.163,1.9541,0.0012213,35.173,45.213,15.242,29.897,12.356,0,0
78.285,1.7098,0.0012213,35.1,45.139,15.242,29.824,11.356,0,0
78.163,1.9541,0.0012213,35.173,45.066,15.169,29.971,10.356,0,0
78.407,1.7098,0.0024426,35.173,45.139,15.242,29.971,9.3564,0,0
78.163,1.9541,0.0024426,35.027,45.139,15.242,29.971,8.3564,0,0
78.163,1.9541,0.0012213,35.027,44.993,15.169,30.117,7.3564,0,0
78.163,1.7098,0.0012213,35.1,44.919,15.169,30.117,6.3564,0,0
78.163,1.7098,0.0012213,34.954,44.919,15.242,30.117,5.3564,0,0
78.163,1.4656,0.0012213,34.954,44.846,15.242,30.117,4.3564,0,0
78.163,1.7098,0.0024426,35.027,44.846,15.242,30.117,3.3564,0,0
78.285,1.7098,0.0036639,35.027,44.846,15.242,30.264,2.3564,0,0
78.285,1.4656,0.0024426,34.88,44.773,15.315,30.337,1.3564,0,0
78.163,1.7098,0.0024426,34.88,44.773,15.388,30.264,0.35639,0,0
78.285,1.7098,0.0024426,34.807,44.626,15.242,30.264,0,0,0
78.163,1.4656,0.0012213,34.807,44.7,15.242,30.337,0,0,0
78.285,1.7098,0.0024426,34.734,44.626,15.315,30.41,0,0,0
78.041,1.7098,0.0036639,34.734,44.48,15.315,30.337,0,0,0
78.041,1.9541,0.0024426,34.734,44.406,15.315,30.41,0,0,0
78.163,1.7098,0.0012213,34.734,44.48,15.388,30.484,0,0,0
78.285,1.7098,0.0024426,34.66,44.333,15.315,30.557,0,0,0
78.163,1.4656,0.0024426,34.66,44.333,15.315,30.484,0,0,0
78.285,1.7098,0.0024426,34.66,44.333,15.315,30.484,0,0,0
78.041,1.4656,0.0012213,34.66,44.26,15.315,30.557,0,0,0
78.163,1.7098,0.0024426,34.587,44.187,15.315,30.557,0,0,0
78.285,1.7098,0.0012213,34.587,44.113,15.388,30.557,0,0,0
78.163,1.9541,0.0024426,34.514,44.113,15.388,30.557,0,0,0
78.163,1.4656,0.0012213,34.514,44.04,15.388,30.557,0,0,0
78.163,1.4656,0.0036639,34.514,43.967,15.535,30.63,0,0,0
78.041,1.9541,0.0024426,34.587,43.894,15.462,30.63,0,0,0
78.163,1.7098,0.0024426,34.441,43.894,15.462,30.63,0,0,0
78.041,1.9541,0.0012213,34.367,43.894,15.388,30.63,0,0,0
78.041,1.9541,0.0024426,34.367,43.747,15.462,30.777,0,0,0
78.041,1.7098,0.0012213,34.294,43.747,15.462,30.703,0,0,0
78.041,1.4656,0.0012213,34.441,43.674,15.462,30.703,0,0,0
78.041,1.7098,0.0024426,34.367,43.674,15.462,30.703,0,0,0
78.041,1.7098,0.0012213,34.367,43.674,15.535,30.703,0,0,0
78.041,1.9541,0.0012213,34.221,43.674,15.462,30.703,0,0,0
78.041,1.7098,0.0012213,34.221,43.527,15.462,30.703,0,0,0
78.041,1.7098,0.0024426,34.221,43.454,15.462,30.703,0,0,0
78.041,1.7098,0.0012213,34.221,43.527,15.608,30.777,0,0,0
78.163,1.4656,0.0012213,34.221,43.381,15.535,30.777,0,0,0
78.041,1.7098,0.0012213,34.221,43.381,15.535,30.777,0,0,0
78.041,1.7098,0.0036639,34.074,43.234,15.608,30.777,0,0,0
78.163,1.7098,0.0024426,34.074,43.234,15.608,30.777,0,0,0
78.041,1.9541,0.0012213,34.074,43.234,15.535,30.777,0,0,0
78.041,1.4656,0.0024426,34.148,43.234,15.608,30.923,0,0,0
78.041,1.9541,0.0024426,34.074,43.161,15.608,30.923,0,0,0
78.041,1.7098,0.0012213,34.001,43.014,15.608,30.85,0,0,0
78.041,1.4656,0.0012213,34.074,43.014,15.608,30.85,0,0,0
78.041,1.7098,0.0012213,34.074,42.941,15.608,30.85,0,0,0
78.041,1.4656,0.0024426,34.001,42.941,15.608,30.85,0,0,0
78.041,1.4656,0.0012213,33.928,42.868,15.608,30.85,0,0,0
78.041,1.9541,0.0012213,33.854,42.794,15.755,30.85,0,0,0
77.919,1.9541,0.0012213,33.928,42.721,15.681,30.923,0,0,0
78.163,1.4656,0.0024426,34.001,42.721,15.681,30.997,0,0,0
78.041,1.4656,0.0024426,33.854,42.721,15.681,30.923,0,0,0
78.041,1.9541,0.0012213,33.781,42.648,15.681,30.923,0,0,0
78.041,1.4656,0.0012213,33.781,42.574,15.681,31.07,0,0,0
78.041,1.4656,0.0036639,33.781,42.574,15.681,31.07,0,0,0
78.041,1.4656,0.0012213,33.708,42.501,15.828,30.997,0,0,0
78.041,1.4656,0.0012213,33.854,42.501,15.681,31.07,0,0,0
78.163,1.4656,0.0012213,33.854,42.428,15.169,30.923,0,0,0
78.041,21.006,0.0024426,33.854,42.428,15.535,29.971,0,0,0
78.163,15.144,0.0036639,33.781,42.648,15.681,29.458,0,0,0
78.407,3.4196,0.0024426,33.781,42.574,15.901,29.751,0,0,0
78.285,1.7098,0.0024426,33.781,42.501,15.975,29.897,0,0,0
78.285,1.4656,0.0012213,33.781,42.355,15.975,29.824,0,0,0
78.285,1.4656,0.0024426,33.708,42.355,16.048,29.824,0,0,0
78.163,1.4656,0.0024426,33.635,42.281,16.048,29.897,0,0,0
77.553,1.7098,0.0024426,33.708,42.355,16.268,29.897,0,0,0
77.064,1.4656,0.0012213,33.635,42.281,16.194,29.971,0,0,0
76.331,1.4656,0.0012213,33.635,42.281,16.194,29.824,0,0,0
75.721,1.4656,0.0036639,33.635,42.208,16.194,29.897,0,0,0
75.11,1.7098,0.0024426,33.561,42.135,16.268,30.044,0,0,0
74.499,1.9541,0.0012213,33.635,41.988,16.268,29.971,0,0,0
73.889,1.4656,0.0036639,33.561,41.988,16.341,29.971,0,0,0
73.156,1.4656,0.0012213,33.561,41.988,16.341,30.044,0,0,0
72.667,1.7098,0.0012213,33.635,41.915,16.341,30.044,0,0,0
72.057,1.4656,0.0012213,33.561,41.695,16.341,30.044,0,0,0
71.446,1.7098,0.0024426,33.488,41.768,16.414,30.044,0,0,0
70.835,1.4656,0.0024426,33.561,41.768,16.341,30.191,0,0,0
70.347,1.7098,0.0024426,33.561,41.622,16.414,30.044,0,0,0
69.736,1.4656,0.0012213,33.415,41.549,16.488,30.191,0,0,0
69.248,1.4656,0.0012213,33.488,41.475,16.561,30.191,0,0,0
68.881,1.4656,0.0012213,33.415,41.402,16.414,30.117,0,0,0
68.026,1.4656,0.0012213,33.415,41.255,16.488,30.117,0,0,0
67.538,1.4656,0.0012213,33.415,41.329,16.488,30.191,0,0,0
67.049,1.4656,0.0024426,33.415,41.182,16.488,30.264,0,0,0
66.683,1.4656,0.0012213,33.341,41.182,16.561,30.191,0,0,0
66.072,1.2213,0.0036639,33.341,41.036,16.561,30.117,0,0,0
65.34,1.2213,0.0024426,33.268,40.889,16.561,30.264,0,0,0
65.095,1.4656,0.0012213,33.268,40.816,16.561,30.264,0,0,0
64.607,1.4656,0.0024426,33.268,40.889,16.634,30.264,0,0,0
64.118,1.4656,0.0024426,33.341,40.743,16.707,30.264,0,0,0
63.63,1.2213,0.0036639,33.195,40.669,16.634,30.264,0,0,0
63.263,1.2213,0.0012213,33.195,40.596,16.634,30.337,0,0,0
62.653,1.7098,0.0024426,33.195,40.523,16.707,30.264,0,0,0
62.286,1.2213,0.0012213,33.122,40.523,16.634,30.41,0,0,0
61.92,1.4656,0.0012213,33.122,40.523,16.634,30.264,0,0,0
61.431,1.4656,0.0012213,33.122,40.376,16.707,30.337,0,0,0
61.065,1.2213,0.0024426,33.048,40.376,16.707,30.337,0,0,0
60.576,1.2213,0.0024426,33.048,40.303,16.707,30.337,0,0,0
60.332,1.2213,0.0024426,33.122,40.23,16.707,30.337,0,0,0
59.722,1.2213,0.0012213,33.048,40.23,16.781,30.337,0,0,0
59.355,1.2213,0.0024426,33.048,40.156,16.781,30.337,0,0,0
58.989,1.4656,0.0012213,33.048,40.083,16.854,30.337,0,0,0
58.622,1.2213,0.0024426,32.975,40.01,16.707,30.484,0,0,0
58.256,0.97704,0.0024426,32.975,39.936,16.854,30.337,0,0,0
57.89,1.2213,0.0012213,32.975,39.863,16.781,30.41,0,0,0
57.523,1.2213,0.0012213,32.902,39.863,16.781,30.337,0,0,0
57.035,1.4656,0.0024426,32.902,39.863,16.781,30.41,0,0,0
56.79,0.97704,0.0024426,32.902,39.79,16.781,30.484,0,0,0
56.424,1.4656,0.0024426,32.975,39.79,16.854,30.41,0,0,0
56.302,1.4656,0.0024426,32.829,39.717,16.781,30.41,0,0,0
55.813,1.4656,0.0024426,32.829,39.643,16.854,30.41,0,0,0
55.447,1.2213,0.0024426,32.829,39.57,16.854,30.41,0,0,0
55.203,1.2213,0.0012213,32.829,39.497,16.927,30.484,0,0,0
54.714,1.2213,0.0012213,32.755,39.497,16.927,30.41,0,0,0
54.47,1.2213,0.0012213,32.755,39.497,17,30.41,0,0,0
54.104,1.2213,0.0024426,32.755,39.497,16.927,30.557,0,0,0
53.859,1.4656,0.0024426,32.755,39.424,16.927,30.484,0,0,0
53.493,1.4656,0.0012213,32.755,39.35,16.927,30.41,0,0,0
53.249,1.2213,0.0036639,32.682,39.35,16.927,30.484,0,0,0
53.127,1.4656,0.0024426,32.682,39.277,16.927,30.484,0,0,0
52.76,1.2213,0.0012213,32.609,39.204,16.927,30.484,0,0,0
52.638,1.4656,0.0024426,32.609,39.277,17,30.484,0,0,0
52.272,1.4656,0.0024426,32.609,39.277,17,30.484,0,0,0
51.905,1.2213,0.0024426,32.682,39.13,17,30.557,0,0,0
51.661,1.2213,0.0024426,32.609,39.13,17,30.484,0,0,0
51.539,1.2213,0.0024426,32.609,39.057,17,30.557,0,0,0
51.295,1.2213,0.0024426,32.462,39.057,17.147,30.484,0,0,0
51.172,1.4656,0.0024426,32.535,38.984,17,30.484,0,0,0
50.806,1.2213,0.0024426,32.535,39.057,17,30.484,0,0,0
50.684,1.4656,0.0024426,32.462,38.911,17.147,30.557,0,0,0
50.318,1.4656,0.0024426,32.535,38.984,17.074,30.63,0,0,0
0,0,0,0,0,0,0,0,0,0
0,0,0,0,0,0,0,0,0,0
0,0,0,0,0,0,0,0,0,0
0,0,0,0,0,0,0,0,0,0
0,0,0,0,0,0,0,0,0,0
0,0,0,0,0,0,0,0,0,0
0,0,0,0,0,0,0,0,0,0
0,0,0,0,0,0,0,0,0,0
0,0,0,0,0,0,0,0,0,0
0,0,0,0,0,0,0,0,0,0
0,0,0,0,0,0,0,0,0,0
0,0,0,0,0,0,0,0,0,0
0,0,0,0,0,0,0,0,0,0
0,0,0,0,0,0,0,0,0,0
0,0,0,0,0,0,0,0,0,0
0,0,0,0,0,0,0,0,0,0
0,0,0,0,0,0,0,0,0,0
0,0,0,0,0,0,0,0,0,0
0,0,0,0,0,0,0,0,0,0
0,0,0,0,0,0,0,0,0,0
0,0,0,0,0,0,0,0,0,0
0,0,0,0,0,0,0,0,0,0
0,0,0,0,0,0,0,0,0,0
0,0,0,0,0,0,0,0,0,0
0,0,0,0,0,0,0,0,0,0
0,0,0,0,0,0,0,0,0,0
0,0,0,0,0,0,0,0,0,0
0,0,0,0,0,0,0,0,0,0
0,0,0,0,0,0,0,0,0,0
0,0,0,0,0,0,0,0,0,0
0,0,0,0,0,0,0,0,0,0
0,0,0,0,0,0,0,0,0,0
0,0,0,0,0,0,0,0,0,0
0,0,0,0,0,0,0,0,0,0
0,0,0,0,0,0,0,0,0,0
0,0,0,0,0,0,0,0,0,0
0,0,0,0,0,0,0,0,0,0
0,0,0,0,0,0,0,0,0,0
0,0,0,0,0,0,0,0,0,0
0,0,0,0,0,0,0,0,0,0
0,0,0,0,0,0,0,0,0,0
0,0,0,0,0,0,0,0,0,0
0,0,0,0,0,0,0,0,0,0
0,0,0,0,0,0,0,0,0,0
0,0,0,0,0,0,0,0,0,0
0,0,0,0,0,0,0,0,0,0
0,0,0,0,0,0,0,0,0,0
0,0,0,0,0,0,0,0,0,0
0,0,0,0,0,0,0,0,0,0
0,0,0,0,0,0,0,0,0,0
0,0,0,0,0,0,0,0,0,0
0,0,0,0,0,0,0,0,0,0
0,0,0,0,0,0,0,0,0,0
0,0,0,0,0,0,0,0,0,0
0,0,0,0,0,0,0,0,0,0
0,0,0,0,0,0,0,0,0,0
0,0,0,0,0,0,0,0,0,0
0,0,0,0,0,0,0,0,0,0
0,0,0,0,0,0,0,0,0,0
0,0,0,0,0,0,0,0,0,0
0,0,0,0,0,0,0,0,0,0
0,0,0,0,0,0,0,0,0,0
0,0,0,0,0,0,0,0,0,0
0,0,0,0,0,0,0,0,0,0
0,0,0,0,0,0,0,0,0,0
0,0,0,0,0,0,0,0,0,0
0,0,0,0,0,0,0,0,0,0
0,0,0,0,0,0,0,0,0,0
0,0,0,0,0,0,0,0,0,0
0,0,0,0,0,0,0,0,0,0
0,0,0,0,0,0,0,0,0,0
0,0,0,0,0,0,0,0,0,0
0,0,0,0,0,0,0,0,0,0
0,0,0,0,0,0,0,0,0,0
0,0,0,0,0,0,0,0,0,0
0,0,0,0,0,0,0,0,0,0
0,0,0,0,0,0,0,0,0,0
0,0,0,0,0,0,0,0,0,0
0,0,0,0,0,0,0,0,0,0
0,0,0,0,0,0,0,0,0,0
0,0,0,0,0,0,0,0,0,0
0,0,0,0,0,0,0,0,0,0
0,0,0,0,0,0,0,0,0,0
0,0,0,0,0,0,0,0,0,0
0,0,0,0,0,0,0,0,0,0
0,0,0,0,0,0,0,0,0,0
0,0,0,0,0,0,0,0,0,0
0,0,0,0,0,0,0,0,0,0
0,0,0,0,0,0,0,0,0,0
0,0,0,0,0,0,0,0,0,0
0,0,0,0,0,0,0,0,0,0
0,0,0,0,0,0,0,0,0,0
0,0,0,0,0,0,0,0,0,0
0,0,0,0,0,0,0,0,0,0
0,0,0,0,0,0,0,0,0,0
0,0,0,0,0,0,0,0,0,0
0,0,0,0,0,0,0,0,0,0
0,0,0,0,0,0,0,0,0,0
0,0,0,0,0,0,0,0,0,0
0,0,0,0,0,0,0,0,0,0
0,0,0,0,0,0,0,0,0,0
0,0,0,0,0,0,0,0,0,0
0,0,0,0,0,0,0,0,0,0
0,0,0,0,0,0,0,0,0,0
0,0,0,0,0,0,0,0,0,0
0,0,0,0,0,0,0,0,0,0
0,0,0,0,0,0,0,0,0,0
0,0,0,0,0,0,0,0,0,0
0,0,0,0,0,0,0,0,0,0
0,0,0,0,0,0,0,0,0,0
0,0,0,0,0,0,0,0,0,0
0,0,0,0,0,0,0,0,0,0
0,0,0,0,0,0,0,0,0,0
0,0,0,0,0,0,0,0,0,0
0,0,0,0,0,0,0,0,0,0
0,0,0,0,0,0,0,0,0,0
0,0,0,0,0,0,0,0,0,0
0,0,0,0,0,0,0,0,0,0
0,0,0,0,0,0,0,0,0,0
0,0,0,0,0,0,0,0,0,0
0,0,0,0,0,0,0,0,0,0
0,0,0,0,0,0,0,0,0,0
0,0,0,0,0,0,0,0,0,0
0,0,0,0,0,0,0,0,0,0
0,0,0,0,0,0,0,0,0,0
0,0,0,0,0,0,0,0,0,0
0,0,0,0,0,0,0,0,0,0
0,0,0,0,0,0,0,0,0,0
0,0,0,0,0,0,0,0,0,0
0,0,0,0,0,0,0,0,0,0
0,0,0,0,0,0,0,0,0,0
0,0,0,0,0,0,0,0,0,0
0,0,0,0,0,0,0,0,0,0
0,0,0,0,0,0,0,0,0,0
0,0,0,0,0,0,0,0,0,0
0,0,0,0,0,0,0,0,0,0
0,0,0,0,0,0,0,0,0,0
0,0,0,0,0,0,0,0,0,0
0,0,0,0,0,0,0,0,0,0
0,0,0,0,0,0,0,0,0,0
0,0,0,0,0,0,0,0,0,0
0,0,0,0,0,0,0,0,0,0
0,0,0,0,0,0,0,0,0,0
0,0,0,0,0,0,0,0,0,0
0,0,0,0,0,0,0,0,0,0
0,0,0,0,0,0,0,0,0,0
0,0,0,0,0,0,0,0,0,0
0,0,0,0,0,0,0,0,0,0
0,0,0,0,0,0,0,0,0,0
0,0,0,0,0,0,0,0,0,0
0,0,0,0,0,0,0,0,0,0
0,0,0,0,0,0,0,0,0,0
0,0,0,0,0,0,0,0,0,0
0,0,0,0,0,0,0,0,0,0
0,0,0,0,0,0,0,0,0,0
0,0,0,0,0,0,0,0,0,0
0,0,0,0,0,0,0,0,0,0
0,0,0,0,0,0,0,0,0,0
0,0,0,0,0,0,0,0,0,0
0,0,0,0,0,0,0,0,0,0
0,0,0,0,0,0,0,0,0,0
0,0,0,0,0,0,0,0,0,0
0,0,0,0,0,0,0,0,0,0
0,0,0,0,0,0,0,0,0,0
0,0,0,0,0,0,0,0,0,0
0,0,0,0,0,0,0,0,0,0
0,0,0,0,0,0,0,0,0,0
0,0,0,0,0,0,0,0,0,0
0,0,0,0,0,0,0,0,0,0
0,0,0,0,0,0,0,0,0,0
0,0,0,0,0,0,0,0,0,0
0,0,0,0,0,0,0,0,0,0
0,0,0,0,0,0,0,0,0,0
0,0,0,0,0,0,0,0,0,0
0,0,0,0,0,0,0,0,0,0
0,0,0,0,0,0,0,0,0,0
0,0,0,0,0,0,0,0,0,0
0,0,0,0,0,0,0,0,0,0
0,0,0,0,0,0,0,0,0,0
0,0,0,0,0,0,0,0,0,0
0,0,0,0,0,0,0,0,0,0
0,0,0,0,0,0,0,0,0,0
0,0,0,0,0,0,0,0,0,0
0,0,0,0,0,0,0,0,0,0
0,0,0,0,0,0,0,0,0,0
0,0,0,0,0,0,0,0,0,0
0,0,0,0,0,0,0,0,0,0
0,0,0,0,0,0,0,0,0,0
0,0,0,0,0,0,0,0,0,0
0,0,0,0,0,0,0,0,0,0
0,0,0,0,0,0,0,0,0,0
0,0,0,0,0,0,0,0,0,0
0,0,0,0,0,0,0,0,0,0
0,0,0,0,0,0,0,0,0,0
0,0,0,0,0,0,0,0,0,0
0,0,0,0,0,0,0,0,0,0
0,0,0,0,0,0,0,0,0,0
0,0,0,0,0,0,0,0,0,0
0,0,0,0,0,0,0,0,0,0
0,0,0,0,0,0,0,0,0,0
0,0,0,0,0,0,0,0,0,0
0,0,0,0,0,0,0,0,0,0
0,0,0,0,0,0,0,0,0,0
0,0,0,0,0,0,0,0,0,0
0,0,0,0,0,0,0,0,0,0
0,0,0,0,0,0,0,0,0,0
0,0,0,0,0,0,0,0,0,0
0,0,0,0,0,0,0,0,0,0
0,0,0,0,0,0,0,0,0,0
0,0,0,0,0,0,0,0,0,0
0,0,0,0,0,0,0,0,0,0
0,0,0,0,0,0,0,0,0,0
0,0,0,0,0,0,0,0,0,0
0,0,0,0,0,0,0,0,0,0
0,0,0,0,0,0,0,0,0,0
0,0,0,0,0,0,0,0,0,0
0,0,0,0,0,0,0,0,0,0
0,0,0,0,0,0,0,0,0,0
0,0,0,0,0,0,0,0,0,0
0,0,0,0,0,0,0,0,0,0
0,0,0,0,0,0,0,0,0,0
0,0,0,0,0,0,0,0,0,0
0,0,0,0,0,0,0,0,0,0
0,0,0,0,0,0,0,0,0,0
0,0,0,0,0,0,0,0,0,0
0,0,0,0,0,0,0,0,0,0
0,0,0,0,0,0,0,0,0,0
0,0,0,0,0,0,0,0,0,0
0,0,0,0,0,0,0,0,0,0
0,0,0,0,0,0,0,0,0,0
0,0,0,0,0,0,0,0,0,0
0,0,0,0,0,0,0,0,0,0
0,0,0,0,0,0,0,0,0,0
0,0,0,0,0,0,0,0,0,0
0,0,0,0,0,0,0,0,0,0
0,0,0,0,0,0,0,0,0,0
0,0,0,0,0,0,0,0,0,0
0,0,0,0,0,0,0,0,0,0
0,0,0,0,0,0,0,0,0,0
0,0,0,0,0,0,0,0,0,0
0,0,0,0,0,0,0,0,0,0
0,0,0,0,0,0,0,0,0,0
0,0,0,0,0,0,0,0,0,0
0,0,0,0,0,0,0,0,0,0
0,0,0,0,0,0,0,0,0,0
0,0,0,0,0,0,0,0,0,0
0,0,0,0,0,0,0,0,0,0
0,0,0,0,0,0,0,0,0,0
0,0,0,0,0,0,0,0,0,0
0,0,0,0,0,0,0,0,0,0
0,0,0,0,0,0,0,0,0,0
0,0,0,0,0,0,0,0,0,0
0,0,0,0,0,0,0,0,0,0
0,0,0,0,0,0,0,0,0,0
0,0,0,0,0,0,0,0,0,0
0,0,0,0,0,0,0,0,0,0
0,0,0,0,0,0,0,0,0,0
0,0,0,0,0,0,0,0,0,0
0,0,0,0,0,0,0,0,0,0
0,0,0,0,0,0,0,0,0,0
0,0,0,0,0,0,0,0,0,0
0,0,0,0,0,0,0,0,0,0
0,0,0,0,0,0,0,0,0,0
0,0,0,0,0,0,0,0,0,0
0,0,0,0,0,0,0,0,0,0
0,0,0,0,0,0,0,0,0,0
0,0,0,0,0,0,0,0,0,0
0,0,0,0,0,0,0,0,0,0
0,0,0,0,0,0,0,0,0,0
0,0,0,0,0,0,0,0,0,0
0,0,0,0,0,0,0,0,0,0
0,0,0,0,0,0,0,0,0,0
0,0,0,0,0,0,0,0,0,0
0,0,0,0,0,0,0,0,0,0
0,0,0,0,0,0,0,0,0,0
0,0,0,0,0,0,0,0,0,0
0,0,0,0,0,0,0,0,0,0
0,0,0,0,0,0,0,0,0,0
0,0,0,0,0,0,0,0,0,0
0,0,0,0,0,0,0,0,0,0
0,0,0,0,0,0,0,0,0,0
0,0,0,0,0,0,0,0,0,0
0,0,0,0,0,0,0,0,0,0
0,0,0,0,0,0,0,0,0,0
0,0,0,0,0,0,0,0,0,0
0,0,0,0,0,0,0,0,0,0
0,0,0,0,0,0,0,0,0,0
0,0,0,0,0,0,0,0,0,0
0,0,0,0,0,0,0,0,0,0
0,0,0,0,0,0,0,0,0,0
0,0,0,0,0,0,0,0,0,0
0,0,0,0,0,0,0,0,0,0
0,0,0,0,0,0,0,0,0,0
0,0,0,0,0,0,0,0,0,0
0,0,0,0,0,0,0,0,0,0
0,0,0,0,0,0,0,0,0,0
0,0,0,0,0,0,0,0,0,0
0,0,0,0,0,0,0,0,0,0
0,0,0,0,0,0,0,0,0,0
0,0,0,0,0,0,0,0,0,0
0,0,0,0,0,0,0,0,0,0
0,0,0,0,0,0,0,0,0,0
0,0,0,0,0,0,0,0,0,0
0,0,0,0,0,0,0,0,0,0
0,0,0,0,0,0,0,0,0,0
0,0,0,0,0,0,0,0,0,0
0,0,0,0,0,0,0,0,0,0
0,0,0,0,0,0,0,0,0,0
0,0,0,0,0,0,0,0,0,0
0,0,0,0,0,0,0,0,0,0
0,0,0,0,0,0,0,0,0,0
0,0,0,0,0,0,0,0,0,0
0,0,0,0,0,0,0,0,0,0
0,0,0,0,0,0,0,0,0,0
0,0,0,0,0,0,0,0,0,0
0,0,0,0,0,0,0,0,0,0
0,0,0,0,0,0,0,0,0,0
0,0,0,0,0,0,0,0,0,0
0,0,0,0,0,0,0,0,0,0
0,0,0,0,0,0,0,0,0,0
0,0,0,0,0,0,0,0,0,0
0,0,0,0,0,0,0,0,0,0
0,0,0,0,0,0,0,0,0,0
0,0,0,0,0,0,0,0,0,0
0,0,0,0,0,0,0,0,0,0
0,0,0,0,0,0,0,0,0,0
0,0,0,0,0,0,0,0,0,0
0,0,0,0,0,0,0,0,0,0
0,0,0,0,0,0,0,0,0,0
0,0,0,0,0,0,0,0,0,0
0,0,0,0,0,0,0,0,0,0
0,0,0,0,0,0,0,0,0,0
0,0,0,0,0,0,0,0,0,0
0,0,0,0,0,0,0,0,0,0
0,0,0,0,0,0,0,0,0,0
0,0,0,0,0,0,0,0,0,0
0,0,0,0,0,0,0,0,0,0
0,0,0,0,0,0,0,0,0,0
0,0,0,0,0,0,0,0,0,0
0,0,0,0,0,0,0,0,0,0
0,0,0,0,0,0,0,0,0,0
0,0,0,0,0,0,0,0,0,0
0,0,0,0,0,0,0,0,0,0
0,0,0,0,0,0,0,0,0,0
0,0,0,0,0,0,0,0,0,0
0,0,0,0,0,0,0,0,0,0
0,0,0,0,0,0,0,0,0,0
0,0,0,0,0,0,0,0,0,0
0,0,0,0,0,0,0,0,0,0
0,0,0,0,0,0,0,0,0,0
0,0,0,0,0,0,0,0,0,0
0,0,0,0,0,0,0,0,0,0
0,0,0,0,0,0,0,0,0,0
0,0,0,0,0,0,0,0,0,0
0,0,0,0,0,0,0,0,0,0
0,0,0,0,0,0,0,0,0,0
0,0,0,0,0,0,0,0,0,0
0,0,0,0,0,0,0,0,0,0
0,0,0,0,0,0,0,0,0,0
0,0,0,0,0,0,0,0,0,0
0,0,0,0,0,0,0,0,0,0
0,0,0,0,0,0,0,0,0,0
0,0,0,0,0,0,0,0,0,0
0,0,0,0,0,0,0,0,0,0
0,0,0,0,0,0,0,0,0,0
0,0,0,0,0,0,0,0,0,0
0,0,0,0,0,0,0,0,0,0
0,0,0,0,0,0,0,0,0,0
0,0,0,0,0,0,0,0,0,0
0,0,0,0,0,0,0,0,0,0
0,0,0,0,0,0,0,0,0,0
0,0,0,0,0,0,0,0,0,0
0,0,0,0,0,0,0,0,0,0
0,0,0,0,0,0,0,0,0,0
0,0,0,0,0,0,0,0,0,0
0,0,0,0,0,0,0,0,0,0
0,0,0,0,0,0,0,0,0,0
0,0,0,0,0,0,0,0,0,0
0,0,0,0,0,0,0,0,0,0
0,0,0,0,0,0,0,0,0,0
0,0,0,0,0,0,0,0,0,0
0,0,0,0,0,0,0,0,0,0
0,0,0,0,0,0,0,0,0,0
0,0,0,0,0,0,0,0,0,0
0,0,0,0,0,0,0,0,0,0
0,0,0,0,0,0,0,0,0,0
0,0,0,0,0,0,0,0,0,0
0,0,0,0,0,0,0,0,0,0
0,0,0,0,0,0,0,0,0,0
0,0,0,0,0,0,0,0,0,0
0,0,0,0,0,0,0,0,0,0
0,0,0,0,0,0,0,0,0,0
0,0,0,0,0,0,0,0,0,0
0,0,0,0,0,0,0,0,0,0
0,0,0,0,0,0,0,0,0,0
0,0,0,0,0,0,0,0,0,0
0,0,0,0,0,0,0,0,0,0
0,0,0,0,0,0,0,0,0,0
0,0,0,0,0,0,0,0,0,0
0,0,0,0,0,0,0,0,0,0
0,0,0,0,0,0,0,0,0,0
0,0,0,0,0,0,0,0,0,0
0,0,0,0,0,0,0,0,0,0
0,0,0,0,0,0,0,0,0,0
0,0,0,0,0,0,0,0,0,0
0,0,0,0,0,0,0,0,0,0
0,0,0,0,0,0,0,0,0,0
0,0,0,0,0,0,0,0,0,0
0,0,0,0,0,0,0,0,0,0
0,0,0,0,0,0,0,0,0,0
0,0,0,0,0,0,0,0,0,0
0,0,0,0,0,0,0,0,0,0
0,0,0,0,0,0,0,0,0,0
0,0,0,0,0,0,0,0,0,0
0,0,0,0,0,0,0,0,0,0
0,0,0,0,0,0,0,0,0,0
0,0,0,0,0,0,0,0,0,0
0,0,0,0,0,0,0,0,0,0
0,0,0,0,0,0,0,0,0,0
0,0,0,0,0,0,0,0,0,0
0,0,0,0,0,0,0,0,0,0
0,0,0,0,0,0,0,0,0,0
0,0,0,0,0,0,0,0,0,0
0,0,0,0,0,0,0,0,0,0
0,0,0,0,0,0,0,0,0,0
0,0,0,0,0,0,0,0,0,0
0,0,0,0,0,0,0,0,0,0
0,0,0,0,0,0,0,0,0,0
0,0,0,0,0,0,0,0,0,0
0,0,0,0,0,0,0,0,0,0
0,0,0,0,0,0,0,0,0,0
0,0,0,0,0,0,0,0,0,0
0,0,0,0,0,0,0,0,0,0
0,0,0,0,0,0,0,0,0,0
0,0,0,0,0,0,0,0,0,0
0,0,0,0,0,0,0,0,0,0
0,0,0,0,0,0,0,0,0,0
0,0,0,0,0,0,0,0,0,0
0,0,0,0,0,0,0,0,0,0
0,0,0,0,0,0,0,0,0,0
0,0,0,0,0,0,0,0,0,0
0,0,0,0,0,0,0,0,0,0
0,0,0,0,0,0,0,0,0,0
0,0,0,0,0,0,0,0,0,0
0,0,0,0,0,0,0,0,0,0
0,0,0,0,0,0,0,0,0,0
0,0,0,0,0,0,0,0,0,0
0,0,0,0,0,0,0,0,0,0
0,0,0,0,0,0,0,0,0,0
0,0,0,0,0,0,0,0,0,0
0,0,0,0,0,0,0,0,0,0
0,0,0,0,0,0,0,0,0,0
0,0,0,0,0,0,0,0,0,0
0,0,0,0,0,0,0,0,0,0
0,0,0,0,0,0,0,0,0,0
0,0,0,0,0,0,0,0,0,0
0,0,0,0,0,0,0,0,0,0
0,0,0,0,0,0,0,0,0,0
0,0,0,0,0,0,0,0,0,0
0,0,0,0,0,0,0,0,0,0
0,0,0,0,0,0,0,0,0,0
0,0,0,0,0,0,0,0,0,0
0,0,0,0,0,0,0,0,0,0
0,0,0,0,0,0,0,0,0,0
0,0,0,0,0,0,0,0,0,0
0,0,0,0,0,0,0,0,0,0
0,0,0,0,0,0,0,0,0,0
0,0,0,0,0,0,0,0,0,0
0,0,0,0,0,0,0,0,0,0
0,0,0,0,0,0,0,0,0,0
0,0,0,0,0,0,0,0,0,0
0,0,0,0,0,0,0,0,0,0
0,0,0,0,0,0,0,0,0,0
0,0,0,0,0,0,0,0,0,0
0,0,0,0,0,0,0,0,0,0
0,0,0,0,0,0,0,0,0,0
0,0,0,0,0,0,0,0,0,0
0,0,0,0,0,0,0,0,0,0
0,0,0,0,0,0,0,0,0,0
0,0,0,0,0,0,0,0,0,0
0,0,0,0,0,0,0,0,0,0
0,0,0,0,0,0,0,0,0,0
0,0,0,0,0,0,0,0,0,0
0,0,0,0,0,0,0,0,0,0
0,0,0,0,0,0,0,0,0,0
0,0,0,0,0,0,0,0,0,0
0,0,0,0,0,0,0,0,0,0
0,0,0,0,0,0,0,0,0,0
0,0,0,0,0,0,0,0,0,0
0,0,0,0,0,0,0,0,0,0
0,0,0,0,0,0,0,0,0,0
0,0,0,0,0,0,0,0,0,0
0,0,0,0,0,0,0,0,0,0
0,0,0,0,0,0,0,0,0,0
0,0,0,0,0,0,0,0,0,0
0,0,0,0,0,0,0,0,0,0
0,0,0,0,0,0,0,0,0,0
0,0,0,0,0,0,0,0,0,0
0,0,0,0,0,0,0,0,0,0
0,0,0,0,0,0,0,0,0,0
0,0,0,0,0,0,0,0,0,0
0,0,0,0,0,0,0,0,0,0
0,0,0,0,0,0,0,0,0,0
0,0,0,0,0,0,0,0,0,0
0,0,0,0,0,0,0,0,0,0
0,0,0,0,0,0,0,0,0,0
0,0,0,0,0,0,0,0,0,0
0,0,0,0,0,0,0,0,0,0
0,0,0,0,0,0,0,0,0,0
0,0,0,0,0,0,0,0,0,0
0,0,0,0,0,0,0,0,0,0
0,0,0,0,0,0,0,0,0,0
0,0,0,0,0,0,0,0,0,0
0,0,0,0,0,0,0,0,0,0
0,0,0,0,0,0,0,0,0,0
0,0,0,0,0,0,0,0,0,0
0,0,0,0,0,0,0,0,0,0
0,0,0,0,0,0,0,0,0,0
0,0,0,0,0,0,0,0,0,0
0,0,0,0,0,0,0,0,0,0
0,0,0,0,0,0,0,0,0,0
0,0,0,0,0,0,0,0,0,0
0,0,0,0,0,0,0,0,0,0
0,0,0,0,0,0,0,0,0,0
0,0,0,0,0,0,0,0,0,0
0,0,0,0,0,0,0,0,0,0
0,0,0,0,0,0,0,0,0,0
0,0,0,0,0,0,0,0,0,0
0,0,0,0,0,0,0,0,0,0
0,0,0,0,0,0,0,0,0,0
0,0,0,0,0,0,0,0,0,0
0,0,0,0,0,0,0,0,0,0
0,0,0,0,0,0,0,0,0,0
0,0,0,0,0,0,0,0,0,0
0,0,0,0,0,0,0,0,0,0
0,0,0,0,0,0,0,0,0,0
0,0,0,0,0,0,0,0,0,0
0,0,0,0,0,0,0,0,0,0
0,0,0,0,0,0,0,0,0,0
0,0,0,0,0,0,0,0,0,0
0,0,0,0,0,0,0,0,0,0
0,0,0,0,0,0,0,0,0,0
0,0,0,0,0,0,0,0,0,0
0,0,0,0,0,0,0,0,0,0
0,0,0,0,0,0,0,0,0,0
0,0,0,0,0,0,0,0,0,0
0,0,0,0,0,0,0,0,0,0
0,0,0,0,0,0,0,0,0,0
0,0,0,0,0,0,0,0,0,0
0,0,0,0,0,0,0,0,0,0
0,0,0,0,0,0,0,0,0,0
0,0,0,0,0,0,0,0,0,0
0,0,0,0,0,0,0,0,0,0
0,0,0,0,0,0,0,0,0,0
0,0,0,0,0,0,0,0,0,0
0,0,0,0,0,0,0,0,0,0
0,0,0,0,0,0,0,0,0,0
0,0,0,0,0,0,0,0,0,0
0,0,0,0,0,0,0,0,0,0
0,0,0,0,0,0,0,0,0,0
0,0,0,0,0,0,0,0,0,0
0,0,0,0,0,0,0,0,0,0
0,0,0,0,0,0,0,0,0,0
0,0,0,0,0,0,0,0,0,0
0,0,0,0,0,0,0,0,0,0
0,0,0,0,0,0,0,0,0,0
0,0,0,0,0,0,0,0,0,0
0,0,0,0,0,0,0,0,0,0
0,0,0,0,0,0,0,0,0,0
0,0,0,0,0,0,0,0,0,0
0,0,0,0,0,0,0,0,0,0
0,0,0,0,0,0,0,0,0,0
0,0,0,0,0,0,0,0,0,0
0,0,0,0,0,0,0,0,0,0
0,0,0,0,0,0,0,0,0,0
0,0,0,0,0,0,0,0,0,0
0,0,0,0,0,0,0,0,0,0
0,0,0,0,0,0,0,0,0,0
0,0,0,0,0,0,0,0,0,0
0,0,0,0,0,0,0,0,0,0
0,0,0,0,0,0,0,0,0,0
0,0,0,0,0,0,0,0,0,0
0,0,0,0,0,0,0,0,0,0
0,0,0,0,0,0,0,0,0,0
0,0,0,0,0,0,0,0,0,0
0,0,0,0,0,0,0,0,0,0
0,0,0,0,0,0,0,0,0,0
0,0,0,0,0,0,0,0,0,0
0,0,0,0,0,0,0,0,0,0
0,0,0,0,0,0,0,0,0,0
0,0,0,0,0,0,0,0,0,0
0,0,0,0,0,0,0,0,0,0
0,0,0,0,0,0,0,0,0,0
0,0,0,0,0,0,0,0,0,0
0,0,0,0,0,0,0,0,0,0
0,0,0,0,0,0,0,0,0,0
0,0,0,0,0,0,0,0,0,0
0,0,0,0,0,0,0,0,0,0
0,0,0,0,0,0,0,0,0,0
0,0,0,0,0,0,0,0,0,0
0,0,0,0,0,0,0,0,0,0
0,0,0,0,0,0,0,0,0,0
0,0,0,0,0,0,0,0,0,0
0,0,0,0,0,0,0,0,0,0
0,0,0,0,0,0,0,0,0,0
0,0,0,0,0,0,0,0,0,0
0,0,0,0,0,0,0,0,0,0
0,0,0,0,0,0,0,0,0,0
0,0,0,0,0,0,0,0,0,0
0,0,0,0,0,0,0,0,0,0
0,0,0,0,0,0,0,0,0,0
0,0,0,0,0,0,0,0,0,0
0,0,0,0,0,0,0,0,0,0
0,0,0,0,0,0,0,0,0,0
0,0,0,0,0,0,0,0,0,0
0,0,0,0,0,0,0,0,0,0
0,0,0,0,0,0,0,0,0,0
0,0,0,0,0,0,0,0,0,0
0,0,0,0,0,0,0,0,0,0
0,0,0,0,0,0,0,0,0,0
0,0,0,0,0,0,0,0,0,0
0,0,0,0,0,0,0,0,0,0
0,0,0,0,0,0,0,0,0,0
0,0,0,0,0,0,0,0,0,0
0,0,0,0,0,0,0,0,0,0
0,0,0,0,0,0,0,0,0,0
0,0,0,0,0,0,0,0,0,0
0,0,0,0,0,0,0,0,0,0
0,0,0,0,0,0,0,0,0,0
0,0,0,0,0,0,0,0,0,0
0,0,0,0,0,0,0,0,0,0
0,0,0,0,0,0,0,0,0,0
0,0,0,0,0,0,0,0,0,0
0,0,0,0,0,0,0,0,0,0
0,0,0,0,0,0,0,0,0,0
0,0,0,0,0,0,0,0,0,0
0,0,0,0,0,0,0,0,0,0
0,0,0,0,0,0,0,0,0,0
0,0,0,0,0,0,0,0,0,0
0,0,0,0,0,0,0,0,0,0
0,0,0,0,0,0,0,0,0,0
0,0,0,0,0,0,0,0,0,0
0,0,0,0,0,0,0,0,0,0
0,0,0,0,0,0,0,0,0,0
0,0,0,0,0,0,0,0,0,0
0,0,0,0,0,0,0,0,0,0
0,0,0,0,0,0,0,0,0,0
0,0,0,0,0,0,0,0,0,0
0,0,0,0,0,0,0,0,0,0
0,0,0,0,0,0,0,0,0,0
0,0,0,0,0,0,0,0,0,0
0,0,0,0,0,0,0,0,0,0
0,0,0,0,0,0,0,0,0,0
0,0,0,0,0,0,0,0,0,0
0,0,0,0,0,0,0,0,0,0
0,0,0,0,0,0,0,0,0,0
0,0,0,0,0,0,0,0,0,0
0,0,0,0,0,0,0,0,0,0
0,0,0,0,0,0,0,0,0,0
0,0,0,0,0,0,0,0,0,0
0,0,0,0,0,0,0,0,0,0
0,0,0,0,0,0,0,0,0,0
0,0,0,0,0,0,0,0,0,0
0,0,0,0,0,0,0,0,0,0
0,0,0,0,0,0,0,0,0,0
0,0,0,0,0,0,0,0,0,0
0,0,0,0,0,0,0,0,0,0
0,0,0,0,0,0,0,0,0,0
0,0,0,0,0,0,0,0,0,0
0,0,0,0,0,0,0,0,0,0
0,0,0,0,0,0,0,0,0,0
0,0,0,0,0,0,0,0,0,0
0,0,0,0,0,0,0,0,0,0
0,0,0,0,0,0,0,0,0,0
0,0,0,0,0,0,0,0,0,0
0,0,0,0,0,0,0,0,0,0
0,0,0,0,0,0,0,0,0,0
0,0,0,0,0,0,0,0,0,0
0,0,0,0,0,0,0,0,0,0
0,0,0,0,0,0,0,0,0,0
0,0,0,0,0,0,0,0,0,0
0,0,0,0,0,0,0,0,0,0
0,0,0,0,0,0,0,0,0,0
0,0,0,0,0,0,0,0,0,0
0,0,0,0,0,0,0,0,0,0
0,0,0,0,0,0,0,0,0,0
0,0,0,0,0,0,0,0,0,0
0,0,0,0,0,0,0,0,0,0
0,0,0,0,0,0,0,0,0,0
0,0,0,0,0,0,0,0,0,0
0,0,0,0,0,0,0,0,0,0
0,0,0,0,0,0,0,0,0,0
0,0,0,0,0,0,0,0,0,0
0,0,0,0,0,0,0,0,0,0
0,0,0,0,0,0,0,0,0,0
0,0,0,0,0,0,0,0,0,0
0,0,0,0,0,0,0,0,0,0
0,0,0,0,0,0,0,0,0,0
0,0,0,0,0,0,0,0,0,0
0,0,0,0,0,0,0,0,0,0
0,0,0,0,0,0,0,0,0,0
0,0,0,0,0,0,0,0,0,0
0,0,0,0,0,0,0,0,0,0
0,0,0,0,0,0,0,0,0,0
0,0,0,0,0,0,0,0,0,0
0,0,0,0,0,0,0,0,0,0
0,0,0,0,0,0,0,0,0,0
0,0,0,0,0,0,0,0,0,0
0,0,0,0,0,0,0,0,0,0
0,0,0,0,0,0,0,0,0,0
0,0,0,0,0,0,0,0,0,0
0,0,0,0,0,0,0,0,0,0
0,0,0,0,0,0,0,0,0,0
0,0,0,0,0,0,0,0,0,0
0,0,0,0,0,0,0,0,0,0
0,0,0,0,0,0,0,0,0,0
0,0,0,0,0,0,0,0,0,0
0,0,0,0,0,0,0,0,0,0
0,0,0,0,0,0,0,0,0,0
0,0,0,0,0,0,0,0,0,0
0,0,0,0,0,0,0,0,0,0
0,0,0,0,0,0,0,0,0,0
0,0,0,0,0,0,0,0,0,0
0,0,0,0,0,0,0,0,0,0
0,0,0,0,0,0,0,0,0,0
0,0,0,0,0,0,0,0,0,0
0,0,0,0,0,0,0,0,0,0
0,0,0,0,0,0,0,0,0,0
0,0,0,0,0,0,0,0,0,0
0,0,0,0,0,0,0,0,0,0
0,0,0,0,0,0,0,0,0,0
0,0,0,0,0,0,0,0,0,0
0,0,0,0,0,0,0,0,0,0
0,0,0,0,0,0,0,0,0,0
0,0,0,0,0,0,0,0,0,0
0,0,0,0,0,0,0,0,0,0
0,0,0,0,0,0,0,0,0,0
0,0,0,0,0,0,0,0,0,0
0,0,0,0,0,0,0,0,0,0
0,0,0,0,0,0,0,0,0,0
0,0,0,0,0,0,0,0,0,0
0,0,0,0,0,0,0,0,0,0
0,0,0,0,0,0,0,0,0,0
0,0,0,0,0,0,0,0,0,0
0,0,0,0,0,0,0,0,0,0
0,0,0,0,0,0,0,0,0,0
0,0,0,0,0,0,0,0,0,0
0,0,0,0,0,0,0,0,0,0
0,0,0,0,0,0,0,0,0,0
0,0,0,0,0,0,0,0,0,0
0,0,0,0,0,0,0,0,0,0
0,0,0,0,0,0,0,0,0,0
0,0,0,0,0,0,0,0,0,0
0,0,0,0,0,0,0,0,0,0
0,0,0,0,0,0,0,0,0,0
0,0,0,0,0,0,0,0,0,0
0,0,0,0,0,0,0,0,0,0
0,0,0,0,0,0,0,0,0,0
0,0,0,0,0,0,0,0,0,0
0,0,0,0,0,0,0,0,0,0
0,0,0,0,0,0,0,0,0,0
0,0,0,0,0,0,0,0,0,0
0,0,0,0,0,0,0,0,0,0
0,0,0,0,0,0,0,0,0,0
0,0,0,0,0,0,0,0,0,0
0,0,0,0,0,0,0,0,0,0
0,0,0,0,0,0,0,0,0,0
0,0,0,0,0,0,0,0,0,0
0,0,0,0,0,0,0,0,0,0
0,0,0,0,0,0,0,0,0,0
0,0,0,0,0,0,0,0,0,0
0,0,0,0,0,0,0,0,0,0
0,0,0,0,0,0,0,0,0,0
0,0,0,0,0,0,0,0,0,0
0,0,0,0,0,0,0,0,0,0
0,0,0,0,0,0,0,0,0,0
0,0,0,0,0,0,0,0,0,0
0,0,0,0,0,0,0,0,0,0
0,0,0,0,0,0,0,0,0,0
0,0,0,0,0,0,0,0,0,0
0,0,0,0,0,0,0,0,0,0
0,0,0,0,0,0,0,0,0,0
0,0,0,0,0,0,0,0,0,0
0,0,0,0,0,0,0,0,0,0
0,0,0,0,0,0,0,0,0,0
0,0,0,0,0,0,0,0,0,0
0,0,0,0,0,0,0,0,0,0
0,0,0,0,0,0,0,0,0,0
0,0,0,0,0,0,0,0,0,0
0,0,0,0,0,0,0,0,0,0
0,0,0,0,0,0,0,0,0,0
0,0,0,0,0,0,0,0,0,0
0,0,0,0,0,0,0,0,0,0
0,0,0,0,0,0,0,0,0,0
0,0,0,0,0,0,0,0,0,0
0,0,0,0,0,0,0,0,0,0
0,0,0,0,0,0,0,0,0,0
0,0,0,0,0,0,0,0,0,0
0,0,0,0,0,0,0,0,0,0
0,0,0,0,0,0,0,0,0,0
0,0,0,0,0,0,0,0,0,0
0,0,0,0,0,0,0,0,0,0
0,0,0,0,0,0,0,0,0,0
0,0,0,0,0,0,0,0,0,0
0,0,0,0,0,0,0,0,0,0
0,0,0,0,0,0,0,0,0,0
0,0,0,0,0,0,0,0,0,0
0,0,0,0,0,0,0,0,0,0
0,0,0,0,0,0,0,0,0,0
0,0,0,0,0,0,0,0,0,0
0,0,0,0,0,0,0,0,0,0
0,0,0,0,0,0,0,0,0,0
0,0,0,0,0,0,0,0,0,0
0,0,0,0,0,0,0,0,0,0
0,0,0,0,0,0,0,0,0,0
0,0,0,0,0,0,0,0,0,0
0,0,0,0,0,0,0,0,0,0
0,0,0,0,0,0,0,0,0,0
0,0,0,0,0,0,0,0,0,0
0,0,0,0,0,0,0,0,0,0
0,0,0,0,0,0,0,0,0,0
0,0,0,0,0,0,0,0,0,0
0,0,0,0,0,0,0,0,0,0
0,0,0,0,0,0,0,0,0,0
0,0,0,0,0,0,0,0,0,0
0,0,0,0,0,0,0,0,0,0
0,0,0,0,0,0,0,0,0,0
0,0,0,0,0,0,0,0,0,0
0,0,0,0,0,0,0,0,0,0
0,0,0,0,0,0,0,0,0,0
0,0,0,0,0,0,0,0,0,0
0,0,0,0,0,0,0,0,0,0
0,0,0,0,0,0,0,0,0,0
0,0,0,0,0,0,0,0,0,0
0,0,0,0,0,0,0,0,0,0
0,0,0,0,0,0,0,0,0,0
0,0,0,0,0,0,0,0,0,0
0,0,0,0,0,0,0,0,0,0
0,0,0,0,0,0,0,0,0,0
0,0,0,0,0,0,0,0,0,0
0,0,0,0,0,0,0,0,0,0
0,0,0,0,0,0,0,0,0,0
0,0,0,0,0,0,0,0,0,0
0,0,0,0,0,0,0,0,0,0
0,0,0,0,0,0,0,0,0,0
0,0,0,0,0,0,0,0,0,0
0,0,0,0,0,0,0,0,0,0
0,0,0,0,0,0,0,0,0,0
0,0,0,0,0,0,0,0,0,0
0,0,0,0,0,0,0,0,0,0
0,0,0,0,0,0,0,0,0,0
0,0,0,0,0,0,0,0,0,0
0,0,0,0,0,0,0,0,0,0
0,0,0,0,0,0,0,0,0,0
0,0,0,0,0,0,0,0,0,0
0,0,0,0,0,0,0,0,0,0
0,0,0,0,0,0,0,0,0,0
0,0,0,0,0,0,0,0,0,0
0,0,0,0,0,0,0,0,0,0
0,0,0,0,0,0,0,0,0,0
0,0,0,0,0,0,0,0,0,0
0,0,0,0,0,0,0,0,0,0
0,0,0,0,0,0,0,0,0,0
0,0,0,0,0,0,0,0,0,0
0,0,0,0,0,0,0,0,0,0
0,0,0,0,0,0,0,0,0,0
0,0,0,0,0,0,0,0,0,0
0,0,0,0,0,0,0,0,0,0
0,0,0,0,0,0,0,0,0,0
0,0,0,0,0,0,0,0,0,0
0,0,0,0,0,0,0,0,0,0
0,0,0,0,0,0,0,0,0,0
0,0,0,0,0,0,0,0,0,0
0,0,0,0,0,0,0,0,0,0
0,0,0,0,0,0,0,0,0,0
0,0,0,0,0,0,0,0,0,0
0,0,0,0,0,0,0,0,0,0
0,0,0,0,0,0,0,0,0,0
0,0,0,0,0,0,0,0,0,0
0,0,0,0,0,0,0,0,0,0
0,0,0,0,0,0,0,0,0,0
0,0,0,0,0,0,0,0,0,0
0,0,0,0,0,0,0,0,0,0
0,0,0,0,0,0,0,0,0,0
0,0,0,0,0,0,0,0,0,0
0,0,0,0,0,0,0,0,0,0
0,0,0,0,0,0,0,0,0,0
0,0,0,0,0,0,0,0,0,0
0,0,0,0,0,0,0,0,0,0
0,0,0,0,0,0,0,0,0,0
0,0,0,0,0,0,0,0,0,0
0,0,0,0,0,0,0,0,0,0
0,0,0,0,0,0,0,0,0,0
0,0,0,0,0,0,0,0,0,0
0,0,0,0,0,0,0,0,0,0
0,0,0,0,0,0,0,0,0,0
0,0,0,0,0,0,0,0,0,0
0,0,0,0,0,0,0,0,0,0
0,0,0,0,0,0,0,0,0,0
0,0,0,0,0,0,0,0,0,0
0,0,0,0,0,0,0,0,0,0
0,0,0,0,0,0,0,0,0,0
0,0,0,0,0,0,0,0,0,0
0,0,0,0,0,0,0,0,0,0
0,0,0,0,0,0,0,0,0,0
0,0,0,0,0,0,0,0,0,0
0,0,0,0,0,0,0,0,0,0
0,0,0,0,0,0,0,0,0,0
0,0,0,0,0,0,0,0,0,0
0,0,0,0,0,0,0,0,0,0
0,0,0,0,0,0,0,0,0,0
0,0,0,0,0,0,0,0,0,0
0,0,0,0,0,0,0,0,0,0
0,0,0,0,0,0,0,0,0,0
0,0,0,0,0,0,0,0,0,0
0,0,0,0,0,0,0,0,0,0
0,0,0,0,0,0,0,0,0,0
0,0,0,0,0,0,0,0,0,0
0,0,0,0,0,0,0,0,0,0
0,0,0,0,0,0,0,0,0,0
0,0,0,0,0,0,0,0,0,0
0,0,0,0,0,0,0,0,0,0
0,0,0,0,0,0,0,0,0,0
0,0,0,0,0,0,0,0,0,0
0,0,0,0,0,0,0,0,0,0
0,0,0,0,0,0,0,0,0,0
0,0,0,0,0,0,0,0,0,0
0,0,0,0,0,0,0,0,0,0
0,0,0,0,0,0,0,0,0,0
0,0,0,0,0,0,0,0,0,0
0,0,0,0,0,0,0,0,0,0
0,0,0,0,0,0,0,0,0,0
0,0,0,0,0,0,0,0,0,0
0,0,0,0,0,0,0,0,0,0
0,0,0,0,0,0,0,0,0,0
0,0,0,0,0,0,0,0,0,0
0,0,0,0,0,0,0,0,0,0
0,0,0,0,0,0,0,0,0,0
0,0,0,0,0,0,0,0,0,0
0,0,0,0,0,0,0,0,0,0
0,0,0,0,0,0,0,0,0,0
0,0,0,0,0,0,0,0,0,0
0,0,0,0,0,0,0,0,0,0
0,0,0,0,0,0,0,0,0,0
0,0,0,0,0,0,0,0,0,0
0,0,0,0,0,0,0,0,0,0
0,0,0,0,0,0,0,0,0,0
0,0,0,0,0,0,0,0,0,0
0,0,0,0,0,0,0,0,0,0
0,0,0,0,0,0,0,0,0,0
0,0,0,0,0,0,0,0,0,0
0,0,0,0,0,0,0,0,0,0
0,0,0,0,0,0,0,0,0,0
0,0,0,0,0,0,0,0,0,0
0,0,0,0,0,0,0,0,0,0
0,0,0,0,0,0,0,0,0,0
0,0,0,0,0,0,0,0,0,0
0,0,0,0,0,0,0,0,0,0
0,0,0,0,0,0,0,0,0,0
0,0,0,0,0,0,0,0,0,0
0,0,0,0,0,0,0,0,0,0
0,0,0,0,0,0,0,0,0,0
0,0,0,0,0,0,0,0,0,0
0,0,0,0,0,0,0,0,0,0
0,0,0,0,0,0,0,0,0,0
0,0,0,0,0,0,0,0,0,0
0,0,0,0,0,0,0,0,0,0
0,0,0,0,0,0,0,0,0,0
0,0,0,0,0,0,0,0,0,0
0,0,0,0,0,0,0,0,0,0
0,0,0,0,0,0,0,0,0,0
0,0,0,0,0,0,0,0,0,0
0,0,0,0,0,0,0,0,0,0
0,0,0,0,0,0,0,0,0,0
0,0,0,0,0,0,0,0,0,0
0,0,0,0,0,0,0,0,0,0
0,0,0,0,0,0,0,0,0,0
0,0,0,0,0,0,0,0,0,0
0,0,0,0,0,0,0,0,0,0
0,0,0,0,0,0,0,0,0,0
0,0,0,0,0,0,0,0,0,0
0,0,0,0,0,0,0,0,0,0
0,0,0,0,0,0,0,0,0,0
0,0,0,0,0,0,0,0,0,0
0,0,0,0,0,0,0,0,0,0
0,0,0,0,0,0,0,0,0,0
0,0,0,0,0,0,0,0,0,0
0,0,0,0,0,0,0,0,0,0
0,0,0,0,0,0,0,0,0,0
0,0,0,0,0,0,0,0,0,0
0,0,0,0,0,0,0,0,0,0
0,0,0,0,0,0,0,0,0,0
0,0,0,0,0,0,0,0,0,0
0,0,0,0,0,0,0,0,0,0
0,0,0,0,0,0,0,0,0,0
0,0,0,0,0,0,0,0,0,0
0,0,0,0,0,0,0,0,0,0
0,0,0,0,0,0,0,0,0,0
0,0,0,0,0,0,0,0,0,0
0,0,0,0,0,0,0,0,0,0
0,0,0,0,0,0,0,0,0,0
0,0,0,0,0,0,0,0,0,0
0,0,0,0,0,0,0,0,0,0
0,0,0,0,0,0,0,0,0,0
0,0,0,0,0,0,0,0,0,0
0,0,0,0,0,0,0,0,0,0
0,0,0,0,0,0,0,0,0,0
0,0,0,0,0,0,0,0,0,0
0,0,0,0,0,0,0,0,0,0
0,0,0,0,0,0,0,0,0,0
0,0,0,0,0,0,0,0,0,0
0,0,0,0,0,0,0,0,0,0
0,0,0,0,0,0,0,0,0,0
0,0,0,0,0,0,0,0,0,0
0,0,0,0,0,0,0,0,0,0
0,0,0,0,0,0,0,0,0,0
0,0,0,0,0,0,0,0,0,0
0,0,0,0,0,0,0,0,0,0
0,0,0,0,0,0,0,0,0,0
0,0,0,0,0,0,0,0,0,0
0,0,0,0,0,0,0,0,0,0
0,0,0,0,0,0,0,0,0,0
0,0,0,0,0,0,0,0,0,0
0,0,0,0,0,0,0,0,0,0
0,0,0,0,0,0,0,0,0,0
0,0,0,0,0,0,0,0,0,0
0,0,0,0,0,0,0,0,0,0
0,0,0,0,0,0,0,0,0,0
0,0,0,0,0,0,0,0,0,0
0,0,0,0,0,0,0,0,0,0
0,0,0,0,0,0,0,0,0,0
0,0,0,0,0,0,0,0,0,0
0,0,0,0,0,0,0,0,0,0
0,0,0,0,0,0,0,0,0,0
0,0,0,0,0,0,0,0,0,0
0,0,0,0,0,0,0,0,0,0
0,0,0,0,0,0,0,0,0,0
0,0,0,0,0,0,0,0,0,0
0,0,0,0,0,0,0,0,0,0
0,0,0,0,0,0,0,0,0,0
0,0,0,0,0,0,0,0,0,0
0,0,0,0,0,0,0,0,0,0
0,0,0,0,0,0,0,0,0,0
0,0,0,0,0,0,0,0,0,0
0,0,0,0,0,0,0,0,0,0
0,0,0,0,0,0,0,0,0,0
0,0,0,0,0,0,0,0,0,0
0,0,0,0,0,0,0,0,0,0
0,0,0,0,0,0,0,0,0,0
0,0,0,0,0,0,0,0,0,0
0,0,0,0,0,0,0,0,0,0
0,0,0,0,0,0,0,0,0,0
0,0,0,0,0,0,0,0,0,0
0,0,0,0,0,0,0,0,0,0
0,0,0,0,0,0,0,0,0,0
0,0,0,0,0,0,0,0,0,0
0,0,0,0,0,0,0,0,0,0
0,0,0,0,0,0,0,0,0,0
0,0,0,0,0,0,0,0,0,0
0,0,0,0,0,0,0,0,0,0
0,0,0,0,0,0,0,0,0,0
0,0,0,0,0,0,0,0,0,0
0,0,0,0,0,0,0,0,0,0
0,0,0,0,0,0,0,0,0,0
0,0,0,0,0,0,0,0,0,0
0,0,0,0,0,0,0,0,0,0
0,0,0,0,0,0,0,0,0,0
0,0,0,0,0,0,0,0,0,0
0,0,0,0,0,0,0,0,0,0
0,0,0,0,0,0,0,0,0,0
0,0,0,0,0,0,0,0,0,0
0,0,0,0,0,0,0,0,0,0
0,0,0,0,0,0,0,0,0,0
0,0,0,0,0,0,0,0,0,0
0,0,0,0,0,0,0,0,0,0
0,0,0,0,0,0,0,0,0,0
0,0,0,0,0,0,0,0,0,0
0,0,0,0,0,0,0,0,0,0
0,0,0,0,0,0,0,0,0,0
0,0,0,0,0,0,0,0,0,0
0,0,0,0,0,0,0,0,0,0
0,0,0,0,0,0,0,0,0,0
0,0,0,0,0,0,0,0,0,0
0,0,0,0,0,0,0,0,0,0
0,0,0,0,0,0,0,0,0,0
0,0,0,0,0,0,0,0,0,0
0,0,0,0,0,0,0,0,0,0
0,0,0,0,0,0,0,0,0,0
0,0,0,0,0,0,0,0,0,0
0,0,0,0,0,0,0,0,0,0
0,0,0,0,0,0,0,0,0,0
0,0,0,0,0,0,0,0,0,0
0,0,0,0,0,0,0,0,0,0
0,0,0,0,0,0,0,0,0,0
0,0,0,0,0,0,0,0,0,0
0,0,0,0,0,0,0,0,0,0
0,0,0,0,0,0,0,0,0,0
0,0,0,0,0,0,0,0,0,0
0,0,0,0,0,0,0,0,0,0
0,0,0,0,0,0,0,0,0,0
0,0,0,0,0,0,0,0,0,0
0,0,0,0,0,0,0,0,0,0
0,0,0,0,0,0,0,0,0,0
0,0,0,0,0,0,0,0,0,0
0,0,0,0,0,0,0,0,0,0
0,0,0,0,0,0,0,0,0,0
0,0,0,0,0,0,0,0,0,0
0,0,0,0,0,0,0,0,0,0
0,0,0,0,0,0,0,0,0,0
0,0,0,0,0,0,0,0,0,0
0,0,0,0,0,0,0,0,0,0
0,0,0,0,0,0,0,0,0,0
0,0,0,0,0,0,0,0,0,0
0,0,0,0,0,0,0,0,0,0
0,0,0,0,0,0,0,0,0,0
0,0,0,0,0,0,0,0,0,0
0,0,0,0,0,0,0,0,0,0
0,0,0,0,0,0,0,0,0,0
0,0,0,0,0,0,0,0,0,0
0,0,0,0,0,0,0,0,0,0
0,0,0,0,0,0,0,0,0,0
0,0,0,0,0,0,0,0,0,0
0,0,0,0,0,0,0,0,0,0
0,0,0,0,0,0,0,0,0,0
0,0,0,0,0,0,0,0,0,0
0,0,0,0,0,0,0,0,0,0
0,0,0,0,0,0,0,0,0,0
0,0,0,0,0,0,0,0,0,0
0,0,0,0,0,0,0,0,0,0
0,0,0,0,0,0,0,0,0,0
0,0,0,0,0,0,0,0,0,0
0,0,0,0,0,0,0,0,0,0
0,0,0,0,0,0,0,0,0,0
0,0,0,0,0,0,0,0,0,0
0,0,0,0,0,0,0,0,0,0
0,0,0,0,0,0,0,0,0,0
0,0,0,0,0,0,0,0,0,0
0,0,0,0,0,0,0,0,0,0
0,0,0,0,0,0,0,0,0,0
0,0,0,0,0,0,0,0,0,0
0,0,0,0,0,0,0,0,0,0
0,0,0,0,0,0,0,0,0,0
0,0,0,0,0,0,0,0,0,0
0,0,0,0,0,0,0,0,0,0
0,0,0,0,0,0,0,0,0,0
0,0,0,0,0,0,0,0,0,0
0,0,0,0,0,0,0,0,0,0
0,0,0,0,0,0,0,0,0,0
0,0,0,0,0,0,0,0,0,0
0,0,0,0,0,0,0,0,0,0
0,0,0,0,0,0,0,0,0,0
0,0,0,0,0,0,0,0,0,0
0,0,0,0,0,0,0,0,0,0
0,0,0,0,0,0,0,0,0,0
0,0,0,0,0,0,0,0,0,0
0,0,0,0,0,0,0,0,0,0
0,0,0,0,0,0,0,0,0,0
0,0,0,0,0,0,0,0,0,0
0,0,0,0,0,0,0,0,0,0
0,0,0,0,0,0,0,0,0,0
0,0,0,0,0,0,0,0,0,0
0,0,0,0,0,0,0,0,0,0
0,0,0,0,0,0,0,0,0,0
0,0,0,0,0,0,0,0,0,0
0,0,0,0,0,0,0,0,0,0
0,0,0,0,0,0,0,0,0,0
0,0,0,0,0,0,0,0,0,0
0,0,0,0,0,0,0,0,0,0
0,0,0,0,0,0,0,0,0,0
0,0,0,0,0,0,0,0,0,0
0,0,0,0,0,0,0,0,0,0
0,0,0,0,0,0,0,0,0,0
0,0,0,0,0,0,0,0,0,0
0,0,0,0,0,0,0,0,0,0
0,0,0,0,0,0,0,0,0,0
0,0,0,0,0,0,0,0,0,0
0,0,0,0,0,0,0,0,0,0
0,0,0,0,0,0,0,0,0,0
0,0,0,0,0,0,0,0,0,0
0,0,0,0,0,0,0,0,0,0
0,0,0,0,0,0,0,0,0,0
0,0,0,0,0,0,0,0,0,0
0,0,0,0,0,0,0,0,0,0
0,0,0,0,0,0,0,0,0,0
0,0,0,0,0,0,0,0,0,0
0,0,0,0,0,0,0,0,0,0
0,0,0,0,0,0,0,0,0,0
0,0,0,0,0,0,0,0,0,0
0,0,0,0,0,0,0,0,0,0
0,0,0,0,0,0,0,0,0,0
0,0,0,0,0,0,0,0,0,0
0,0,0,0,0,0,0,0,0,0
0,0,0,0,0,0,0,0,0,0
0,0,0,0,0,0,0,0,0,0
0,0,0,0,0,0,0,0,0,0
0,0,0,0,0,0,0,0,0,0
0,0,0,0,0,0,0,0,0,0
0,0,0,0,0,0,0,0,0,0
0,0,0,0,0,0,0,0,0,0
0,0,0,0,0,0,0,0,0,0
0,0,0,0,0,0,0,0,0,0
0,0,0,0,0,0,0,0,0,0
0,0,0,0,0,0,0,0,0,0
0,0,0,0,0,0,0,0,0,0
0,0,0,0,0,0,0,0,0,0
0,0,0,0,0,0,0,0,0,0
0,0,0,0,0,0,0,0,0,0
0,0,0,0,0,0,0,0,0,0
0,0,0,0,0,0,0,0,0,0
0,0,0,0,0,0,0,0,0,0
0,0,0,0,0,0,0,0,0,0
0,0,0,0,0,0,0,0,0,0
0,0,0,0,0,0,0,0,0,0
0,0,0,0,0,0,0,0,0,0
0,0,0,0,0,0,0,0,0,0
0,0,0,0,0,0,0,0,0,0
0,0,0,0,0,0,0,0,0,0
0,0,0,0,0,0,0,0,0,0
0,0,0,0,0,0,0,0,0,0
0,0,0,0,0,0,0,0,0,0
0,0,0,0,0,0,0,0,0,0
0,0,0,0,0,0,0,0,0,0
0,0,0,0,0,0,0,0,0,0
0,0,0,0,0,0,0,0,0,0
0,0,0,0,0,0,0,0,0,0
0,0,0,0,0,0,0,0,0,0
0,0,0,0,0,0,0,0,0,0
0,0,0,0,0,0,0,0,0,0
0,0,0,0,0,0,0,0,0,0
0,0,0,0,0,0,0,0,0,0
0,0,0,0,0,0,0,0,0,0
0,0,0,0,0,0,0,0,0,0
0,0,0,0,0,0,0,0,0,0
0,0,0,0,0,0,0,0,0,0
0,0,0,0,0,0,0,0,0,0
0,0,0,0,0,0,0,0,0,0
0,0,0,0,0,0,0,0,0,0
0,0,0,0,0,0,0,0,0,0
0,0,0,0,0,0,0,0,0,0
0,0,0,0,0,0,0,0,0,0
0,0,0,0,0,0,0,0,0,0
0,0,0,0,0,0,0,0,0,0
0,0,0,0,0,0,0,0,0,0
0,0,0,0,0,0,0,0,0,0
0,0,0,0,0,0,0,0,0,0
0,0,0,0,0,0,0,0,0,0
0,0,0,0,0,0,0,0,0,0
0,0,0,0,0,0,0,0,0,0
0,0,0,0,0,0,0,0,0,0
0,0,0,0,0,0,0,0,0,0
0,0,0,0,0,0,0,0,0,0
0,0,0,0,0,0,0,0,0,0
0,0,0,0,0,0,0,0,0,0
0,0,0,0,0,0,0,0,0,0
0,0,0,0,0,0,0,0,0,0
0,0,0,0,0,0,0,0,0,0
0,0,0,0,0,0,0,0,0,0
0,0,0,0,0,0,0,0,0,0
0,0,0,0,0,0,0,0,0,0
0,0,0,0,0,0,0,0,0,0
0,0,0,0,0,0,0,0,0,0
0,0,0,0,0,0,0,0,0,0
0,0,0,0,0,0,0,0,0,0
0,0,0,0,0,0,0,0,0,0
0,0,0,0,0,0,0,0,0,0
0,0,0,0,0,0,0,0,0,0
0,0,0,0,0,0,0,0,0,0
0,0,0,0,0,0,0,0,0,0
0,0,0,0,0,0,0,0,0,0
0,0,0,0,0,0,0,0,0,0
0,0,0,0,0,0,0,0,0,0
0,0,0,0,0,0,0,0,0,0
0,0,0,0,0,0,0,0,0,0
0,0,0,0,0,0,0,0,0,0
0,0,0,0,0,0,0,0,0,0
0,0,0,0,0,0,0,0,0,0
0,0,0,0,0,0,0,0,0,0
0,0,0,0,0,0,0,0,0,0
0,0,0,0,0,0,0,0,0,0
0,0,0,0,0,0,0,0,0,0
0,0,0,0,0,0,0,0,0,0
0,0,0,0,0,0,0,0,0,0
0,0,0,0,0,0,0,0,0,0
0,0,0,0,0,0,0,0,0,0
0,0,0,0,0,0,0,0,0,0
0,0,0,0,0,0,0,0,0,0
0,0,0,0,0,0,0,0,0,0
0,0,0,0,0,0,0,0,0,0
0,0,0,0,0,0,0,0,0,0
0,0,0,0,0,0,0,0,0,0
0,0,0,0,0,0,0,0,0,0
0,0,0,0,0,0,0,0,0,0
0,0,0,0,0,0,0,0,0,0
0,0,0,0,0,0,0,0,0,0
0,0,0,0,0,0,0,0,0,0
0,0,0,0,0,0,0,0,0,0
0,0,0,0,0,0,0,0,0,0
0,0,0,0,0,0,0,0,0,0
0,0,0,0,0,0,0,0,0,0
0,0,0,0,0,0,0,0,0,0
0,0,0,0,0,0,0,0,0,0
0,0,0,0,0,0,0,0,0,0
0,0,0,0,0,0,0,0,0,0
0,0,0,0,0,0,0,0,0,0
0,0,0,0,0,0,0,0,0,0
0,0,0,0,0,0,0,0,0,0
0,0,0,0,0,0,0,0,0,0
0,0,0,0,0,0,0,0,0,0
0,0,0,0,0,0,0,0,0,0
0,0,0,0,0,0,0,0,0,0
0,0,0,0,0,0,0,0,0,0
0,0,0,0,0,0,0,0,0,0
0,0,0,0,0,0,0,0,0,0
0,0,0,0,0,0,0,0,0,0
0,0,0,0,0,0,0,0,0,0
0,0,0,0,0,0,0,0,0,0
0,0,0,0,0,0,0,0,0,0
0,0,0,0,0,0,0,0,0,0
0,0,0,0,0,0,0,0,0,0
0,0,0,0,0,0,0,0,0,0
0,0,0,0,0,0,0,0,0,0
0,0,0,0,0,0,0,0,0,0
0,0,0,0,0,0,0,0,0,0
0,0,0,0,0,0,0,0,0,0
0,0,0,0,0,0,0,0,0,0
0,0,0,0,0,0,0,0,0,0
0,0,0,0,0,0,0,0,0,0
0,0,0,0,0,0,0,0,0,0
0,0,0,0,0,0,0,0,0,0
0,0,0,0,0,0,0,0,0,0
0,0,0,0,0,0,0,0,0,0
0,0,0,0,0,0,0,0,0,0
0,0,0,0,0,0,0,0,0,0
0,0,0,0,0,0,0,0,0,0
0,0,0,0,0,0,0,0,0,0
0,0,0,0,0,0,0,0,0,0
0,0,0,0,0,0,0,0,0,0
0,0,0,0,0,0,0,0,0,0
0,0,0,0,0,0,0,0,0,0
0,0,0,0,0,0,0,0,0,0
0,0,0,0,0,0,0,0,0,0
0,0,0,0,0,0,0,0,0,0
0,0,0,0,0,0,0,0,0,0
0,0,0,0,0,0,0,0,0,0
0,0,0,0,0,0,0,0,0,0
0,0,0,0,0,0,0,0,0,0
0,0,0,0,0,0,0,0,0,0
0,0,0,0,0,0,0,0,0,0
0,0,0,0,0,0,0,0,0,0
0,0,0,0,0,0,0,0,0,0
0,0,0,0,0,0,0,0,0,0
0,0,0,0,0,0,0,0,0,0
0,0,0,0,0,0,0,0,0,0
0,0,0,0,0,0,0,0,0,0
0,0,0,0,0,0,0,0,0,0
0,0,0,0,0,0,0,0,0,0
0,0,0,0,0,0,0,0,0,0
0,0,0,0,0,0,0,0,0,0
0,0,0,0,0,0,0,0,0,0
0,0,0,0,0,0,0,0,0,0
0,0,0,0,0,0,0,0,0,0
0,0,0,0,0,0,0,0,0,0
0,0,0,0,0,0,0,0,0,0
0,0,0,0,0,0,0,0,0,0
0,0,0,0,0,0,0,0,0,0
0,0,0,0,0,0,0,0,0,0
0,0,0,0,0,0,0,0,0,0
0,0,0,0,0,0,0,0,0,0
0,0,0,0,0,0,0,0,0,0
0,0,0,0,0,0,0,0,0,0
0,0,0,0,0,0,0,0,0,0
0,0,0,0,0,0,0,0,0,0
0,0,0,0,0,0,0,0,0,0
0,0,0,0,0,0,0,0,0,0
0,0,0,0,0,0,0,0,0,0
0,0,0,0,0,0,0,0,0,0
0,0,0,0,0,0,0,0,0,0
0,0,0,0,0,0,0,0,0,0
0,0,0,0,0,0,0,0,0,0
0,0,0,0,0,0,0,0,0,0
0,0,0,0,0,0,0,0,0,0
0,0,0,0,0,0,0,0,0,0
0,0,0,0,0,0,0,0,0,0
0,0,0,0,0,0,0,0,0,0
0,0,0,0,0,0,0,0,0,0
0,0,0,0,0,0,0,0,0,0
0,0,0,0,0,0,0,0,0,0
0,0,0,0,0,0,0,0,0,0
0,0,0,0,0,0,0,0,0,0
0,0,0,0,0,0,0,0,0,0
0,0,0,0,0,0,0,0,0,0
0,0,0,0,0,0,0,0,0,0
0,0,0,0,0,0,0,0,0,0
0,0,0,0,0,0,0,0,0,0
0,0,0,0,0,0,0,0,0,0
0,0,0,0,0,0,0,0,0,0
0,0,0,0,0,0,0,0,0,0
0,0,0,0,0,0,0,0,0,0
0,0,0,0,0,0,0,0,0,0
0,0,0,0,0,0,0,0,0,0
0,0,0,0,0,0,0,0,0,0
0,0,0,0,0,0,0,0,0,0
0,0,0,0,0,0,0,0,0,0
0,0,0,0,0,0,0,0,0,0
0,0,0,0,0,0,0,0,0,0
0,0,0,0,0,0,0,0,0,0
0,0,0,0,0,0,0,0,0,0
0,0,0,0,0,0,0,0,0,0
0,0,0,0,0,0,0,0,0,0
0,0,0,0,0,0,0,0,0,0
0,0,0,0,0,0,0,0,0,0
0,0,0,0,0,0,0,0,0,0
0,0,0,0,0,0,0,0,0,0
0,0,0,0,0,0,0,0,0,0
0,0,0,0,0,0,0,0,0,0
0,0,0,0,0,0,0,0,0,0
0,0,0,0,0,0,0,0,0,0
0,0,0,0,0,0,0,0,0,0
0,0,0,0,0,0,0,0,0,0
0,0,0,0,0,0,0,0,0,0
0,0,0,0,0,0,0,0,0,0
0,0,0,0,0,0,0,0,0,0
0,0,0,0,0,0,0,0,0,0
0,0,0,0,0,0,0,0,0,0
0,0,0,0,0,0,0,0,0,0
0,0,0,0,0,0,0,0,0,0
0,0,0,0,0,0,0,0,0,0
0,0,0,0,0,0,0,0,0,0
0,0,0,0,0,0,0,0,0,0
0,0,0,0,0,0,0,0,0,0
0,0,0,0,0,0,0,0,0,0
0,0,0,0,0,0,0,0,0,0
0,0,0,0,0,0,0,0,0,0
0,0,0,0,0,0,0,0,0,0
0,0,0,0,0,0,0,0,0,0
0,0,0,0,0,0,0,0,0,0
0,0,0,0,0,0,0,0,0,0
0,0,0,0,0,0,0,0,0,0
0,0,0,0,0,0,0,0,0,0
0,0,0,0,0,0,0,0,0,0
0,0,0,0,0,0,0,0,0,0
0,0,0,0,0,0,0,0,0,0
0,0,0,0,0,0,0,0,0,0
0,0,0,0,0,0,0,0,0,0
0,0,0,0,0,0,0,0,0,0
0,0,0,0,0,0,0,0,0,0
0,0,0,0,0,0,0,0,0,0
0,0,0,0,0,0,0,0,0,0
0,0,0,0,0,0,0,0,0,0
0,0,0,0,0,0,0,0,0,0
0,0,0,0,0,0,0,0,0,0
0,0,0,0,0,0,0,0,0,0
0,0,0,0,0,0,0,0,0,0
0,0,0,0,0,0,0,0,0,0
0,0,0,0,0,0,0,0,0,0
0,0,0,0,0,0,0,0,0,0
0,0,0,0,0,0,0,0,0,0
0,0,0,0,0,0,0,0,0,0
0,0,0,0,0,0,0,0,0,0
0,0,0,0,0,0,0,0,0,0
0,0,0,0,0,0,0,0,0,0
0,0,0,0,0,0,0,0,0,0
0,0,0,0,0,0,0,0,0,0
0,0,0,0,0,0,0,0,0,0
0,0,0,0,0,0,0,0,0,0
0,0,0,0,0,0,0,0,0,0
0,0,0,0,0,0,0,0,0,0
0,0,0,0,0,0,0,0,0,0
0,0,0,0,0,0,0,0,0,0
0,0,0,0,0,0,0,0,0,0
0,0,0,0,0,0,0,0,0,0
0,0,0,0,0,0,0,0,0,0
0,0,0,0,0,0,0,0,0,0
0,0,0,0,0,0,0,0,0,0
0,0,0,0,0,0,0,0,0,0
0,0,0,0,0,0,0,0,0,0
0,0,0,0,0,0,0,0,0,0
0,0,0,0,0,0,0,0,0,0
0,0,0,0,0,0,0,0,0,0
0,0,0,0,0,0,0,0,0,0
0,0,0,0,0,0,0,0,0,0
0,0,0,0,0,0,0,0,0,0
0,0,0,0,0,0,0,0,0,0
0,0,0,0,0,0,0,0,0,0
0,0,0,0,0,0,0,0,0,0
0,0,0,0,0,0,0,0,0,0
0,0,0,0,0,0,0,0,0,0
0,0,0,0,0,0,0,0,0,0
0,0,0,0,0,0,0,0,0,0
0,0,0,0,0,0,0,0,0,0
0,0,0,0,0,0,0,0,0,0
0,0,0,0,0,0,0,0,0,0
0,0,0,0,0,0,0,0,0,0
0,0,0,0,0,0,0,0,0,0
0,0,0,0,0,0,0,0,0,0
0,0,0,0,0,0,0,0,0,0
0,0,0,0,0,0,0,0,0,0
0,0,0,0,0,0,0,0,0,0
0,0,0,0,0,0,0,0,0,0
0,0,0,0,0,0,0,0,0,0
0,0,0,0,0,0,0,0,0,0
0,0,0,0,0,0,0,0,0,0
0,0,0,0,0,0,0,0,0,0
0,0,0,0,0,0,0,0,0,0
0,0,0,0,0,0,0,0,0,0
0,0,0,0,0,0,0,0,0,0
0,0,0,0,0,0,0,0,0,0
0,0,0,0,0,0,0,0,0,0
0,0,0,0,0,0,0,0,0,0
0,0,0,0,0,0,0,0,0,0
0,0,0,0,0,0,0,0,0,0
0,0,0,0,0,0,0,0,0,0
0,0,0,0,0,0,0,0,0,0
0,0,0,0,0,0,0,0,0,0
0,0,0,0,0,0,0,0,0,0
0,0,0,0,0,0,0,0,0,0
0,0,0,0,0,0,0,0,0,0
0,0,0,0,0,0,0,0,0,0
0,0,0,0,0,0,0,0,0,0
0,0,0,0,0,0,0,0,0,0
0,0,0,0,0,0,0,0,0,0
0,0,0,0,0,0,0,0,0,0
0,0,0,0,0,0,0,0,0,0
0,0,0,0,0,0,0,0,0,0
0,0,0,0,0,0,0,0,0,0
0,0,0,0,0,0,0,0,0,0
0,0,0,0,0,0,0,0,0,0
0,0,0,0,0,0,0,0,0,0
0,0,0,0,0,0,0,0,0,0
0,0,0,0,0,0,0,0,0,0
0,0,0,0,0,0,0,0,0,0
0,0,0,0,0,0,0,0,0,0
0,0,0,0,0,0,0,0,0,0
0,0,0,0,0,0,0,0,0,0
0,0,0,0,0,0,0,0,0,0
0,0,0,0,0,0,0,0,0,0
0,0,0,0,0,0,0,0,0,0
0,0,0,0,0,0,0,0,0,0
0,0,0,0,0,0,0,0,0,0
0,0,0,0,0,0,0,0,0,0
0,0,0,0,0,0,0,0,0,0
0,0,0,0,0,0,0,0,0,0
0,0,0,0,0,0,0,0,0,0
0,0,0,0,0,0,0,0,0,0
0,0,0,0,0,0,0,0,0,0
0,0,0,0,0,0,0,0,0,0
0,0,0,0,0,0,0,0,0,0
0,0,0,0,0,0,0,0,0,0
0,0,0,0,0,0,0,0,0,0
0,0,0,0,0,0,0,0,0,0
0,0,0,0,0,0,0,0,0,0
0,0,0,0,0,0,0,0,0,0
0,0,0,0,0,0,0,0,0,0
0,0,0,0,0,0,0,0,0,0
0,0,0,0,0,0,0,0,0,0
0,0,0,0,0,0,0,0,0,0
0,0,0,0,0,0,0,0,0,0
0,0,0,0,0,0,0,0,0,0
0,0,0,0,0,0,0,0,0,0
0,0,0,0,0,0,0,0,0,0
0,0,0,0,0,0,0,0,0,0
0,0,0,0,0,0,0,0,0,0
0,0,0,0,0,0,0,0,0,0
0,0,0,0,0,0,0,0,0,0
0,0,0,0,0,0,0,0,0,0
0,0,0,0,0,0,0,0,0,0
0,0,0,0,0,0,0,0,0,0
0,0,0,0,0,0,0,0,0,0
0,0,0,0,0,0,0,0,0,0
0,0,0,0,0,0,0,0,0,0
0,0,0,0,0,0,0,0,0,0
0,0,0,0,0,0,0,0,0,0
0,0,0,0,0,0,0,0,0,0
0,0,0,0,0,0,0,0,0,0
0,0,0,0,0,0,0,0,0,0
0,0,0,0,0,0,0,0,0,0
0,0,0,0,0,0,0,0,0,0
0,0,0,0,0,0,0,0,0,0
0,0,0,0,0,0,0,0,0,0
0,0,0,0,0,0,0,0,0,0
0,0,0,0,0,0,0,0,0,0
0,0,0,0,0,0,0,0,0,0
0,0,0,0,0,0,0,0,0,0
0,0,0,0,0,0,0,0,0,0
0,0,0,0,0,0,0,0,0,0
0,0,0,0,0,0,0,0,0,0
0,0,0,0,0,0,0,0,0,0
0,0,0,0,0,0,0,0,0,0
0,0,0,0,0,0,0,0,0,0
0,0,0,0,0,0,0,0,0,0
0,0,0,0,0,0,0,0,0,0
0,0,0,0,0,0,0,0,0,0
0,0,0,0,0,0,0,0,0,0
0,0,0,0,0,0,0,0,0,0
0,0,0,0,0,0,0,0,0,0
0,0,0,0,0,0,0,0,0,0
0,0,0,0,0,0,0,0,0,0
0,0,0,0,0,0,0,0,0,0
0,0,0,0,0,0,0,0,0,0
0,0,0,0,0,0,0,0,0,0
0,0,0,0,0,0,0,0,0,0
0,0,0,0,0,0,0,0,0,0
0,0,0,0,0,0,0,0,0,0
0,0,0,0,0,0,0,0,0,0
0,0,0,0,0,0,0,0,0,0
0,0,0,0,0,0,0,0,0,0
0,0,0,0,0,0,0,0,0,0
0,0,0,0,0,0,0,0,0,0
0,0,0,0,0,0,0,0,0,0
0,0,0,0,0,0,0,0,0,0
0,0,0,0,0,0,0,0,0,0
0,0,0,0,0,0,0,0,0,0
0,0,0,0,0,0,0,0,0,0
0,0,0,0,0,0,0,0,0,0
0,0,0,0,0,0,0,0,0,0
0,0,0,0,0,0,0,0,0,0
0,0,0,0,0,0,0,0,0,0
0,0,0,0,0,0,0,0,0,0
0,0,0,0,0,0,0,0,0,0
0,0,0,0,0,0,0,0,0,0
0,0,0,0,0,0,0,0,0,0
0,0,0,0,0,0,0,0,0,0
0,0,0,0,0,0,0,0,0,0
0,0,0,0,0,0,0,0,0,0
0,0,0,0,0,0,0,0,0,0
0,0,0,0,0,0,0,0,0,0
0,0,0,0,0,0,0,0,0,0
0,0,0,0,0,0,0,0,0,0
0,0,0,0,0,0,0,0,0,0
0,0,0,0,0,0,0,0,0,0
0,0,0,0,0,0,0,0,0,0
0,0,0,0,0,0,0,0,0,0
0,0,0,0,0,0,0,0,0,0
0,0,0,0,0,0,0,0,0,0
0,0,0,0,0,0,0,0,0,0
0,0,0,0,0,0,0,0,0,0
0,0,0,0,0,0,0,0,0,0
0,0,0,0,0,0,0,0,0,0
0,0,0,0,0,0,0,0,0,0
0,0,0,0,0,0,0,0,0,0
0,0,0,0,0,0,0,0,0,0
0,0,0,0,0,0,0,0,0,0
0,0,0,0,0,0,0,0,0,0
0,0,0,0,0,0,0,0,0,0
0,0,0,0,0,0,0,0,0,0
0,0,0,0,0,0,0,0,0,0
0,0,0,0,0,0,0,0,0,0
0,0,0,0,0,0,0,0,0,0
0,0,0,0,0,0,0,0,0,0
0,0,0,0,0,0,0,0,0,0
0,0,0,0,0,0,0,0,0,0
0,0,0,0,0,0,0,0,0,0
0,0,0,0,0,0,0,0,0,0
0,0,0,0,0,0,0,0,0,0
0,0,0,0,0,0,0,0,0,0
0,0,0,0,0,0,0,0,0,0
0,0,0,0,0,0,0,0,0,0
0,0,0,0,0,0,0,0,0,0
0,0,0,0,0,0,0,0,0,0
0,0,0,0,0,0,0,0,0,0
0,0,0,0,0,0,0,0,0,0
0,0,0,0,0,0,0,0,0,0
0,0,0,0,0,0,0,0,0,0
0,0,0,0,0,0,0,0,0,0
0,0,0,0,0,0,0,0,0,0
0,0,0,0,0,0,0,0,0,0
0,0,0,0,0,0,0,0,0,0
0,0,0,0,0,0,0,0,0,0
0,0,0,0,0,0,0,0,0,0
0,0,0,0,0,0,0,0,0,0
0,0,0,0,0,0,0,0,0,0
0,0,0,0,0,0,0,0,0,0
0,0,0,0,0,0,0,0,0,0
0,0,0,0,0,0,0,0,0,0
0,0,0,0,0,0,0,0,0,0
0,0,0,0,0,0,0,0,0,0
0,0,0,0,0,0,0,0,0,0
0,0,0,0,0,0,0,0,0,0
0,0,0,0,0,0,0,0,0,0
0,0,0,0,0,0,0,0,0,0
0,0,0,0,0,0,0,0,0,0
0,0,0,0,0,0,0,0,0,0
0,0,0,0,0,0,0,0,0,0
0,0,0,0,0,0,0,0,0,0
0,0,0,0,0,0,0,0,0,0
0,0,0,0,0,0,0,0,0,0
0,0,0,0,0,0,0,0,0,0
0,0,0,0,0,0,0,0,0,0
0,0,0,0,0,0,0,0,0,0
0,0,0,0,0,0,0,0,0,0
0,0,0,0,0,0,0,0,0,0
0,0,0,0,0,0,0,0,0,0
0,0,0,0,0,0,0,0,0,0
0,0,0,0,0,0,0,0,0,0
0,0,0,0,0,0,0,0,0,0
0,0,0,0,0,0,0,0,0,0
0,0,0,0,0,0,0,0,0,0
0,0,0,0,0,0,0,0,0,0
0,0,0,0,0,0,0,0,0,0
0,0,0,0,0,0,0,0,0,0
0,0,0,0,0,0,0,0,0,0
0,0,0,0,0,0,0,0,0,0
0,0,0,0,0,0,0,0,0,0
0,0,0,0,0,0,0,0,0,0
0,0,0,0,0,0,0,0,0,0
0,0,0,0,0,0,0,0,0,0
0,0,0,0,0,0,0,0,0,0
0,0,0,0,0,0,0,0,0,0
0,0,0,0,0,0,0,0,0,0
0,0,0,0,0,0,0,0,0,0
0,0,0,0,0,0,0,0,0,0
0,0,0,0,0,0,0,0,0,0
0,0,0,0,0,0,0,0,0,0
0,0,0,0,0,0,0,0,0,0
0,0,0,0,0,0,0,0,0,0
0,0,0,0,0,0,0,0,0,0
0,0,0,0,0,0,0,0,0,0
0,0,0,0,0,0,0,0,0,0
0,0,0,0,0,0,0,0,0,0
0,0,0,0,0,0,0,0,0,0
0,0,0,0,0,0,0,0,0,0
0,0,0,0,0,0,0,0,0,0
0,0,0,0,0,0,0,0,0,0
0,0,0,0,0,0,0,0,0,0
0,0,0,0,0,0,0,0,0,0
0,0,0,0,0,0,0,0,0,0
0,0,0,0,0,0,0,0,0,0
0,0,0,0,0,0,0,0,0,0
0,0,0,0,0,0,0,0,0,0
0,0,0,0,0,0,0,0,0,0
0,0,0,0,0,0,0,0,0,0
0,0,0,0,0,0,0,0,0,0
0,0,0,0,0,0,0,0,0,0
0,0,0,0,0,0,0,0,0,0
0,0,0,0,0,0,0,0,0,0
0,0,0,0,0,0,0,0,0,0
0,0,0,0,0,0,0,0,0,0
0,0,0,0,0,0,0,0,0,0
0,0,0,0,0,0,0,0,0,0
0,0,0,0,0,0,0,0,0,0
0,0,0,0,0,0,0,0,0,0
0,0,0,0,0,0,0,0,0,0
0,0,0,0,0,0,0,0,0,0
0,0,0,0,0,0,0,0,0,0
0,0,0,0,0,0,0,0,0,0
0,0,0,0,0,0,0,0,0,0
0,0,0,0,0,0,0,0,0,0
0,0,0,0,0,0,0,0,0,0
0,0,0,0,0,0,0,0,0,0
0,0,0,0,0,0,0,0,0,0
0,0,0,0,0,0,0,0,0,0
0,0,0,0,0,0,0,0,0,0
0,0,0,0,0,0,0,0,0,0
0,0,0,0,0,0,0,0,0,0
0,0,0,0,0,0,0,0,0,0
0,0,0,0,0,0,0,0,0,0
0,0,0,0,0,0,0,0,0,0
0,0,0,0,0,0,0,0,0,0
0,0,0,0,0,0,0,0,0,0
0,0,0,0,0,0,0,0,0,0
0,0,0,0,0,0,0,0,0,0
0,0,0,0,0,0,0,0,0,0
0,0,0,0,0,0,0,0,0,0
0,0,0,0,0,0,0,0,0,0
0,0,0,0,0,0,0,0,0,0
0,0,0,0,0,0,0,0,0,0
0,0,0,0,0,0,0,0,0,0
0,0,0,0,0,0,0,0,0,0
0,0,0,0,0,0,0,0,0,0
0,0,0,0,0,0,0,0,0,0
0,0,0,0,0,0,0,0,0,0
0,0,0,0,0,0,0,0,0,0
0,0,0,0,0,0,0,0,0,0
0,0,0,0,0,0,0,0,0,0
0,0,0,0,0,0,0,0,0,0
0,0,0,0,0,0,0,0,0,0
0,0,0,0,0,0,0,0,0,0
0,0,0,0,0,0,0,0,0,0
0,0,0,0,0,0,0,0,0,0
0,0,0,0,0,0,0,0,0,0
0,0,0,0,0,0,0,0,0,0
0,0,0,0,0,0,0,0,0,0
0,0,0,0,0,0,0,0,0,0
0,0,0,0,0,0,0,0,0,0
0,0,0,0,0,0,0,0,0,0
0,0,0,0,0,0,0,0,0,0
0,0,0,0,0,0,0,0,0,0
0,0,0,0,0,0,0,0,0,0
0,0,0,0,0,0,0,0,0,0
0,0,0,0,0,0,0,0,0,0
0,0,0,0,0,0,0,0,0,0
0,0,0,0,0,0,0,0,0,0
0,0,0,0,0,0,0,0,0,0
0,0,0,0,0,0,0,0,0,0
0,0,0,0,0,0,0,0,0,0
0,0,0,0,0,0,0,0,0,0
0,0,0,0,0,0,0,0,0,0
0,0,0,0,0,0,0,0,0,0
0,0,0,0,0,0,0,0,0,0
0,0,0,0,0,0,0,0,0,0
0,0,0,0,0,0,0,0,0,0
0,0,0,0,0,0,0,0,0,0
0,0,0,0,0,0,0,0,0,0
0,0,0,0,0,0,0,0,0,0
0,0,0,0,0,0,0,0,0,0
0,0,0,0,0,0,0,0,0,0
0,0,0,0,0,0,0,0,0,0
0,0,0,0,0,0,0,0,0,0
0,0,0,0,0,0,0,0,0,0
0,0,0,0,0,0,0,0,0,0
0,0,0,0,0,0,0,0,0,0
0,0,0,0,0,0,0,0,0,0
0,0,0,0,0,0,0,0,0,0
0,0,0,0,0,0,0,0,0,0
0,0,0,0,0,0,0,0,0,0
0,0,0,0,0,0,0,0,0,0
0,0,0,0,0,0,0,0,0,0
0,0,0,0,0,0,0,0,0,0
0,0,0,0,0,0,0,0,0,0
0,0,0,0,0,0,0,0,0,0
0,0,0,0,0,0,0,0,0,0
0,0,0,0,0,0,0,0,0,0
0,0,0,0,0,0,0,0,0,0
0,0,0,0,0,0,0,0,0,0
0,0,0,0,0,0,0,0,0,0
0,0,0,0,0,0,0,0,0,0
0,0,0,0,0,0,0,0,0,0
0,0,0,0,0,0,0,0,0,0
0,0,0,0,0,0,0,0,0,0
0,0,0,0,0,0,0,0,0,0
0,0,0,0,0,0,0,0,0,0
0,0,0,0,0,0,0,0,0,0
0,0,0,0,0,0,0,0,0,0
0,0,0,0,0,0,0,0,0,0
0,0,0,0,0,0,0,0,0,0
0,0,0,0,0,0,0,0,0,0
0,0,0,0,0,0,0,0,0,0
0,0,0,0,0,0,0,0,0,0
0,0,0,0,0,0,0,0,0,0
0,0,0,0,0,0,0,0,0,0
0,0,0,0,0,0,0,0,0,0
0,0,0,0,0,0,0,0,0,0
0,0,0,0,0,0,0,0,0,0
0,0,0,0,0,0,0,0,0,0
0,0,0,0,0,0,0,0,0,0
0,0,0,0,0,0,0,0,0,0
0,0,0,0,0,0,0,0,0,0
0,0,0,0,0,0,0,0,0,0
0,0,0,0,0,0,0,0,0,0
0,0,0,0,0,0,0,0,0,0
0,0,0,0,0,0,0,0,0,0
0,0,0,0,0,0,0,0,0,0
0,0,0,0,0,0,0,0,0,0
0,0,0,0,0,0,0,0,0,0
0,0,0,0,0,0,0,0,0,0
0,0,0,0,0,0,0,0,0,0
0,0,0,0,0,0,0,0,0,0
0,0,0,0,0,0,0,0,0,0
0,0,0,0,0,0,0,0,0,0
0,0,0,0,0,0,0,0,0,0
0,0,0,0,0,0,0,0,0,0
0,0,0,0,0,0,0,0,0,0
0,0,0,0,0,0,0,0,0,0
0,0,0,0,0,0,0,0,0,0
0,0,0,0,0,0,0,0,0,0
0,0,0,0,0,0,0,0,0,0
0,0,0,0,0,0,0,0,0,0
0,0,0,0,0,0,0,0,0,0
0,0,0,0,0,0,0,0,0,0
0,0,0,0,0,0,0,0,0,0
0,0,0,0,0,0,0,0,0,0
0,0,0,0,0,0,0,0,0,0
0,0,0,0,0,0,0,0,0,0
0,0,0,0,0,0,0,0,0,0
0,0,0,0,0,0,0,0,0,0
0,0,0,0,0,0,0,0,0,0
0,0,0,0,0,0,0,0,0,0
0,0,0,0,0,0,0,0,0,0
0,0,0,0,0,0,0,0,0,0
0,0,0,0,0,0,0,0,0,0
0,0,0,0,0,0,0,0,0,0
0,0,0,0,0,0,0,0,0,0
0,0,0,0,0,0,0,0,0,0
0,0,0,0,0,0,0,0,0,0
0,0,0,0,0,0,0,0,0,0
0,0,0,0,0,0,0,0,0,0
0,0,0,0,0,0,0,0,0,0
0,0,0,0,0,0,0,0,0,0
0,0,0,0,0,0,0,0,0,0
0,0,0,0,0,0,0,0,0,0
0,0,0,0,0,0,0,0,0,0
0,0,0,0,0,0,0,0,0,0
0,0,0,0,0,0,0,0,0,0
0,0,0,0,0,0,0,0,0,0
0,0,0,0,0,0,0,0,0,0
0,0,0,0,0,0,0,0,0,0
0,0,0,0,0,0,0,0,0,0
0,0,0,0,0,0,0,0,0,0
0,0,0,0,0,0,0,0,0,0
0,0,0,0,0,0,0,0,0,0
0,0,0,0,0,0,0,0,0,0
0,0,0,0,0,0,0,0,0,0
0,0,0,0,0,0,0,0,0,0
0,0,0,0,0,0,0,0,0,0
0,0,0,0,0,0,0,0,0,0
0,0,0,0,0,0,0,0,0,0
0,0,0,0,0,0,0,0,0,0
0,0,0,0,0,0,0,0,0,0
0,0,0,0,0,0,0,0,0,0
0,0,0,0,0,0,0,0,0,0
0,0,0,0,0,0,0,0,0,0
0,0,0,0,0,0,0,0,0,0
0,0,0,0,0,0,0,0,0,0
0,0,0,0,0,0,0,0,0,0
0,0,0,0,0,0,0,0,0,0
0,0,0,0,0,0,0,0,0,0
0,0,0,0,0,0,0,0,0,0
0,0,0,0,0,0,0,0,0,0
0,0,0,0,0,0,0,0,0,0
0,0,0,0,0,0,0,0,0,0
0,0,0,0,0,0,0,0,0,0
0,0,0,0,0,0,0,0,0,0
0,0,0,0,0,0,0,0,0,0
0,0,0,0,0,0,0,0,0,0
0,0,0,0,0,0,0,0,0,0
0,0,0,0,0,0,0,0,0,0
0,0,0,0,0,0,0,0,0,0
0,0,0,0,0,0,0,0,0,0
0,0,0,0,0,0,0,0,0,0
0,0,0,0,0,0,0,0,0,0
0,0,0,0,0,0,0,0,0,0
0,0,0,0,0,0,0,0,0,0
0,0,0,0,0,0,0,0,0,0
0,0,0,0,0,0,0,0,0,0
0,0,0,0,0,0,0,0,0,0
0,0,0,0,0,0,0,0,0,0
0,0,0,0,0,0,0,0,0,0
0,0,0,0,0,0,0,0,0,0
0,0,0,0,0,0,0,0,0,0
0,0,0,0,0,0,0,0,0,0
0,0,0,0,0,0,0,0,0,0
0,0,0,0,0,0,0,0,0,0
0,0,0,0,0,0,0,0,0,0
0,0,0,0,0,0,0,0,0,0
0,0,0,0,0,0,0,0,0,0
0,0,0,0,0,0,0,0,0,0
0,0,0,0,0,0,0,0,0,0
0,0,0,0,0,0,0,0,0,0
0,0,0,0,0,0,0,0,0,0
0,0,0,0,0,0,0,0,0,0
0,0,0,0,0,0,0,0,0,0
0,0,0,0,0,0,0,0,0,0
0,0,0,0,0,0,0,0,0,0
0,0,0,0,0,0,0,0,0,0
0,0,0,0,0,0,0,0,0,0
0,0,0,0,0,0,0,0,0,0
0,0,0,0,0,0,0,0,0,0
0,0,0,0,0,0,0,0,0,0
0,0,0,0,0,0,0,0,0,0
0,0,0,0,0,0,0,0,0,0
0,0,0,0,0,0,0,0,0,0
0,0,0,0,0,0,0,0,0,0
0,0,0,0,0,0,0,0,0,0
0,0,0,0,0,0,0,0,0,0
0,0,0,0,0,0,0,0,0,0
0,0,0,0,0,0,0,0,0,0
0,0,0,0,0,0,0,0,0,0
0,0,0,0,0,0,0,0,0,0
0,0,0,0,0,0,0,0,0,0
0,0,0,0,0,0,0,0,0,0
0,0,0,0,0,0,0,0,0,0
0,0,0,0,0,0,0,0,0,0
0,0,0,0,0,0,0,0,0,0
0,0,0,0,0,0,0,0,0,0
0,0,0,0,0,0,0,0,0,0
0,0,0,0,0,0,0,0,0,0
0,0,0,0,0,0,0,0,0,0
0,0,0,0,0,0,0,0,0,0
0,0,0,0,0,0,0,0,0,0
0,0,0,0,0,0,0,0,0,0
0,0,0,0,0,0,0,0,0,0
0,0,0,0,0,0,0,0,0,0
0,0,0,0,0,0,0,0,0,0
0,0,0,0,0,0,0,0,0,0
0,0,0,0,0,0,0,0,0,0
0,0,0,0,0,0,0,0,0,0
0,0,0,0,0,0,0,0,0,0
0,0,0,0,0,0,0,0,0,0
0,0,0,0,0,0,0,0,0,0
0,0,0,0,0,0,0,0,0,0
0,0,0,0,0,0,0,0,0,0
0,0,0,0,0,0,0,0,0,0
0,0,0,0,0,0,0,0,0,0
0,0,0,0,0,0,0,0,0,0
0,0,0,0,0,0,0,0,0,0
0,0,0,0,0,0,0,0,0,0
0,0,0,0,0,0,0,0,0,0
0,0,0,0,0,0,0,0,0,0
0,0,0,0,0,0,0,0,0,0
0,0,0,0,0,0,0,0,0,0
0,0,0,0,0,0,0,0,0,0
0,0,0,0,0,0,0,0,0,0
0,0,0,0,0,0,0,0,0,0
0,0,0,0,0,0,0,0,0,0
0,0,0,0,0,0,0,0,0,0
0,0,0,0,0,0,0,0,0,0
0,0,0,0,0,0,0,0,0,0
0,0,0,0,0,0,0,0,0,0
0,0,0,0,0,0,0,0,0,0
0,0,0,0,0,0,0,0,0,0
0,0,0,0,0,0,0,0,0,0
0,0,0,0,0,0,0,0,0,0
0,0,0,0,0,0,0,0,0,0
0,0,0,0,0,0,0,0,0,0
0,0,0,0,0,0,0,0,0,0
0,0,0,0,0,0,0,0,0,0
0,0,0,0,0,0,0,0,0,0
0,0,0,0,0,0,0,0,0,0
0,0,0,0,0,0,0,0,0,0
0,0,0,0,0,0,0,0,0,0
0,0,0,0,0,0,0,0,0,0
0,0,0,0,0,0,0,0,0,0
0,0,0,0,0,0,0,0,0,0
0,0,0,0,0,0,0,0,0,0
0,0,0,0,0,0,0,0,0,0
0,0,0,0,0,0,0,0,0,0
0,0,0,0,0,0,0,0,0,0
0,0,0,0,0,0,0,0,0,0
0,0,0,0,0,0,0,0,0,0
0,0,0,0,0,0,0,0,0,0
0,0,0,0,0,0,0,0,0,0
0,0,0,0,0,0,0,0,0,0
0,0,0,0,0,0,0,0,0,0
0,0,0,0,0,0,0,0,0,0
0,0,0,0,0,0,0,0,0,0
0,0,0,0,0,0,0,0,0,0
0,0,0,0,0,0,0,0,0,0
0,0,0,0,0,0,0,0,0,0
0,0,0,0,0,0,0,0,0,0
0,0,0,0,0,0,0,0,0,0
0,0,0,0,0,0,0,0,0,0
0,0,0,0,0,0,0,0,0,0
0,0,0,0,0,0,0,0,0,0
0,0,0,0,0,0,0,0,0,0
0,0,0,0,0,0,0,0,0,0
0,0,0,0,0,0,0,0,0,0
0,0,0,0,0,0,0,0,0,0
0,0,0,0,0,0,0,0,0,0
0,0,0,0,0,0,0,0,0,0
0,0,0,0,0,0,0,0,0,0
0,0,0,0,0,0,0,0,0,0
0,0,0,0,0,0,0,0,0,0
0,0,0,0,0,0,0,0,0,0
0,0,0,0,0,0,0,0,0,0
0,0,0,0,0,0,0,0,0,0
0,0,0,0,0,0,0,0,0,0
0,0,0,0,0,0,0,0,0,0
0,0,0,0,0,0,0,0,0,0
0,0,0,0,0,0,0,0,0,0
0,0,0,0,0,0,0,0,0,0
0,0,0,0,0,0,0,0,0,0
0,0,0,0,0,0,0,0,0,0
0,0,0,0,0,0,0,0,0,0
0,0,0,0,0,0,0,0,0,0
0,0,0,0,0,0,0,0,0,0
0,0,0,0,0,0,0,0,0,0
0,0,0,0,0,0,0,0,0,0
0,0,0,0,0,0,0,0,0,0
0,0,0,0,0,0,0,0,0,0
0,0,0,0,0,0,0,0,0,0
0,0,0,0,0,0,0,0,0,0
0,0,0,0,0,0,0,0,0,0
0,0,0,0,0,0,0,0,0,0
0,0,0,0,0,0,0,0,0,0
0,0,0,0,0,0,0,0,0,0
0,0,0,0,0,0,0,0,0,0
0,0,0,0,0,0,0,0,0,0
0,0,0,0,0,0,0,0,0,0
0,0,0,0,0,0,0,0,0,0
0,0,0,0,0,0,0,0,0,0
0,0,0,0,0,0,0,0,0,0
0,0,0,0,0,0,0,0,0,0
0,0,0,0,0,0,0,0,0,0
0,0,0,0,0,0,0,0,0,0
0,0,0,0,0,0,0,0,0,0
0,0,0,0,0,0,0,0,0,0
0,0,0,0,0,0,0,0,0,0
0,0,0,0,0,0,0,0,0,0
0,0,0,0,0,0,0,0,0,0
0,0,0,0,0,0,0,0,0,0
0,0,0,0,0,0,0,0,0,0
0,0,0,0,0,0,0,0,0,0
0,0,0,0,0,0,0,0,0,0
0,0,0,0,0,0,0,0,0,0
0,0,0,0,0,0,0,0,0,0
0,0,0,0,0,0,0,0,0,0
0,0,0,0,0,0,0,0,0,0
0,0,0,0,0,0,0,0,0,0
0,0,0,0,0,0,0,0,0,0
0,0,0,0,0,0,0,0,0,0
0,0,0,0,0,0,0,0,0,0
0,0,0,0,0,0,0,0,0,0
0,0,0,0,0,0,0,0,0,0
0,0,0,0,0,0,0,0,0,0
0,0,0,0,0,0,0,0,0,0
0,0,0,0,0,0,0,0,0,0
0,0,0,0,0,0,0,0,0,0
0,0,0,0,0,0,0,0,0,0
0,0,0,0,0,0,0,0,0,0
0,0,0,0,0,0,0,0,0,0
0,0,0,0,0,0,0,0,0,0
0,0,0,0,0,0,0,0,0,0
0,0,0,0,0,0,0,0,0,0
0,0,0,0,0,0,0,0,0,0
0,0,0,0,0,0,0,0,0,0
0,0,0,0,0,0,0,0,0,0
0,0,0,0,0,0,0,0,0,0
0,0,0,0,0,0,0,0,0,0
0,0,0,0,0,0,0,0,0,0
0,0,0,0,0,0,0,0,0,0
0,0,0,0,0,0,0,0,0,0
0,0,0,0,0,0,0,0,0,0
0,0,0,0,0,0,0,0,0,0
0,0,0,0,0,0,0,0,0,0
0,0,0,0,0,0,0,0,0,0
0,0,0,0,0,0,0,0,0,0
0,0,0,0,0,0,0,0,0,0
0,0,0,0,0,0,0,0,0,0
0,0,0,0,0,0,0,0,0,0
0,0,0,0,0,0,0,0,0,0
0,0,0,0,0,0,0,0,0,0
0,0,0,0,0,0,0,0,0,0
0,0,0,0,0,0,0,0,0,0
0,0,0,0,0,0,0,0,0,0
0,0,0,0,0,0,0,0,0,0
0,0,0,0,0,0,0,0,0,0
0,0,0,0,0,0,0,0,0,0
0,0,0,0,0,0,0,0,0,0
0,0,0,0,0,0,0,0,0,0
0,0,0,0,0,0,0,0,0,0
0,0,0,0,0,0,0,0,0,0
0,0,0,0,0,0,0,0,0,0
0,0,0,0,0,0,0,0,0,0
0,0,0,0,0,0,0,0,0,0
0,0,0,0,0,0,0,0,0,0
0,0,0,0,0,0,0,0,0,0
0,0,0,0,0,0,0,0,0,0
0,0,0,0,0,0,0,0,0,0
0,0,0,0,0,0,0,0,0,0
0,0,0,0,0,0,0,0,0,0
0,0,0,0,0,0,0,0,0,0
0,0,0,0,0,0,0,0,0,0
0,0,0,0,0,0,0,0,0,0
0,0,0,0,0,0,0,0,0,0
0,0,0,0,0,0,0,0,0,0
0,0,0,0,0,0,0,0,0,0
0,0,0,0,0,0,0,0,0,0
0,0,0,0,0,0,0,0,0,0
0,0,0,0,0,0,0,0,0,0
0,0,0,0,0,0,0,0,0,0
0,0,0,0,0,0,0,0,0,0
0,0,0,0,0,0,0,0,0,0
0,0,0,0,0,0,0,0,0,0
0,0,0,0,0,0,0,0,0,0
0,0,0,0,0,0,0,0,0,0
0,0,0,0,0,0,0,0,0,0
0,0,0,0,0,0,0,0,0,0
0,0,0,0,0,0,0,0,0,0
0,0,0,0,0,0,0,0,0,0
0,0,0,0,0,0,0,0,0,0
0,0,0,0,0,0,0,0,0,0
0,0,0,0,0,0,0,0,0,0
0,0,0,0,0,0,0,0,0,0
0,0,0,0,0,0,0,0,0,0
0,0,0,0,0,0,0,0,0,0
0,0,0,0,0,0,0,0,0,0
0,0,0,0,0,0,0,0,0,0
0,0,0,0,0,0,0,0,0,0
0,0,0,0,0,0,0,0,0,0
0,0,0,0,0,0,0,0,0,0
0,0,0,0,0,0,0,0,0,0
0,0,0,0,0,0,0,0,0,0
0,0,0,0,0,0,0,0,0,0
0,0,0,0,0,0,0,0,0,0
0,0,0,0,0,0,0,0,0,0
0,0,0,0,0,0,0,0,0,0
0,0,0,0,0,0,0,0,0,0
0,0,0,0,0,0,0,0,0,0
0,0,0,0,0,0,0,0,0,0
0,0,0,0,0,0,0,0,0,0
0,0,0,0,0,0,0,0,0,0
0,0,0,0,0,0,0,0,0,0
0,0,0,0,0,0,0,0,0,0
0,0,0,0,0,0,0,0,0,0
0,0,0,0,0,0,0,0,0,0
0,0,0,0,0,0,0,0,0,0
0,0,0,0,0,0,0,0,0,0
0,0,0,0,0,0,0,0,0,0
0,0,0,0,0,0,0,0,0,0
0,0,0,0,0,0,0,0,0,0
0,0,0,0,0,0,0,0,0,0
0,0,0,0,0,0,0,0,0,0
0,0,0,0,0,0,0,0,0,0
0,0,0,0,0,0,0,0,0,0
0,0,0,0,0,0,0,0,0,0
0,0,0,0,0,0,0,0,0,0
0,0,0,0,0,0,0,0,0,0
0,0,0,0,0,0,0,0,0,0
0,0,0,0,0,0,0,0,0,0
0,0,0,0,0,0,0,0,0,0
0,0,0,0,0,0,0,0,0,0
0,0,0,0,0,0,0,0,0,0
0,0,0,0,0,0,0,0,0,0
0,0,0,0,0,0,0,0,0,0
0,0,0,0,0,0,0,0,0,0
0,0,0,0,0,0,0,0,0,0
0,0,0,0,0,0,0,0,0,0
0,0,0,0,0,0,0,0,0,0
0,0,0,0,0,0,0,0,0,0
0,0,0,0,0,0,0,0,0,0
0,0,0,0,0,0,0,0,0,0
0,0,0,0,0,0,0,0,0,0
0,0,0,0,0,0,0,0,0,0
0,0,0,0,0,0,0,0,0,0
0,0,0,0,0,0,0,0,0,0
0,0,0,0,0,0,0,0,0,0
0,0,0,0,0,0,0,0,0,0
0,0,0,0,0,0,0,0,0,0
0,0,0,0,0,0,0,0,0,0
0,0,0,0,0,0,0,0,0,0
0,0,0,0,0,0,0,0,0,0
0,0,0,0,0,0,0,0,0,0
0,0,0,0,0,0,0,0,0,0
0,0,0,0,0,0,0,0,0,0
0,0,0,0,0,0,0,0,0,0
0,0,0,0,0,0,0,0,0,0
0,0,0,0,0,0,0,0,0,0
0,0,0,0,0,0,0,0,0,0
0,0,0,0,0,0,0,0,0,0
0,0,0,0,0,0,0,0,0,0
0,0,0,0,0,0,0,0,0,0
0,0,0,0,0,0,0,0,0,0
0,0,0,0,0,0,0,0,0,0
0,0,0,0,0,0,0,0,0,0
0,0,0,0,0,0,0,0,0,0
0,0,0,0,0,0,0,0,0,0
0,0,0,0,0,0,0,0,0,0
0,0,0,0,0,0,0,0,0,0
0,0,0,0,0,0,0,0,0,0
0,0,0,0,0,0,0,0,0,0
0,0,0,0,0,0,0,0,0,0
0,0,0,0,0,0,0,0,0,0
0,0,0,0,0,0,0,0,0,0
0,0,0,0,0,0,0,0,0,0
0,0,0,0,0,0,0,0,0,0
0,0,0,0,0,0,0,0,0,0
0,0,0,0,0,0,0,0,0,0
0,0,0,0,0,0,0,0,0,0
0,0,0,0,0,0,0,0,0,0
0,0,0,0,0,0,0,0,0,0
0,0,0,0,0,0,0,0,0,0
0,0,0,0,0,0,0,0,0,0
0,0,0,0,0,0,0,0,0,0
0,0,0,0,0,0,0,0,0,0
0,0,0,0,0,0,0,0,0,0
0,0,0,0,0,0,0,0,0,0
0,0,0,0,0,0,0,0,0,0
0,0,0,0,0,0,0,0,0,0
0,0,0,0,0,0,0,0,0,0
0,0,0,0,0,0,0,0,0,0
0,0,0,0,0,0,0,0,0,0
0,0,0,0,0,0,0,0,0,0
0,0,0,0,0,0,0,0,0,0
0,0,0,0,0,0,0,0,0,0
0,0,0,0,0,0,0,0,0,0
0,0,0,0,0,0,0,0,0,0
0,0,0,0,0,0,0,0,0,0
0,0,0,0,0,0,0,0,0,0
0,0,0,0,0,0,0,0,0,0
0,0,0,0,0,0,0,0,0,0
0,0,0,0,0,0,0,0,0,0
0,0,0,0,0,0,0,0,0,0
0,0,0,0,0,0,0,0,0,0
0,0,0,0,0,0,0,0,0,0
0,0,0,0,0,0,0,0,0,0
0,0,0,0,0,0,0,0,0,0
0,0,0,0,0,0,0,0,0,0
0,0,0,0,0,0,0,0,0,0
0,0,0,0,0,0,0,0,0,0
0,0,0,0,0,0,0,0,0,0
0,0,0,0,0,0,0,0,0,0
0,0,0,0,0,0,0,0,0,0
0,0,0,0,0,0,0,0,0,0
0,0,0,0,0,0,0,0,0,0
0,0,0,0,0,0,0,0,0,0
0,0,0,0,0,0,0,0,0,0
0,0,0,0,0,0,0,0,0,0
0,0,0,0,0,0,0,0,0,0
0,0,0,0,0,0,0,0,0,0
0,0,0,0,0,0,0,0,0,0
0,0,0,0,0,0,0,0,0,0
0,0,0,0,0,0,0,0,0,0
0,0,0,0,0,0,0,0,0,0
0,0,0,0,0,0,0,0,0,0
0,0,0,0,0,0,0,0,0,0
0,0,0,0,0,0,0,0,0,0
0,0,0,0,0,0,0,0,0,0
0,0,0,0,0,0,0,0,0,0
0,0,0,0,0,0,0,0,0,0
0,0,0,0,0,0,0,0,0,0
0,0,0,0,0,0,0,0,0,0
0,0,0,0,0,0,0,0,0,0
0,0,0,0,0,0,0,0,0,0
0,0,0,0,0,0,0,0,0,0
0,0,0,0,0,0,0,0,0,0
0,0,0,0,0,0,0,0,0,0
0,0,0,0,0,0,0,0,0,0
0,0,0,0,0,0,0,0,0,0
0,0,0,0,0,0,0,0,0,0
0,0,0,0,0,0,0,0,0,0
0,0,0,0,0,0,0,0,0,0
0,0,0,0,0,0,0,0,0,0
0,0,0,0,0,0,0,0,0,0
0,0,0,0,0,0,0,0,0,0
0,0,0,0,0,0,0,0,0,0
0,0,0,0,0,0,0,0,0,0
0,0,0,0,0,0,0,0,0,0
0,0,0,0,0,0,0,0,0,0
0,0,0,0,0,0,0,0,0,0
0,0,0,0,0,0,0,0,0,0
0,0,0,0,0,0,0,0,0,0
0,0,0,0,0,0,0,0,0,0
0,0,0,0,0,0,0,0,0,0
0,0,0,0,0,0,0,0,0,0
0,0,0,0,0,0,0,0,0,0
0,0,0,0,0,0,0,0,0,0
0,0,0,0,0,0,0,0,0,0
0,0,0,0,0,0,0,0,0,0
0,0,0,0,0,0,0,0,0,0
0,0,0,0,0,0,0,0,0,0
0,0,0,0,0,0,0,0,0,0
0,0,0,0,0,0,0,0,0,0
0,0,0,0,0,0,0,0,0,0
0,0,0,0,0,0,0,0,0,0
0,0,0,0,0,0,0,0,0,0
0,0,0,0,0,0,0,0,0,0
0,0,0,0,0,0,0,0,0,0
0,0,0,0,0,0,0,0,0,0
0,0,0,0,0,0,0,0,0,0
0,0,0,0,0,0,0,0,0,0
0,0,0,0,0,0,0,0,0,0
0,0,0,0,0,0,0,0,0,0
0,0,0,0,0,0,0,0,0,0
0,0,0,0,0,0,0,0,0,0
0,0,0,0,0,0,0,0,0,0
0,0,0,0,0,0,0,0,0,0
0,0,0,0,0,0,0,0,0,0
0,0,0,0,0,0,0,0,0,0
0,0,0,0,0,0,0,0,0,0
0,0,0,0,0,0,0,0,0,0
0,0,0,0,0,0,0,0,0,0
0,0,0,0,0,0,0,0,0,0
0,0,0,0,0,0,0,0,0,0
0,0,0,0,0,0,0,0,0,0
0,0,0,0,0,0,0,0,0,0
0,0,0,0,0,0,0,0,0,0
0,0,0,0,0,0,0,0,0,0
0,0,0,0,0,0,0,0,0,0
0,0,0,0,0,0,0,0,0,0
0,0,0,0,0,0,0,0,0,0
0,0,0,0,0,0,0,0,0,0
0,0,0,0,0,0,0,0,0,0
0,0,0,0,0,0,0,0,0,0
0,0,0,0,0,0,0,0,0,0
0,0,0,0,0,0,0,0,0,0
0,0,0,0,0,0,0,0,0,0
0,0,0,0,0,0,0,0,0,0
0,0,0,0,0,0,0,0,0,0
0,0,0,0,0,0,0,0,0,0
0,0,0,0,0,0,0,0,0,0
0,0,0,0,0,0,0,0,0,0
0,0,0,0,0,0,0,0,0,0
0,0,0,0,0,0,0,0,0,0
0,0,0,0,0,0,0,0,0,0
0,0,0,0,0,0,0,0,0,0
0,0,0,0,0,0,0,0,0,0
0,0,0,0,0,0,0,0,0,0
0,0,0,0,0,0,0,0,0,0
0,0,0,0,0,0,0,0,0,0
0,0,0,0,0,0,0,0,0,0
0,0,0,0,0,0,0,0,0,0
0,0,0,0,0,0,0,0,0,0
0,0,0,0,0,0,0,0,0,0
0,0,0,0,0,0,0,0,0,0
0,0,0,0,0,0,0,0,0,0
0,0,0,0,0,0,0,0,0,0
0,0,0,0,0,0,0,0,0,0
0,0,0,0,0,0,0,0,0,0
0,0,0,0,0,0,0,0,0,0
0,0,0,0,0,0,0,0,0,0
0,0,0,0,0,0,0,0,0,0
0,0,0,0,0,0,0,0,0,0
0,0,0,0,0,0,0,0,0,0
0,0,0,0,0,0,0,0,0,0
0,0,0,0,0,0,0,0,0,0
0,0,0,0,0,0,0,0,0,0
0,0,0,0,0,0,0,0,0,0
0,0,0,0,0,0,0,0,0,0
0,0,0,0,0,0,0,0,0,0
0,0,0,0,0,0,0,0,0,0
0,0,0,0,0,0,0,0,0,0
0,0,0,0,0,0,0,0,0,0
0,0,0,0,0,0,0,0,0,0
0,0,0,0,0,0,0,0,0,0
0,0,0,0,0,0,0,0,0,0
0,0,0,0,0,0,0,0,0,0
0,0,0,0,0,0,0,0,0,0
0,0,0,0,0,0,0,0,0,0
0,0,0,0,0,0,0,0,0,0
0,0,0,0,0,0,0,0,0,0
0,0,0,0,0,0,0,0,0,0
0,0,0,0,0,0,0,0,0,0
0,0,0,0,0,0,0,0,0,0
0,0,0,0,0,0,0,0,0,0
0,0,0,0,0,0,0,0,0,0
0,0,0,0,0,0,0,0,0,0
0,0,0,0,0,0,0,0,0,0
0,0,0,0,0,0,0,0,0,0
0,0,0,0,0,0,0,0,0,0
0,0,0,0,0,0,0,0,0,0
0,0,0,0,0,0,0,0,0,0
0,0,0,0,0,0,0,0,0,0
0,0,0,0,0,0,0,0,0,0
0,0,0,0,0,0,0,0,0,0
0,0,0,0,0,0,0,0,0,0
0,0,0,0,0,0,0,0,0,0
0,0,0,0,0,0,0,0,0,0
0,0,0,0,0,0,0,0,0,0
0,0,0,0,0,0,0,0,0,0
0,0,0,0,0,0,0,0,0,0
0,0,0,0,0,0,0,0,0,0
0,0,0,0,0,0,0,0,0,0
0,0,0,0,0,0,0,0,0,0
0,0,0,0,0,0,0,0,0,0
0,0,0,0,0,0,0,0,0,0
0,0,0,0,0,0,0,0,0,0
0,0,0,0,0,0,0,0,0,0
0,0,0,0,0,0,0,0,0,0
0,0,0,0,0,0,0,0,0,0
0,0,0,0,0,0,0,0,0,0
0,0,0,0,0,0,0,0,0,0
0,0,0,0,0,0,0,0,0,0
0,0,0,0,0,0,0,0,0,0
0,0,0,0,0,0,0,0,0,0
0,0,0,0,0,0,0,0,0,0
0,0,0,0,0,0,0,0,0,0
0,0,0,0,0,0,0,0,0,0
0,0,0,0,0,0,0,0,0,0
0,0,0,0,0,0,0,0,0,0
0,0,0,0,0,0,0,0,0,0
0,0,0,0,0,0,0,0,0,0
0,0,0,0,0,0,0,0,0,0
0,0,0,0,0,0,0,0,0,0
0,0,0,0,0,0,0,0,0,0
0,0,0,0,0,0,0,0,0,0
0,0,0,0,0,0,0,0,0,0
0,0,0,0,0,0,0,0,0,0
0,0,0,0,0,0,0,0,0,0
0,0,0,0,0,0,0,0,0,0
0,0,0,0,0,0,0,0,0,0
0,0,0,0,0,0,0,0,0,0
0,0,0,0,0,0,0,0,0,0
0,0,0,0,0,0,0,0,0,0
0,0,0,0,0,0,0,0,0,0
0,0,0,0,0,0,0,0,0,0
0,0,0,0,0,0,0,0,0,0
0,0,0,0,0,0,0,0,0,0
0,0,0,0,0,0,0,0,0,0
0,0,0,0,0,0,0,0,0,0
0,0,0,0,0,0,0,0,0,0
0,0,0,0,0,0,0,0,0,0
0,0,0,0,0,0,0,0,0,0
0,0,0,0,0,0,0,0,0,0
0,0,0,0,0,0,0,0,0,0
0,0,0,0,0,0,0,0,0,0
0,0,0,0,0,0,0,0,0,0
0,0,0,0,0,0,0,0,0,0
0,0,0,0,0,0,0,0,0,0
0,0,0,0,0,0,0,0,0,0
0,0,0,0,0,0,0,0,0,0
0,0,0,0,0,0,0,0,0,0
0,0,0,0,0,0,0,0,0,0
0,0,0,0,0,0,0,0,0,0
0,0,0,0,0,0,0,0,0,0
0,0,0,0,0,0,0,0,0,0
0,0,0,0,0,0,0,0,0,0
0,0,0,0,0,0,0,0,0,0
0,0,0,0,0,0,0,0,0,0
0,0,0,0,0,0,0,0,0,0
0,0,0,0,0,0,0,0,0,0
0,0,0,0,0,0,0,0,0,0
0,0,0,0,0,0,0,0,0,0
0,0,0,0,0,0,0,0,0,0
0,0,0,0,0,0,0,0,0,0
0,0,0,0,0,0,0,0,0,0
0,0,0,0,0,0,0,0,0,0
0,0,0,0,0,0,0,0,0,0
0,0,0,0,0,0,0,0,0,0
0,0,0,0,0,0,0,0,0,0
0,0,0,0,0,0,0,0,0,0
0,0,0,0,0,0,0,0,0,0
0,0,0,0,0,0,0,0,0,0
0,0,0,0,0,0,0,0,0,0
0,0,0,0,0,0,0,0,0,0
0,0,0,0,0,0,0,0,0,0
0,0,0,0,0,0,0,0,0,0
0,0,0,0,0,0,0,0,0,0
0,0,0,0,0,0,0,0,0,0
0,0,0,0,0,0,0,0,0,0
0,0,0,0,0,0,0,0,0,0
0,0,0,0,0,0,0,0,0,0
0,0,0,0,0,0,0,0,0,0
0,0,0,0,0,0,0,0,0,0
0,0,0,0,0,0,0,0,0,0
0,0,0,0,0,0,0,0,0,0
0,0,0,0,0,0,0,0,0,0
0,0,0,0,0,0,0,0,0,0
0,0,0,0,0,0,0,0,0,0
0,0,0,0,0,0,0,0,0,0
0,0,0,0,0,0,0,0,0,0
0,0,0,0,0,0,0,0,0,0
0,0,0,0,0,0,0,0,0,0
0,0,0,0,0,0,0,0,0,0
0,0,0,0,0,0,0,0,0,0
0,0,0,0,0,0,0,0,0,0
0,0,0,0,0,0,0,0,0,0
0,0,0,0,0,0,0,0,0,0
0,0,0,0,0,0,0,0,0,0
0,0,0,0,0,0,0,0,0,0
0,0,0,0,0,0,0,0,0,0
0,0,0,0,0,0,0,0,0,0
0,0,0,0,0,0,0,0,0,0
0,0,0,0,0,0,0,0,0,0
0,0,0,0,0,0,0,0,0,0
0,0,0,0,0,0,0,0,0,0
0,0,0,0,0,0,0,0,0,0
0,0,0,0,0,0,0,0,0,0
0,0,0,0,0,0,0,0,0,0
0,0,0,0,0,0,0,0,0,0
0,0,0,0,0,0,0,0,0,0
0,0,0,0,0,0,0,0,0,0
0,0,0,0,0,0,0,0,0,0
0,0,0,0,0,0,0,0,0,0
0,0,0,0,0,0,0,0,0,0
0,0,0,0,0,0,0,0,0,0
0,0,0,0,0,0,0,0,0,0
0,0,0,0,0,0,0,0,0,0
0,0,0,0,0,0,0,0,0,0
0,0,0,0,0,0,0,0,0,0
0,0,0,0,0,0,0,0,0,0
0,0,0,0,0,0,0,0,0,0
0,0,0,0,0,0,0,0,0,0
0,0,0,0,0,0,0,0,0,0
0,0,0,0,0,0,0,0,0,0
0,0,0,0,0,0,0,0,0,0
0,0,0,0,0,0,0,0,0,0
0,0,0,0,0,0,0,0,0,0
0,0,0,0,0,0,0,0,0,0
0,0,0,0,0,0,0,0,0,0
0,0,0,0,0,0,0,0,0,0
0,0,0,0,0,0,0,0,0,0
0,0,0,0,0,0,0,0,0,0
0,0,0,0,0,0,0,0,0,0
0,0,0,0,0,0,0,0,0,0
0,0,0,0,0,0,0,0,0,0
0,0,0,0,0,0,0,0,0,0
0,0,0,0,0,0,0,0,0,0
0,0,0,0,0,0,0,0,0,0
0,0,0,0,0,0,0,0,0,0
0,0,0,0,0,0,0,0,0,0
0,0,0,0,0,0,0,0,0,0
0,0,0,0,0,0,0,0,0,0
0,0,0,0,0,0,0,0,0,0
0,0,0,0,0,0,0,0,0,0
0,0,0,0,0,0,0,0,0,0
0,0,0,0,0,0,0,0,0,0
0,0,0,0,0,0,0,0,0,0
0,0,0,0,0,0,0,0,0,0
0,0,0,0,0,0,0,0,0,0
0,0,0,0,0,0,0,0,0,0
0,0,0,0,0,0,0,0,0,0
0,0,0,0,0,0,0,0,0,0
0,0,0,0,0,0,0,0,0,0
0,0,0,0,0,0,0,0,0,0
0,0,0,0,0,0,0,0,0,0
0,0,0,0,0,0,0,0,0,0
0,0,0,0,0,0,0,0,0,0
0,0,0,0,0,0,0,0,0,0
0,0,0,0,0,0,0,0,0,0
0,0,0,0,0,0,0,0,0,0
0,0,0,0,0,0,0,0,0,0
0,0,0,0,0,0,0,0,0,0
0,0,0,0,0,0,0,0,0,0
0,0,0,0,0,0,0,0,0,0
0,0,0,0,0,0,0,0,0,0
0,0,0,0,0,0,0,0,0,0
0,0,0,0,0,0,0,0,0,0
0,0,0,0,0,0,0,0,0,0
0,0,0,0,0,0,0,0,0,0
0,0,0,0,0,0,0,0,0,0
0,0,0,0,0,0,0,0,0,0
0,0,0,0,0,0,0,0,0,0
0,0,0,0,0,0,0,0,0,0
0,0,0,0,0,0,0,0,0,0
0,0,0,0,0,0,0,0,0,0
0,0,0,0,0,0,0,0,0,0
0,0,0,0,0,0,0,0,0,0
0,0,0,0,0,0,0,0,0,0
0,0,0,0,0,0,0,0,0,0
0,0,0,0,0,0,0,0,0,0
0,0,0,0,0,0,0,0,0,0
0,0,0,0,0,0,0,0,0,0
0,0,0,0,0,0,0,0,0,0
0,0,0,0,0,0,0,0,0,0
0,0,0,0,0,0,0,0,0,0
0,0,0,0,0,0,0,0,0,0
0,0,0,0,0,0,0,0,0,0
0,0,0,0,0,0,0,0,0,0
0,0,0,0,0,0,0,0,0,0
0,0,0,0,0,0,0,0,0,0
0,0,0,0,0,0,0,0,0,0
0,0,0,0,0,0,0,0,0,0
0,0,0,0,0,0,0,0,0,0
0,0,0,0,0,0,0,0,0,0
0,0,0,0,0,0,0,0,0,0
0,0,0,0,0,0,0,0,0,0
0,0,0,0,0,0,0,0,0,0
0,0,0,0,0,0,0,0,0,0
0,0,0,0,0,0,0,0,0,0
0,0,0,0,0,0,0,0,0,0
0,0,0,0,0,0,0,0,0,0
0,0,0,0,0,0,0,0,0,0
0,0,0,0,0,0,0,0,0,0
0,0,0,0,0,0,0,0,0,0
0,0,0,0,0,0,0,0,0,0
0,0,0,0,0,0,0,0,0,0
0,0,0,0,0,0,0,0,0,0
0,0,0,0,0,0,0,0,0,0
0,0,0,0,0,0,0,0,0,0
0,0,0,0,0,0,0,0,0,0
0,0,0,0,0,0,0,0,0,0
0,0,0,0,0,0,0,0,0,0
0,0,0,0,0,0,0,0,0,0
0,0,0,0,0,0,0,0,0,0
0,0,0,0,0,0,0,0,0,0
0,0,0,0,0,0,0,0,0,0
0,0,0,0,0,0,0,0,0,0
0,0,0,0,0,0,0,0,0,0
0,0,0,0,0,0,0,0,0,0
0,0,0,0,0,0,0,0,0,0
0,0,0,0,0,0,0,0,0,0
0,0,0,0,0,0,0,0,0,0
0,0,0,0,0,0,0,0,0,0
0,0,0,0,0,0,0,0,0,0
0,0,0,0,0,0,0,0,0,0
0,0,0,0,0,0,0,0,0,0
0,0,0,0,0,0,0,0,0,0
0,0,0,0,0,0,0,0,0,0
0,0,0,0,0,0,0,0,0,0
0,0,0,0,0,0,0,0,0,0
0,0,0,0,0,0,0,0,0,0
0,0,0,0,0,0,0,0,0,0
0,0,0,0,0,0,0,0,0,0
0,0,0,0,0,0,0,0,0,0
0,0,0,0,0,0,0,0,0,0
0,0,0,0,0,0,0,0,0,0
0,0,0,0,0,0,0,0,0,0
0,0,0,0,0,0,0,0,0,0
0,0,0,0,0,0,0,0,0,0
0,0,0,0,0,0,0,0,0,0
0,0,0,0,0,0,0,0,0,0
0,0,0,0,0,0,0,0,0,0
0,0,0,0,0,0,0,0,0,0
0,0,0,0,0,0,0,0,0,0
0,0,0,0,0,0,0,0,0,0
0,0,0,0,0,0,0,0,0,0
0,0,0,0,0,0,0,0,0,0
0,0,0,0,0,0,0,0,0,0
0,0,0,0,0,0,0,0,0,0
0,0,0,0,0,0,0,0,0,0
0,0,0,0,0,0,0,0,0,0
0,0,0,0,0,0,0,0,0,0
0,0,0,0,0,0,0,0,0,0
0,0,0,0,0,0,0,0,0,0
0,0,0,0,0,0,0,0,0,0
0,0,0,0,0,0,0,0,0,0
0,0,0,0,0,0,0,0,0,0
0,0,0,0,0,0,0,0,0,0
0,0,0,0,0,0,0,0,0,0
0,0,0,0,0,0,0,0,0,0
0,0,0,0,0,0,0,0,0,0
0,0,0,0,0,0,0,0,0,0
0,0,0,0,0,0,0,0,0,0
0,0,0,0,0,0,0,0,0,0
0,0,0,0,0,0,0,0,0,0
0,0,0,0,0,0,0,0,0,0
0,0,0,0,0,0,0,0,0,0
0,0,0,0,0,0,0,0,0,0
0,0,0,0,0,0,0,0,0,0
0,0,0,0,0,0,0,0,0,0
0,0,0,0,0,0,0,0,0,0
0,0,0,0,0,0,0,0,0,0
0,0,0,0,0,0,0,0,0,0
0,0,0,0,0,0,0,0,0,0
0,0,0,0,0,0,0,0,0,0
0,0,0,0,0,0,0,0,0,0
0,0,0,0,0,0,0,0,0,0
0,0,0,0,0,0,0,0,0,0
0,0,0,0,0,0,0,0,0,0
0,0,0,0,0,0,0,0,0,0
0,0,0,0,0,0,0,0,0,0
0,0,0,0,0,0,0,0,0,0
0,0,0,0,0,0,0,0,0,0
0,0,0,0,0,0,0,0,0,0
0,0,0,0,0,0,0,0,0,0
0,0,0,0,0,0,0,0,0,0
0,0,0,0,0,0,0,0,0,0
0,0,0,0,0,0,0,0,0,0
0,0,0,0,0,0,0,0,0,0
0,0,0,0,0,0,0,0,0,0
0,0,0,0,0,0,0,0,0,0
0,0,0,0,0,0,0,0,0,0
0,0,0,0,0,0,0,0,0,0
0,0,0,0,0,0,0,0,0,0
0,0,0,0,0,0,0,0,0,0
0,0,0,0,0,0,0,0,0,0
0,0,0,0,0,0,0,0,0,0
0,0,0,0,0,0,0,0,0,0
0,0,0,0,0,0,0,0,0,0
0,0,0,0,0,0,0,0,0,0
0,0,0,0,0,0,0,0,0,0
0,0,0,0,0,0,0,0,0,0
0,0,0,0,0,0,0,0,0,0
0,0,0,0,0,0,0,0,0,0
0,0,0,0,0,0,0,0,0,0
0,0,0,0,0,0,0,0,0,0
0,0,0,0,0,0,0,0,0,0
0,0,0,0,0,0,0,0,0,0
0,0,0,0,0,0,0,0,0,0
0,0,0,0,0,0,0,0,0,0
0,0,0,0,0,0,0,0,0,0
0,0,0,0,0,0,0,0,0,0
0,0,0,0,0,0,0,0,0,0
0,0,0,0,0,0,0,0,0,0
0,0,0,0,0,0,0,0,0,0
0,0,0,0,0,0,0,0,0,0
0,0,0,0,0,0,0,0,0,0
0,0,0,0,0,0,0,0,0,0
0,0,0,0,0,0,0,0,0,0
0,0,0,0,0,0,0,0,0,0
0,0,0,0,0,0,0,0,0,0
0,0,0,0,0,0,0,0,0,0
0,0,0,0,0,0,0,0,0,0
0,0,0,0,0,0,0,0,0,0
0,0,0,0,0,0,0,0,0,0
0,0,0,0,0,0,0,0,0,0
0,0,0,0,0,0,0,0,0,0
0,0,0,0,0,0,0,0,0,0
0,0,0,0,0,0,0,0,0,0
0,0,0,0,0,0,0,0,0,0
0,0,0,0,0,0,0,0,0,0
0,0,0,0,0,0,0,0,0,0
0,0,0,0,0,0,0,0,0,0
0,0,0,0,0,0,0,0,0,0
0,0,0,0,0,0,0,0,0,0
0,0,0,0,0,0,0,0,0,0
0,0,0,0,0,0,0,0,0,0
0,0,0,0,0,0,0,0,0,0
0,0,0,0,0,0,0,0,0,0
0,0,0,0,0,0,0,0,0,0
0,0,0,0,0,0,0,0,0,0
0,0,0,0,0,0,0,0,0,0
0,0,0,0,0,0,0,0,0,0
0,0,0,0,0,0,0,0,0,0
0,0,0,0,0,0,0,0,0,0
0,0,0,0,0,0,0,0,0,0
0,0,0,0,0,0,0,0,0,0
0,0,0,0,0,0,0,0,0,0
0,0,0,0,0,0,0,0,0,0
0,0,0,0,0,0,0,0,0,0
0,0,0,0,0,0,0,0,0,0
0,0,0,0,0,0,0,0,0,0
0,0,0,0,0,0,0,0,0,0
0,0,0,0,0,0,0,0,0,0
0,0,0,0,0,0,0,0,0,0
0,0,0,0,0,0,0,0,0,0
0,0,0,0,0,0,0,0,0,0
0,0,0,0,0,0,0,0,0,0
0,0,0,0,0,0,0,0,0,0
0,0,0,0,0,0,0,0,0,0
0,0,0,0,0,0,0,0,0,0
0,0,0,0,0,0,0,0,0,0
0,0,0,0,0,0,0,0,0,0
0,0,0,0,0,0,0,0,0,0
0,0,0,0,0,0,0,0,0,0
0,0,0,0,0,0,0,0,0,0
0,0,0,0,0,0,0,0,0,0
0,0,0,0,0,0,0,0,0,0
0,0,0,0,0,0,0,0,0,0
0,0,0,0,0,0,0,0,0,0
0,0,0,0,0,0,0,0,0,0
0,0,0,0,0,0,0,0,0,0
0,0,0,0,0,0,0,0,0,0
0,0,0,0,0,0,0,0,0,0
0,0,0,0,0,0,0,0,0,0
0,0,0,0,0,0,0,0,0,0
0,0,0,0,0,0,0,0,0,0
0,0,0,0,0,0,0,0,0,0
0,0,0,0,0,0,0,0,0,0
0,0,0,0,0,0,0,0,0,0
0,0,0,0,0,0,0,0,0,0
0,0,0,0,0,0,0,0,0,0
0,0,0,0,0,0,0,0,0,0
0,0,0,0,0,0,0,0,0,0
0,0,0,0,0,0,0,0,0,0
0,0,0,0,0,0,0,0,0,0
0,0,0,0,0,0,0,0,0,0
0,0,0,0,0,0,0,0,0,0
0,0,0,0,0,0,0,0,0,0
0,0,0,0,0,0,0,0,0,0
0,0,0,0,0,0,0,0,0,0
0,0,0,0,0,0,0,0,0,0
0,0,0,0,0,0,0,0,0,0
0,0,0,0,0,0,0,0,0,0
0,0,0,0,0,0,0,0,0,0
0,0,0,0,0,0,0,0,0,0
0,0,0,0,0,0,0,0,0,0
0,0,0,0,0,0,0,0,0,0
0,0,0,0,0,0,0,0,0,0
0,0,0,0,0,0,0,0,0,0
0,0,0,0,0,0,0,0,0,0
0,0,0,0,0,0,0,0,0,0
0,0,0,0,0,0,0,0,0,0
0,0,0,0,0,0,0,0,0,0
0,0,0,0,0,0,0,0,0,0
0,0,0,0,0,0,0,0,0,0
0,0,0,0,0,0,0,0,0,0
0,0,0,0,0,0,0,0,0,0
0,0,0,0,0,0,0,0,0,0
0,0,0,0,0,0,0,0,0,0
0,0,0,0,0,0,0,0,0,0
0,0,0,0,0,0,0,0,0,0
0,0,0,0,0,0,0,0,0,0
0,0,0,0,0,0,0,0,0,0
0,0,0,0,0,0,0,0,0,0
0,0,0,0,0,0,0,0,0,0
0,0,0,0,0,0,0,0,0,0
0,0,0,0,0,0,0,0,0,0
0,0,0,0,0,0,0,0,0,0
0,0,0,0,0,0,0,0,0,0
0,0,0,0,0,0,0,0,0,0
0,0,0,0,0,0,0,0,0,0
0,0,0,0,0,0,0,0,0,0
0,0,0,0,0,0,0,0,0,0
0,0,0,0,0,0,0,0,0,0
0,0,0,0,0,0,0,0,0,0
0,0,0,0,0,0,0,0,0,0
0,0,0,0,0,0,0,0,0,0
0,0,0,0,0,0,0,0,0,0
0,0,0,0,0,0,0,0,0,0
0,0,0,0,0,0,0,0,0,0
0,0,0,0,0,0,0,0,0,0
0,0,0,0,0,0,0,0,0,0
0,0,0,0,0,0,0,0,0,0
0,0,0,0,0,0,0,0,0,0
0,0,0,0,0,0,0,0,0,0
0,0,0,0,0,0,0,0,0,0
0,0,0,0,0,0,0,0,0,0
0,0,0,0,0,0,0,0,0,0
0,0,0,0,0,0,0,0,0,0
0,0,0,0,0,0,0,0,0,0
0,0,0,0,0,0,0,0,0,0
0,0,0,0,0,0,0,0,0,0
0,0,0,0,0,0,0,0,0,0
0,0,0,0,0,0,0,0,0,0
0,0,0,0,0,0,0,0,0,0
0,0,0,0,0,0,0,0,0,0
0,0,0,0,0,0,0,0,0,0
0,0,0,0,0,0,0,0,0,0
0,0,0,0,0,0,0,0,0,0
0,0,0,0,0,0,0,0,0,0
0,0,0,0,0,0,0,0,0,0
0,0,0,0,0,0,0,0,0,0
0,0,0,0,0,0,0,0,0,0
0,0,0,0,0,0,0,0,0,0
0,0,0,0,0,0,0,0,0,0
0,0,0,0,0,0,0,0,0,0
0,0,0,0,0,0,0,0,0,0
0,0,0,0,0,0,0,0,0,0
0,0,0,0,0,0,0,0,0,0
0,0,0,0,0,0,0,0,0,0
0,0,0,0,0,0,0,0,0,0
0,0,0,0,0,0,0,0,0,0
0,0,0,0,0,0,0,0,0,0
0,0,0,0,0,0,0,0,0,0
0,0,0,0,0,0,0,0,0,0
0,0,0,0,0,0,0,0,0,0
0,0,0,0,0,0,0,0,0,0
0,0,0,0,0,0,0,0,0,0
0,0,0,0,0,0,0,0,0,0
0,0,0,0,0,0,0,0,0,0
0,0,0,0,0,0,0,0,0,0
0,0,0,0,0,0,0,0,0,0
0,0,0,0,0,0,0,0,0,0
0,0,0,0,0,0,0,0,0,0
0,0,0,0,0,0,0,0,0,0
0,0,0,0,0,0,0,0,0,0
0,0,0,0,0,0,0,0,0,0
0,0,0,0,0,0,0,0,0,0
0,0,0,0,0,0,0,0,0,0
0,0,0,0,0,0,0,0,0,0
0,0,0,0,0,0,0,0,0,0
0,0,0,0,0,0,0,0,0,0
0,0,0,0,0,0,0,0,0,0
0,0,0,0,0,0,0,0,0,0
0,0,0,0,0,0,0,0,0,0
0,0,0,0,0,0,0,0,0,0
0,0,0,0,0,0,0,0,0,0
0,0,0,0,0,0,0,0,0,0
0,0,0,0,0,0,0,0,0,0
0,0,0,0,0,0,0,0,0,0
0,0,0,0,0,0,0,0,0,0
0,0,0,0,0,0,0,0,0,0
0,0,0,0,0,0,0,0,0,0
0,0,0,0,0,0,0,0,0,0
0,0,0,0,0,0,0,0,0,0
0,0,0,0,0,0,0,0,0,0
0,0,0,0,0,0,0,0,0,0
0,0,0,0,0,0,0,0,0,0
0,0,0,0,0,0,0,0,0,0
0,0,0,0,0,0,0,0,0,0
0,0,0,0,0,0,0,0,0,0
0,0,0,0,0,0,0,0,0,0
0,0,0,0,0,0,0,0,0,0
0,0,0,0,0,0,0,0,0,0
0,0,0,0,0,0,0,0,0,0
0,0,0,0,0,0,0,0,0,0
0,0,0,0,0,0,0,0,0,0
0,0,0,0,0,0,0,0,0,0
0,0,0,0,0,0,0,0,0,0
0,0,0,0,0,0,0,0,0,0
0,0,0,0,0,0,0,0,0,0
0,0,0,0,0,0,0,0,0,0
0,0,0,0,0,0,0,0,0,0
0,0,0,0,0,0,0,0,0,0
0,0,0,0,0,0,0,0,0,0
0,0,0,0,0,0,0,0,0,0
0,0,0,0,0,0,0,0,0,0
0,0,0,0,0,0,0,0,0,0
0,0,0,0,0,0,0,0,0,0
0,0,0,0,0,0,0,0,0,0
0,0,0,0,0,0,0,0,0,0
0,0,0,0,0,0,0,0,0,0
0,0,0,0,0,0,0,0,0,0
0,0,0,0,0,0,0,0,0,0
0,0,0,0,0,0,0,0,0,0
0,0,0,0,0,0,0,0,0,0
0,0,0,0,0,0,0,0,0,0
0,0,0,0,0,0,0,0,0,0
0,0,0,0,0,0,0,0,0,0
0,0,0,0,0,0,0,0,0,0
0,0,0,0,0,0,0,0,0,0
0,0,0,0,0,0,0,0,0,0
0,0,0,0,0,0,0,0,0,0
0,0,0,0,0,0,0,0,0,0
0,0,0,0,0,0,0,0,0,0
0,0,0,0,0,0,0,0,0,0
0,0,0,0,0,0,0,0,0,0
0,0,0,0,0,0,0,0,0,0
0,0,0,0,0,0,0,0,0,0
0,0,0,0,0,0,0,0,0,0
0,0,0,0,0,0,0,0,0,0
0,0,0,0,0,0,0,0,0,0
0,0,0,0,0,0,0,0,0,0
0,0,0,0,0,0,0,0,0,0
0,0,0,0,0,0,0,0,0,0
0,0,0,0,0,0,0,0,0,0
0,0,0,0,0,0,0,0,0,0
0,0,0,0,0,0,0,0,0,0
0,0,0,0,0,0,0,0,0,0
0,0,0,0,0,0,0,0,0,0
0,0,0,0,0,0,0,0,0,0
0,0,0,0,0,0,0,0,0,0
0,0,0,0,0,0,0,0,0,0
0,0,0,0,0,0,0,0,0,0
0,0,0,0,0,0,0,0,0,0
0,0,0,0,0,0,0,0,0,0
0,0,0,0,0,0,0,0,0,0
0,0,0,0,0,0,0,0,0,0
0,0,0,0,0,0,0,0,0,0
0,0,0,0,0,0,0,0,0,0
0,0,0,0,0,0,0,0,0,0
0,0,0,0,0,0,0,0,0,0
0,0,0,0,0,0,0,0,0,0
0,0,0,0,0,0,0,0,0,0
0,0,0,0,0,0,0,0,0,0
0,0,0,0,0,0,0,0,0,0
0,0,0,0,0,0,0,0,0,0
0,0,0,0,0,0,0,0,0,0
0,0,0,0,0,0,0,0,0,0
0,0,0,0,0,0,0,0,0,0
0,0,0,0,0,0,0,0,0,0
0,0,0,0,0,0,0,0,0,0
0,0,0,0,0,0,0,0,0,0
0,0,0,0,0,0,0,0,0,0
0,0,0,0,0,0,0,0,0,0
0,0,0,0,0,0,0,0,0,0
0,0,0,0,0,0,0,0,0,0
0,0,0,0,0,0,0,0,0,0
0,0,0,0,0,0,0,0,0,0
0,0,0,0,0,0,0,0,0,0
0,0,0,0,0,0,0,0,0,0
0,0,0,0,0,0,0,0,0,0
0,0,0,0,0,0,0,0,0,0
0,0,0,0,0,0,0,0,0,0
0,0,0,0,0,0,0,0,0,0
0,0,0,0,0,0,0,0,0,0
0,0,0,0,0,0,0,0,0,0
0,0,0,0,0,0,0,0,0,0
0,0,0,0,0,0,0,0,0,0
0,0,0,0,0,0,0,0,0,0
0,0,0,0,0,0,0,0,0,0
0,0,0,0,0,0,0,0,0,0
0,0,0,0,0,0,0,0,0,0
0,0,0,0,0,0,0,0,0,0
0,0,0,0,0,0,0,0,0,0
0,0,0,0,0,0,0,0,0,0
0,0,0,0,0,0,0,0,0,0
0,0,0,0,0,0,0,0,0,0
0,0,0,0,0,0,0,0,0,0
0,0,0,0,0,0,0,0,0,0
0,0,0,0,0,0,0,0,0,0
0,0,0,0,0,0,0,0,0,0
0,0,0,0,0,0,0,0,0,0
0,0,0,0,0,0,0,0,0,0
0,0,0,0,0,0,0,0,0,0
0,0,0,0,0,0,0,0,0,0
0,0,0,0,0,0,0,0,0,0
0,0,0,0,0,0,0,0,0,0
0,0,0,0,0,0,0,0,0,0
0,0,0,0,0,0,0,0,0,0
0,0,0,0,0,0,0,0,0,0
0,0,0,0,0,0,0,0,0,0
0,0,0,0,0,0,0,0,0,0
0,0,0,0,0,0,0,0,0,0
0,0,0,0,0,0,0,0,0,0
0,0,0,0,0,0,0,0,0,0
0,0,0,0,0,0,0,0,0,0
0,0,0,0,0,0,0,0,0,0
0,0,0,0,0,0,0,0,0,0
0,0,0,0,0,0,0,0,0,0
0,0,0,0,0,0,0,0,0,0
0,0,0,0,0,0,0,0,0,0
0,0,0,0,0,0,0,0,0,0
0,0,0,0,0,0,0,0,0,0
0,0,0,0,0,0,0,0,0,0
0,0,0,0,0,0,0,0,0,0
0,0,0,0,0,0,0,0,0,0
0,0,0,0,0,0,0,0,0,0
0,0,0,0,0,0,0,0,0,0
0,0,0,0,0,0,0,0,0,0
0,0,0,0,0,0,0,0,0,0
0,0,0,0,0,0,0,0,0,0
0,0,0,0,0,0,0,0,0,0
0,0,0,0,0,0,0,0,0,0
0,0,0,0,0,0,0,0,0,0
0,0,0,0,0,0,0,0,0,0
0,0,0,0,0,0,0,0,0,0
0,0,0,0,0,0,0,0,0,0
0,0,0,0,0,0,0,0,0,0
0,0,0,0,0,0,0,0,0,0
0,0,0,0,0,0,0,0,0,0
0,0,0,0,0,0,0,0,0,0
0,0,0,0,0,0,0,0,0,0
0,0,0,0,0,0,0,0,0,0
0,0,0,0,0,0,0,0,0,0
0,0,0,0,0,0,0,0,0,0
0,0,0,0,0,0,0,0,0,0
0,0,0,0,0,0,0,0,0,0
0,0,0,0,0,0,0,0,0,0
0,0,0,0,0,0,0,0,0,0
0,0,0,0,0,0,0,0,0,0
0,0,0,0,0,0,0,0,0,0
0,0,0,0,0,0,0,0,0,0
0,0,0,0,0,0,0,0,0,0
0,0,0,0,0,0,0,0,0,0
0,0,0,0,0,0,0,0,0,0
0,0,0,0,0,0,0,0,0,0
0,0,0,0,0,0,0,0,0,0
0,0,0,0,0,0,0,0,0,0
0,0,0,0,0,0,0,0,0,0
0,0,0,0,0,0,0,0,0,0
0,0,0,0,0,0,0,0,0,0
0,0,0,0,0,0,0,0,0,0
0,0,0,0,0,0,0,0,0,0
0,0,0,0,0,0,0,0,0,0
0,0,0,0,0,0,0,0,0,0
0,0,0,0,0,0,0,0,0,0
0,0,0,0,0,0,0,0,0,0
0,0,0,0,0,0,0,0,0,0
0,0,0,0,0,0,0,0,0,0
0,0,0,0,0,0,0,0,0,0
0,0,0,0,0,0,0,0,0,0
0,0,0,0,0,0,0,0,0,0
0,0,0,0,0,0,0,0,0,0
0,0,0,0,0,0,0,0,0,0
0,0,0,0,0,0,0,0,0,0
0,0,0,0,0,0,0,0,0,0
0,0,0,0,0,0,0,0,0,0
0,0,0,0,0,0,0,0,0,0
0,0,0,0,0,0,0,0,0,0
0,0,0,0,0,0,0,0,0,0
0,0,0,0,0,0,0,0,0,0
0,0,0,0,0,0,0,0,0,0
0,0,0,0,0,0,0,0,0,0
0,0,0,0,0,0,0,0,0,0
0,0,0,0,0,0,0,0,0,0
0,0,0,0,0,0,0,0,0,0
0,0,0,0,0,0,0,0,0,0
0,0,0,0,0,0,0,0,0,0
0,0,0,0,0,0,0,0,0,0
0,0,0,0,0,0,0,0,0,0
0,0,0,0,0,0,0,0,0,0
0,0,0,0,0,0,0,0,0,0
0,0,0,0,0,0,0,0,0,0
0,0,0,0,0,0,0,0,0,0
0,0,0,0,0,0,0,0,0,0
0,0,0,0,0,0,0,0,0,0
0,0,0,0,0,0,0,0,0,0
0,0,0,0,0,0,0,0,0,0
0,0,0,0,0,0,0,0,0,0
0,0,0,0,0,0,0,0,0,0
0,0,0,0,0,0,0,0,0,0
0,0,0,0,0,0,0,0,0,0
0,0,0,0,0,0,0,0,0,0
0,0,0,0,0,0,0,0,0,0
0,0,0,0,0,0,0,0,0,0
0,0,0,0,0,0,0,0,0,0
0,0,0,0,0,0,0,0,0,0
0,0,0,0,0,0,0,0,0,0
0,0,0,0,0,0,0,0,0,0
0,0,0,0,0,0,0,0,0,0
0,0,0,0,0,0,0,0,0,0
0,0,0,0,0,0,0,0,0,0
0,0,0,0,0,0,0,0,0,0
0,0,0,0,0,0,0,0,0,0
0,0,0,0,0,0,0,0,0,0
0,0,0,0,0,0,0,0,0,0
0,0,0,0,0,0,0,0,0,0
0,0,0,0,0,0,0,0,0,0
0,0,0,0,0,0,0,0,0,0
0,0,0,0,0,0,0,0,0,0
0,0,0,0,0,0,0,0,0,0
0,0,0,0,0,0,0,0,0,0
0,0,0,0,0,0,0,0,0,0
0,0,0,0,0,0,0,0,0,0
0,0,0,0,0,0,0,0,0,0
0,0,0,0,0,0,0,0,0,0
0,0,0,0,0,0,0,0,0,0
0,0,0,0,0,0,0,0,0,0
0,0,0,0,0,0,0,0,0,0
0,0,0,0,0,0,0,0,0,0
0,0,0,0,0,0,0,0,0,0
0,0,0,0,0,0,0,0,0,0
0,0,0,0,0,0,0,0,0,0
0,0,0,0,0,0,0,0,0,0
0,0,0,0,0,0,0,0,0,0
0,0,0,0,0,0,0,0,0,0
0,0,0,0,0,0,0,0,0,0
0,0,0,0,0,0,0,0,0,0
0,0,0,0,0,0,0,0,0,0
0,0,0,0,0,0,0,0,0,0
0,0,0,0,0,0,0,0,0,0
0,0,0,0,0,0,0,0,0,0
0,0,0,0,0,0,0,0,0,0
0,0,0,0,0,0,0,0,0,0
0,0,0,0,0,0,0,0,0,0
0,0,0,0,0,0,0,0,0,0
0,0,0,0,0,0,0,0,0,0
0,0,0,0,0,0,0,0,0,0
0,0,0,0,0,0,0,0,0,0
0,0,0,0,0,0,0,0,0,0
0,0,0,0,0,0,0,0,0,0
0,0,0,0,0,0,0,0,0,0
0,0,0,0,0,0,0,0,0,0
0,0,0,0,0,0,0,0,0,0
0,0,0,0,0,0,0,0,0,0
0,0,0,0,0,0,0,0,0,0
0,0,0,0,0,0,0,0,0,0
0,0,0,0,0,0,0,0,0,0
0,0,0,0,0,0,0,0,0,0
0,0,0,0,0,0,0,0,0,0
0,0,0,0,0,0,0,0,0,0
0,0,0,0,0,0,0,0,0,0
0,0,0,0,0,0,0,0,0,0
0,0,0,0,0,0,0,0,0,0
0,0,0,0,0,0,0,0,0,0
0,0,0,0,0,0,0,0,0,0
0,0,0,0,0,0,0,0,0,0
0,0,0,0,0,0,0,0,0,0
0,0,0,0,0,0,0,0,0,0
0,0,0,0,0,0,0,0,0,0
0,0,0,0,0,0,0,0,0,0
0,0,0,0,0,0,0,0,0,0
0,0,0,0,0,0,0,0,0,0
0,0,0,0,0,0,0,0,0,0
0,0,0,0,0,0,0,0,0,0
0,0,0,0,0,0,0,0,0,0
0,0,0,0,0,0,0,0,0,0
0,0,0,0,0,0,0,0,0,0
0,0,0,0,0,0,0,0,0,0
0,0,0,0,0,0,0,0,0,0
0,0,0,0,0,0,0,0,0,0
0,0,0,0,0,0,0,0,0,0
0,0,0,0,0,0,0,0,0,0
0,0,0,0,0,0,0,0,0,0
0,0,0,0,0,0,0,0,0,0
0,0,0,0,0,0,0,0,0,0
0,0,0,0,0,0,0,0,0,0
0,0,0,0,0,0,0,0,0,0
0,0,0,0,0,0,0,0,0,0
0,0,0,0,0,0,0,0,0,0
0,0,0,0,0,0,0,0,0,0
0,0,0,0,0,0,0,0,0,0
0,0,0,0,0,0,0,0,0,0
0,0,0,0,0,0,0,0,0,0
0,0,0,0,0,0,0,0,0,0
0,0,0,0,0,0,0,0,0,0
0,0,0,0,0,0,0,0,0,0
0,0,0,0,0,0,0,0,0,0
0,0,0,0,0,0,0,0,0,0
0,0,0,0,0,0,0,0,0,0
0,0,0,0,0,0,0,0,0,0
0,0,0,0,0,0,0,0,0,0
0,0,0,0,0,0,0,0,0,0
0,0,0,0,0,0,0,0,0,0
0,0,0,0,0,0,0,0,0,0
0,0,0,0,0,0,0,0,0,0
0,0,0,0,0,0,0,0,0,0
0,0,0,0,0,0,0,0,0,0
0,0,0,0,0,0,0,0,0,0
0,0,0,0,0,0,0,0,0,0
0,0,0,0,0,0,0,0,0,0
0,0,0,0,0,0,0,0,0,0
0,0,0,0,0,0,0,0,0,0
0,0,0,0,0,0,0,0,0,0
0,0,0,0,0,0,0,0,0,0
0,0,0,0,0,0,0,0,0,0
0,0,0,0,0,0,0,0,0,0
0,0,0,0,0,0,0,0,0,0
0,0,0,0,0,0,0,0,0,0
0,0,0,0,0,0,0,0,0,0
0,0,0,0,0,0,0,0,0,0
0,0,0,0,0,0,0,0,0,0
0,0,0,0,0,0,0,0,0,0
0,0,0,0,0,0,0,0,0,0
0,0,0,0,0,0,0,0,0,0
0,0,0,0,0,0,0,0,0,0
0,0,0,0,0,0,0,0,0,0
0,0,0,0,0,0,0,0,0,0
0,0,0,0,0,0,0,0,0,0
0,0,0,0,0,0,0,0,0,0
0,0,0,0,0,0,0,0,0,0
0,0,0,0,0,0,0,0,0,0
0,0,0,0,0,0,0,0,0,0
0,0,0,0,0,0,0,0,0,0
0,0,0,0,0,0,0,0,0,0
0,0,0,0,0,0,0,0,0,0
0,0,0,0,0,0,0,0,0,0
0,0,0,0,0,0,0,0,0,0
0,0,0,0,0,0,0,0,0,0
0,0,0,0,0,0,0,0,0,0
0,0,0,0,0,0,0,0,0,0
0,0,0,0,0,0,0,0,0,0
0,0,0,0,0,0,0,0,0,0
0,0,0,0,0,0,0,0,0,0
0,0,0,0,0,0,0,0,0,0
0,0,0,0,0,0,0,0,0,0
0,0,0,0,0,0,0,0,0,0
0,0,0,0,0,0,0,0,0,0
0,0,0,0,0,0,0,0,0,0
0,0,0,0,0,0,0,0,0,0
0,0,0,0,0,0,0,0,0,0
0,0,0,0,0,0,0,0,0,0
0,0,0,0,0,0,0,0,0,0
0,0,0,0,0,0,0,0,0,0
0,0,0,0,0,0,0,0,0,0
0,0,0,0,0,0,0,0,0,0
0,0,0,0,0,0,0,0,0,0
0,0,0,0,0,0,0,0,0,0
0,0,0,0,0,0,0,0,0,0
0,0,0,0,0,0,0,0,0,0
0,0,0,0,0,0,0,0,0,0
0,0,0,0,0,0,0,0,0,0
0,0,0,0,0,0,0,0,0,0
0,0,0,0,0,0,0,0,0,0
0,0,0,0,0,0,0,0,0,0
0,0,0,0,0,0,0,0,0,0
0,0,0,0,0,0,0,0,0,0
0,0,0,0,0,0,0,0,0,0
0,0,0,0,0,0,0,0,0,0
0,0,0,0,0,0,0,0,0,0
0,0,0,0,0,0,0,0,0,0
0,0,0,0,0,0,0,0,0,0
0,0,0,0,0,0,0,0,0,0
0,0,0,0,0,0,0,0,0,0
0,0,0,0,0,0,0,0,0,0
0,0,0,0,0,0,0,0,0,0
0,0,0,0,0,0,0,0,0,0
0,0,0,0,0,0,0,0,0,0
0,0,0,0,0,0,0,0,0,0
0,0,0,0,0,0,0,0,0,0
0,0,0,0,0,0,0,0,0,0
0,0,0,0,0,0,0,0,0,0
0,0,0,0,0,0,0,0,0,0
0,0,0,0,0,0,0,0,0,0
0,0,0,0,0,0,0,0,0,0
0,0,0,0,0,0,0,0,0,0
0,0,0,0,0,0,0,0,0,0
0,0,0,0,0,0,0,0,0,0
0,0,0,0,0,0,0,0,0,0
0,0,0,0,0,0,0,0,0,0
0,0,0,0,0,0,0,0,0,0
0,0,0,0,0,0,0,0,0,0
0,0,0,0,0,0,0,0,0,0
0,0,0,0,0,0,0,0,0,0
0,0,0,0,0,0,0,0,0,0
0,0,0,0,0,0,0,0,0,0
0,0,0,0,0,0,0,0,0,0
0,0,0,0,0,0,0,0,0,0
0,0,0,0,0,0,0,0,0,0
0,0,0,0,0,0,0,0,0,0
0,0,0,0,0,0,0,0,0,0
0,0,0,0,0,0,0,0,0,0
0,0,0,0,0,0,0,0,0,0
0,0,0,0,0,0,0,0,0,0
0,0,0,0,0,0,0,0,0,0
0,0,0,0,0,0,0,0,0,0
0,0,0,0,0,0,0,0,0,0
0,0,0,0,0,0,0,0,0,0
0,0,0,0,0,0,0,0,0,0
0,0,0,0,0,0,0,0,0,0
0,0,0,0,0,0,0,0,0,0
0,0,0,0,0,0,0,0,0,0
0,0,0,0,0,0,0,0,0,0
0,0,0,0,0,0,0,0,0,0
0,0,0,0,0,0,0,0,0,0
0,0,0,0,0,0,0,0,0,0
0,0,0,0,0,0,0,0,0,0
0,0,0,0,0,0,0,0,0,0
0,0,0,0,0,0,0,0,0,0
0,0,0,0,0,0,0,0,0,0
0,0,0,0,0,0,0,0,0,0
0,0,0,0,0,0,0,0,0,0
0,0,0,0,0,0,0,0,0,0
0,0,0,0,0,0,0,0,0,0
0,0,0,0,0,0,0,0,0,0
0,0,0,0,0,0,0,0,0,0
0,0,0,0,0,0,0,0,0,0
0,0,0,0,0,0,0,0,0,0
0,0,0,0,0,0,0,0,0,0
0,0,0,0,0,0,0,0,0,0
0,0,0,0,0,0,0,0,0,0
0,0,0,0,0,0,0,0,0,0
0,0,0,0,0,0,0,0,0,0
0,0,0,0,0,0,0,0,0,0
0,0,0,0,0,0,0,0,0,0
0,0,0,0,0,0,0,0,0,0
0,0,0,0,0,0,0,0,0,0
0,0,0,0,0,0,0,0,0,0
0,0,0,0,0,0,0,0,0,0
0,0,0,0,0,0,0,0,0,0
0,0,0,0,0,0,0,0,0,0
0,0,0,0,0,0,0,0,0,0
0,0,0,0,0,0,0,0,0,0
0,0,0,0,0,0,0,0,0,0
0,0,0,0,0,0,0,0,0,0
0,0,0,0,0,0,0,0,0,0
0,0,0,0,0,0,0,0,0,0
0,0,0,0,0,0,0,0,0,0
0,0,0,0,0,0,0,0,0,0
0,0,0,0,0,0,0,0,0,0
0,0,0,0,0,0,0,0,0,0
0,0,0,0,0,0,0,0,0,0
0,0,0,0,0,0,0,0,0,0
0,0,0,0,0,0,0,0,0,0
0,0,0,0,0,0,0,0,0,0
0,0,0,0,0,0,0,0,0,0
0,0,0,0,0,0,0,0,0,0
0,0,0,0,0,0,0,0,0,0
0,0,0,0,0,0,0,0,0,0
0,0,0,0,0,0,0,0,0,0
0,0,0,0,0,0,0,0,0,0
0,0,0,0,0,0,0,0,0,0
0,0,0,0,0,0,0,0,0,0
0,0,0,0,0,0,0,0,0,0
0,0,0,0,0,0,0,0,0,0
0,0,0,0,0,0,0,0,0,0
0,0,0,0,0,0,0,0,0,0
0,0,0,0,0,0,0,0,0,0
0,0,0,0,0,0,0,0,0,0
0,0,0,0,0,0,0,0,0,0
0,0,0,0,0,0,0,0,0,0
0,0,0,0,0,0,0,0,0,0
0,0,0,0,0,0,0,0,0,0
0,0,0,0,0,0,0,0,0,0
0,0,0,0,0,0,0,0,0,0
0,0,0,0,0,0,0,0,0,0
0,0,0,0,0,0,0,0,0,0
0,0,0,0,0,0,0,0,0,0
0,0,0,0,0,0,0,0,0,0
0,0,0,0,0,0,0,0,0,0
0,0,0,0,0,0,0,0,0,0
0,0,0,0,0,0,0,0,0,0
0,0,0,0,0,0,0,0,0,0
0,0,0,0,0,0,0,0,0,0
0,0,0,0,0,0,0,0,0,0
0,0,0,0,0,0,0,0,0,0
0,0,0,0,0,0,0,0,0,0
0,0,0,0,0,0,0,0,0,0
0,0,0,0,0,0,0,0,0,0
0,0,0,0,0,0,0,0,0,0
0,0,0,0,0,0,0,0,0,0
0,0,0,0,0,0,0,0,0,0
0,0,0,0,0,0,0,0,0,0
0,0,0,0,0,0,0,0,0,0
0,0,0,0,0,0,0,0,0,0
0,0,0,0,0,0,0,0,0,0
0,0,0,0,0,0,0,0,0,0
0,0,0,0,0,0,0,0,0,0
0,0,0,0,0,0,0,0,0,0
0,0,0,0,0,0,0,0,0,0
0,0,0,0,0,0,0,0,0,0
0,0,0,0,0,0,0,0,0,0
0,0,0,0,0,0,0,0,0,0
0,0,0,0,0,0,0,0,0,0
0,0,0,0,0,0,0,0,0,0
0,0,0,0,0,0,0,0,0,0
0,0,0,0,0,0,0,0,0,0
0,0,0,0,0,0,0,0,0,0
0,0,0,0,0,0,0,0,0,0
0,0,0,0,0,0,0,0,0,0
0,0,0,0,0,0,0,0,0,0
0,0,0,0,0,0,0,0,0,0
0,0,0,0,0,0,0,0,0,0
0,0,0,0,0,0,0,0,0,0
0,0,0,0,0,0,0,0,0,0
0,0,0,0,0,0,0,0,0,0
0,0,0,0,0,0,0,0,0,0
0,0,0,0,0,0,0,0,0,0
0,0,0,0,0,0,0,0,0,0
0,0,0,0,0,0,0,0,0,0
0,0,0,0,0,0,0,0,0,0
0,0,0,0,0,0,0,0,0,0
0,0,0,0,0,0,0,0,0,0
0,0,0,0,0,0,0,0,0,0
0,0,0,0,0,0,0,0,0,0
0,0,0,0,0,0,0,0,0,0
0,0,0,0,0,0,0,0,0,0
0,0,0,0,0,0,0,0,0,0
0,0,0,0,0,0,0,0,0,0
0,0,0,0,0,0,0,0,0,0
0,0,0,0,0,0,0,0,0,0
0,0,0,0,0,0,0,0,0,0
0,0,0,0,0,0,0,0,0,0
0,0,0,0,0,0,0,0,0,0
0,0,0,0,0,0,0,0,0,0
0,0,0,0,0,0,0,0,0,0
0,0,0,0,0,0,0,0,0,0
0,0,0,0,0,0,0,0,0,0
0,0,0,0,0,0,0,0,0,0
0,0,0,0,0,0,0,0,0,0
0,0,0,0,0,0,0,0,0,0
0,0,0,0,0,0,0,0,0,0
0,0,0,0,0,0,0,0,0,0
0,0,0,0,0,0,0,0,0,0
0,0,0,0,0,0,0,0,0,0
0,0,0,0,0,0,0,0,0,0
0,0,0,0,0,0,0,0,0,0
0,0,0,0,0,0,0,0,0,0
0,0,0,0,0,0,0,0,0,0
0,0,0,0,0,0,0,0,0,0
0,0,0,0,0,0,0,0,0,0
0,0,0,0,0,0,0,0,0,0
0,0,0,0,0,0,0,0,0,0
0,0,0,0,0,0,0,0,0,0
0,0,0,0,0,0,0,0,0,0
0,0,0,0,0,0,0,0,0,0
0,0,0,0,0,0,0,0,0,0
0,0,0,0,0,0,0,0,0,0
0,0,0,0,0,0,0,0,0,0
0,0,0,0,0,0,0,0,0,0
0,0,0,0,0,0,0,0,0,0
0,0,0,0,0,0,0,0,0,0
0,0,0,0,0,0,0,0,0,0
0,0,0,0,0,0,0,0,0,0
0,0,0,0,0,0,0,0,0,0
0,0,0,0,0,0,0,0,0,0
0,0,0,0,0,0,0,0,0,0
0,0,0,0,0,0,0,0,0,0
0,0,0,0,0,0,0,0,0,0
0,0,0,0,0,0,0,0,0,0
0,0,0,0,0,0,0,0,0,0
0,0,0,0,0,0,0,0,0,0
0,0,0,0,0,0,0,0,0,0
0,0,0,0,0,0,0,0,0,0
0,0,0,0,0,0,0,0,0,0
0,0,0,0,0,0,0,0,0,0
0,0,0,0,0,0,0,0,0,0
0,0,0,0,0,0,0,0,0,0
0,0,0,0,0,0,0,0,0,0
0,0,0,0,0,0,0,0,0,0
0,0,0,0,0,0,0,0,0,0
0,0,0,0,0,0,0,0,0,0
0,0,0,0,0,0,0,0,0,0
0,0,0,0,0,0,0,0,0,0
0,0,0,0,0,0,0,0,0,0
0,0,0,0,0,0,0,0,0,0
0,0,0,0,0,0,0,0,0,0
0,0,0,0,0,0,0,0,0,0
0,0,0,0,0,0,0,0,0,0
0,0,0,0,0,0,0,0,0,0
0,0,0,0,0,0,0,0,0,0
0,0,0,0,0,0,0,0,0,0
0,0,0,0,0,0,0,0,0,0
0,0,0,0,0,0,0,0,0,0
0,0,0,0,0,0,0,0,0,0
0,0,0,0,0,0,0,0,0,0
0,0,0,0,0,0,0,0,0,0
0,0,0,0,0,0,0,0,0,0
0,0,0,0,0,0,0,0,0,0
0,0,0,0,0,0,0,0,0,0
0,0,0,0,0,0,0,0,0,0
0,0,0,0,0,0,0,0,0,0
0,0,0,0,0,0,0,0,0,0
0,0,0,0,0,0,0,0,0,0
0,0,0,0,0,0,0,0,0,0
0,0,0,0,0,0,0,0,0,0
0,0,0,0,0,0,0,0,0,0
0,0,0,0,0,0,0,0,0,0
0,0,0,0,0,0,0,0,0,0
0,0,0,0,0,0,0,0,0,0
0,0,0,0,0,0,0,0,0,0
0,0,0,0,0,0,0,0,0,0
0,0,0,0,0,0,0,0,0,0
0,0,0,0,0,0,0,0,0,0
0,0,0,0,0,0,0,0,0,0
0,0,0,0,0,0,0,0,0,0
0,0,0,0,0,0,0,0,0,0
0,0,0,0,0,0,0,0,0,0
0,0,0,0,0,0,0,0,0,0
0,0,0,0,0,0,0,0,0,0
0,0,0,0,0,0,0,0,0,0
0,0,0,0,0,0,0,0,0,0
0,0,0,0,0,0,0,0,0,0
0,0,0,0,0,0,0,0,0,0
0,0,0,0,0,0,0,0,0,0
0,0,0,0,0,0,0,0,0,0
0,0,0,0,0,0,0,0,0,0
0,0,0,0,0,0,0,0,0,0
0,0,0,0,0,0,0,0,0,0
0,0,0,0,0,0,0,0,0,0
0,0,0,0,0,0,0,0,0,0
0,0,0,0,0,0,0,0,0,0
0,0,0,0,0,0,0,0,0,0
0,0,0,0,0,0,0,0,0,0
0,0,0,0,0,0,0,0,0,0
0,0,0,0,0,0,0,0,0,0
0,0,0,0,0,0,0,0,0,0
0,0,0,0,0,0,0,0,0,0
0,0,0,0,0,0,0,0,0,0
0,0,0,0,0,0,0,0,0,0
0,0,0,0,0,0,0,0,0,0
0,0,0,0,0,0,0,0,0,0
0,0,0,0,0,0,0,0,0,0
0,0,0,0,0,0,0,0,0,0
0,0,0,0,0,0,0,0,0,0
0,0,0,0,0,0,0,0,0,0
0,0,0,0,0,0,0,0,0,0
0,0,0,0,0,0,0,0,0,0
0,0,0,0,0,0,0,0,0,0
0,0,0,0,0,0,0,0,0,0
0,0,0,0,0,0,0,0,0,0
0,0,0,0,0,0,0,0,0,0
0,0,0,0,0,0,0,0,0,0
0,0,0,0,0,0,0,0,0,0
0,0,0,0,0,0,0,0,0,0
0,0,0,0,0,0,0,0,0,0
0,0,0,0,0,0,0,0,0,0
0,0,0,0,0,0,0,0,0,0
0,0,0,0,0,0,0,0,0,0
0,0,0,0,0,0,0,0,0,0
0,0,0,0,0,0,0,0,0,0
0,0,0,0,0,0,0,0,0,0
0,0,0,0,0,0,0,0,0,0
0,0,0,0,0,0,0,0,0,0
0,0,0,0,0,0,0,0,0,0
0,0,0,0,0,0,0,0,0,0
0,0,0,0,0,0,0,0,0,0
0,0,0,0,0,0,0,0,0,0
0,0,0,0,0,0,0,0,0,0
0,0,0,0,0,0,0,0,0,0
0,0,0,0,0,0,0,0,0,0
0,0,0,0,0,0,0,0,0,0
0,0,0,0,0,0,0,0,0,0
0,0,0,0,0,0,0,0,0,0
0,0,0,0,0,0,0,0,0,0
0,0,0,0,0,0,0,0,0,0
0,0,0,0,0,0,0,0,0,0
0,0,0,0,0,0,0,0,0,0
0,0,0,0,0,0,0,0,0,0
0,0,0,0,0,0,0,0,0,0
0,0,0,0,0,0,0,0,0,0
0,0,0,0,0,0,0,0,0,0
0,0,0,0,0,0,0,0,0,0
0,0,0,0,0,0,0,0,0,0
0,0,0,0,0,0,0,0,0,0
0,0,0,0,0,0,0,0,0,0
0,0,0,0,0,0,0,0,0,0
0,0,0,0,0,0,0,0,0,0
0,0,0,0,0,0,0,0,0,0
0,0,0,0,0,0,0,0,0,0
0,0,0,0,0,0,0,0,0,0
0,0,0,0,0,0,0,0,0,0
0,0,0,0,0,0,0,0,0,0
0,0,0,0,0,0,0,0,0,0
0,0,0,0,0,0,0,0,0,0
0,0,0,0,0,0,0,0,0,0
0,0,0,0,0,0,0,0,0,0
0,0,0,0,0,0,0,0,0,0
0,0,0,0,0,0,0,0,0,0
0,0,0,0,0,0,0,0,0,0
0,0,0,0,0,0,0,0,0,0
0,0,0,0,0,0,0,0,0,0
0,0,0,0,0,0,0,0,0,0
0,0,0,0,0,0,0,0,0,0
0,0,0,0,0,0,0,0,0,0
0,0,0,0,0,0,0,0,0,0
0,0,0,0,0,0,0,0,0,0
0,0,0,0,0,0,0,0,0,0
0,0,0,0,0,0,0,0,0,0
0,0,0,0,0,0,0,0,0,0
0,0,0,0,0,0,0,0,0,0
0,0,0,0,0,0,0,0,0,0
0,0,0,0,0,0,0,0,0,0
0,0,0,0,0,0,0,0,0,0
0,0,0,0,0,0,0,0,0,0
0,0,0,0,0,0,0,0,0,0
0,0,0,0,0,0,0,0,0,0
0,0,0,0,0,0,0,0,0,0
0,0,0,0,0,0,0,0,0,0
0,0,0,0,0,0,0,0,0,0
0,0,0,0,0,0,0,0,0,0
0,0,0,0,0,0,0,0,0,0
0,0,0,0,0,0,0,0,0,0
0,0,0,0,0,0,0,0,0,0
0,0,0,0,0,0,0,0,0,0
0,0,0,0,0,0,0,0,0,0
0,0,0,0,0,0,0,0,0,0
0,0,0,0,0,0,0,0,0,0
0,0,0,0,0,0,0,0,0,0
0,0,0,0,0,0,0,0,0,0
0,0,0,0,0,0,0,0,0,0
0,0,0,0,0,0,0,0,0,0
0,0,0,0,0,0,0,0,0,0
0,0,0,0,0,0,0,0,0,0
0,0,0,0,0,0,0,0,0,0
0,0,0,0,0,0,0,0,0,0
0,0,0,0,0,0,0,0,0,0
0,0,0,0,0,0,0,0,0,0
0,0,0,0,0,0,0,0,0,0
0,0,0,0,0,0,0,0,0,0
0,0,0,0,0,0,0,0,0,0
0,0,0,0,0,0,0,0,0,0
0,0,0,0,0,0,0,0,0,0
0,0,0,0,0,0,0,0,0,0
0,0,0,0,0,0,0,0,0,0
0,0,0,0,0,0,0,0,0,0
0,0,0,0,0,0,0,0,0,0
0,0,0,0,0,0,0,0,0,0
0,0,0,0,0,0,0,0,0,0
0,0,0,0,0,0,0,0,0,0
0,0,0,0,0,0,0,0,0,0
0,0,0,0,0,0,0,0,0,0
0,0,0,0,0,0,0,0,0,0
0,0,0,0,0,0,0,0,0,0
0,0,0,0,0,0,0,0,0,0
0,0,0,0,0,0,0,0,0,0
0,0,0,0,0,0,0,0,0,0
0,0,0,0,0,0,0,0,0,0
0,0,0,0,0,0,0,0,0,0
0,0,0,0,0,0,0,0,0,0
0,0,0,0,0,0,0,0,0,0
0,0,0,0,0,0,0,0,0,0
0,0,0,0,0,0,0,0,0,0
0,0,0,0,0,0,0,0,0,0
0,0,0,0,0,0,0,0,0,0
0,0,0,0,0,0,0,0,0,0
0,0,0,0,0,0,0,0,0,0
0,0,0,0,0,0,0,0,0,0
0,0,0,0,0,0,0,0,0,0
0,0,0,0,0,0,0,0,0,0
0,0,0,0,0,0,0,0,0,0
0,0,0,0,0,0,0,0,0,0
0,0,0,0,0,0,0,0,0,0
0,0,0,0,0,0,0,0,0,0
0,0,0,0,0,0,0,0,0,0
0,0,0,0,0,0,0,0,0,0
0,0,0,0,0,0,0,0,0,0
0,0,0,0,0,0,0,0,0,0
0,0,0,0,0,0,0,0,0,0
0,0,0,0,0,0,0,0,0,0
0,0,0,0,0,0,0,0,0,0
0,0,0,0,0,0,0,0,0,0
0,0,0,0,0,0,0,0,0,0
0,0,0,0,0,0,0,0,0,0
0,0,0,0,0,0,0,0,0,0
0,0,0,0,0,0,0,0,0,0
0,0,0,0,0,0,0,0,0,0
0,0,0,0,0,0,0,0,0,0
0,0,0,0,0,0,0,0,0,0
0,0,0,0,0,0,0,0,0,0
0,0,0,0,0,0,0,0,0,0
0,0,0,0,0,0,0,0,0,0
0,0,0,0,0,0,0,0,0,0
0,0,0,0,0,0,0,0,0,0
0,0,0,0,0,0,0,0,0,0
0,0,0,0,0,0,0,0,0,0
0,0,0,0,0,0,0,0,0,0
0,0,0,0,0,0,0,0,0,0
0,0,0,0,0,0,0,0,0,0
0,0,0,0,0,0,0,0,0,0
0,0,0,0,0,0,0,0,0,0
0,0,0,0,0,0,0,0,0,0
0,0,0,0,0,0,0,0,0,0
0,0,0,0,0,0,0,0,0,0
0,0,0,0,0,0,0,0,0,0
0,0,0,0,0,0,0,0,0,0
0,0,0,0,0,0,0,0,0,0
0,0,0,0,0,0,0,0,0,0
0,0,0,0,0,0,0,0,0,0
0,0,0,0,0,0,0,0,0,0
0,0,0,0,0,0,0,0,0,0
0,0,0,0,0,0,0,0,0,0
0,0,0,0,0,0,0,0,0,0
0,0,0,0,0,0,0,0,0,0
0,0,0,0,0,0,0,0,0,0
0,0,0,0,0,0,0,0,0,0
0,0,0,0,0,0,0,0,0,0
0,0,0,0,0,0,0,0,0,0
0,0,0,0,0,0,0,0,0,0
0,0,0,0,0,0,0,0,0,0
0,0,0,0,0,0,0,0,0,0
0,0,0,0,0,0,0,0,0,0
0,0,0,0,0,0,0,0,0,0
0,0,0,0,0,0,0,0,0,0
0,0,0,0,0,0,0,0,0,0
0,0,0,0,0,0,0,0,0,0
0,0,0,0,0,0,0,0,0,0
0,0,0,0,0,0,0,0,0,0
0,0,0,0,0,0,0,0,0,0
0,0,0,0,0,0,0,0,0,0
0,0,0,0,0,0,0,0,0,0
0,0,0,0,0,0,0,0,0,0
0,0,0,0,0,0,0,0,0,0
0,0,0,0,0,0,0,0,0,0
0,0,0,0,0,0,0,0,0,0
0,0,0,0,0,0,0,0,0,0
0,0,0,0,0,0,0,0,0,0
0,0,0,0,0,0,0,0,0,0
0,0,0,0,0,0,0,0,0,0
0,0,0,0,0,0,0,0,0,0
0,0,0,0,0,0,0,0,0,0
0,0,0,0,0,0,0,0,0,0
0,0,0,0,0,0,0,0,0,0
0,0,0,0,0,0,0,0,0,0
0,0,0,0,0,0,0,0,0,0
0,0,0,0,0,0,0,0,0,0
0,0,0,0,0,0,0,0,0,0
0,0,0,0,0,0,0,0,0,0
0,0,0,0,0,0,0,0,0,0
0,0,0,0,0,0,0,0,0,0
0,0,0,0,0,0,0,0,0,0
0,0,0,0,0,0,0,0,0,0
0,0,0,0,0,0,0,0,0,0
0,0,0,0,0,0,0,0,0,0
0,0,0,0,0,0,0,0,0,0
0,0,0,0,0,0,0,0,0,0
0,0,0,0,0,0,0,0,0,0
0,0,0,0,0,0,0,0,0,0
0,0,0,0,0,0,0,0,0,0
0,0,0,0,0,0,0,0,0,0
0,0,0,0,0,0,0,0,0,0
0,0,0,0,0,0,0,0,0,0
0,0,0,0,0,0,0,0,0,0
0,0,0,0,0,0,0,0,0,0
0,0,0,0,0,0,0,0,0,0
0,0,0,0,0,0,0,0,0,0
0,0,0,0,0,0,0,0,0,0
0,0,0,0,0,0,0,0,0,0
0,0,0,0,0,0,0,0,0,0
0,0,0,0,0,0,0,0,0,0
0,0,0,0,0,0,0,0,0,0
0,0,0,0,0,0,0,0,0,0
0,0,0,0,0,0,0,0,0,0
0,0,0,0,0,0,0,0,0,0
0,0,0,0,0,0,0,0,0,0
0,0,0,0,0,0,0,0,0,0
0,0,0,0,0,0,0,0,0,0
0,0,0,0,0,0,0,0,0,0
0,0,0,0,0,0,0,0,0,0
0,0,0,0,0,0,0,0,0,0
0,0,0,0,0,0,0,0,0,0
0,0,0,0,0,0,0,0,0,0
0,0,0,0,0,0,0,0,0,0
0,0,0,0,0,0,0,0,0,0
0,0,0,0,0,0,0,0,0,0
0,0,0,0,0,0,0,0,0,0
0,0,0,0,0,0,0,0,0,0
0,0,0,0,0,0,0,0,0,0
0,0,0,0,0,0,0,0,0,0
0,0,0,0,0,0,0,0,0,0
0,0,0,0,0,0,0,0,0,0
0,0,0,0,0,0,0,0,0,0
0,0,0,0,0,0,0,0,0,0
0,0,0,0,0,0,0,0,0,0
0,0,0,0,0,0,0,0,0,0
0,0,0,0,0,0,0,0,0,0
0,0,0,0,0,0,0,0,0,0
0,0,0,0,0,0,0,0,0,0
0,0,0,0,0,0,0,0,0,0
0,0,0,0,0,0,0,0,0,0
0,0,0,0,0,0,0,0,0,0
0,0,0,0,0,0,0,0,0,0
0,0,0,0,0,0,0,0,0,0
0,0,0,0,0,0,0,0,0,0
0,0,0,0,0,0,0,0,0,0
0,0,0,0,0,0,0,0,0,0
0,0,0,0,0,0,0,0,0,0
0,0,0,0,0,0,0,0,0,0
0,0,0,0,0,0,0,0,0,0
0,0,0,0,0,0,0,0,0,0
0,0,0,0,0,0,0,0,0,0
0,0,0,0,0,0,0,0,0,0
0,0,0,0,0,0,0,0,0,0
0,0,0,0,0,0,0,0,0,0
0,0,0,0,0,0,0,0,0,0
0,0,0,0,0,0,0,0,0,0
0,0,0,0,0,0,0,0,0,0
0,0,0,0,0,0,0,0,0,0
0,0,0,0,0,0,0,0,0,0
0,0,0,0,0,0,0,0,0,0
0,0,0,0,0,0,0,0,0,0
0,0,0,0,0,0,0,0,0,0
0,0,0,0,0,0,0,0,0,0
0,0,0,0,0,0,0,0,0,0
0,0,0,0,0,0,0,0,0,0
0,0,0,0,0,0,0,0,0,0
0,0,0,0,0,0,0,0,0,0
0,0,0,0,0,0,0,0,0,0
0,0,0,0,0,0,0,0,0,0
0,0,0,0,0,0,0,0,0,0
0,0,0,0,0,0,0,0,0,0
0,0,0,0,0,0,0,0,0,0
0,0,0,0,0,0,0,0,0,0
0,0,0,0,0,0,0,0,0,0
0,0,0,0,0,0,0,0,0,0
0,0,0,0,0,0,0,0,0,0
0,0,0,0,0,0,0,0,0,0
0,0,0,0,0,0,0,0,0,0
0,0,0,0,0,0,0,0,0,0
0,0,0,0,0,0,0,0,0,0
0,0,0,0,0,0,0,0,0,0
0,0,0,0,0,0,0,0,0,0
0,0,0,0,0,0,0,0,0,0
0,0,0,0,0,0,0,0,0,0
0,0,0,0,0,0,0,0,0,0
0,0,0,0,0,0,0,0,0,0
0,0,0,0,0,0,0,0,0,0
0,0,0,0,0,0,0,0,0,0
0,0,0,0,0,0,0,0,0,0
0,0,0,0,0,0,0,0,0,0
0,0,0,0,0,0,0,0,0,0
0,0,0,0,0,0,0,0,0,0
0,0,0,0,0,0,0,0,0,0
0,0,0,0,0,0,0,0,0,0
0,0,0,0,0,0,0,0,0,0
0,0,0,0,0,0,0,0,0,0
0,0,0,0,0,0,0,0,0,0
0,0,0,0,0,0,0,0,0,0
0,0,0,0,0,0,0,0,0,0
0,0,0,0,0,0,0,0,0,0
0,0,0,0,0,0,0,0,0,0
0,0,0,0,0,0,0,0,0,0
0,0,0,0,0,0,0,0,0,0
0,0,0,0,0,0,0,0,0,0
0,0,0,0,0,0,0,0,0,0
0,0,0,0,0,0,0,0,0,0
0,0,0,0,0,0,0,0,0,0
0,0,0,0,0,0,0,0,0,0
0,0,0,0,0,0,0,0,0,0
0,0,0,0,0,0,0,0,0,0
0,0,0,0,0,0,0,0,0,0
0,0,0,0,0,0,0,0,0,0
0,0,0,0,0,0,0,0,0,0
0,0,0,0,0,0,0,0,0,0
0,0,0,0,0,0,0,0,0,0
0,0,0,0,0,0,0,0,0,0
0,0,0,0,0,0,0,0,0,0
0,0,0,0,0,0,0,0,0,0
0,0,0,0,0,0,0,0,0,0
0,0,0,0,0,0,0,0,0,0
0,0,0,0,0,0,0,0,0,0
0,0,0,0,0,0,0,0,0,0
0,0,0,0,0,0,0,0,0,0
0,0,0,0,0,0,0,0,0,0
0,0,0,0,0,0,0,0,0,0
0,0,0,0,0,0,0,0,0,0
0,0,0,0,0,0,0,0,0,0
0,0,0,0,0,0,0,0,0,0
0,0,0,0,0,0,0,0,0,0
0,0,0,0,0,0,0,0,0,0
0,0,0,0,0,0,0,0,0,0
0,0,0,0,0,0,0,0,0,0
0,0,0,0,0,0,0,0,0,0
0,0,0,0,0,0,0,0,0,0
0,0,0,0,0,0,0,0,0,0
0,0,0,0,0,0,0,0,0,0
0,0,0,0,0,0,0,0,0,0
0,0,0,0,0,0,0,0,0,0
0,0,0,0,0,0,0,0,0,0
0,0,0,0,0,0,0,0,0,0
0,0,0,0,0,0,0,0,0,0
0,0,0,0,0,0,0,0,0,0
0,0,0,0,0,0,0,0,0,0
0,0,0,0,0,0,0,0,0,0
0,0,0,0,0,0,0,0,0,0
0,0,0,0,0,0,0,0,0,0
0,0,0,0,0,0,0,0,0,0
0,0,0,0,0,0,0,0,0,0
0,0,0,0,0,0,0,0,0,0
0,0,0,0,0,0,0,0,0,0
0,0,0,0,0,0,0,0,0,0
0,0,0,0,0,0,0,0,0,0
0,0,0,0,0,0,0,0,0,0
0,0,0,0,0,0,0,0,0,0
0,0,0,0,0,0,0,0,0,0
0,0,0,0,0,0,0,0,0,0
0,0,0,0,0,0,0,0,0,0
0,0,0,0,0,0,0,0,0,0
0,0,0,0,0,0,0,0,0,0
0,0,0,0,0,0,0,0,0,0
0,0,0,0,0,0,0,0,0,0
0,0,0,0,0,0,0,0,0,0
0,0,0,0,0,0,0,0,0,0
0,0,0,0,0,0,0,0,0,0
0,0,0,0,0,0,0,0,0,0
0,0,0,0,0,0,0,0,0,0
0,0,0,0,0,0,0,0,0,0
0,0,0,0,0,0,0,0,0,0
0,0,0,0,0,0,0,0,0,0
0,0,0,0,0,0,0,0,0,0
0,0,0,0,0,0,0,0,0,0
0,0,0,0,0,0,0,0,0,0
0,0,0,0,0,0,0,0,0,0
0,0,0,0,0,0,0,0,0,0
0,0,0,0,0,0,0,0,0,0
0,0,0,0,0,0,0,0,0,0
0,0,0,0,0,0,0,0,0,0
0,0,0,0,0,0,0,0,0,0
0,0,0,0,0,0,0,0,0,0
0,0,0,0,0,0,0,0,0,0
0,0,0,0,0,0,0,0,0,0
0,0,0,0,0,0,0,0,0,0
0,0,0,0,0,0,0,0,0,0
0,0,0,0,0,0,0,0,0,0
0,0,0,0,0,0,0,0,0,0
0,0,0,0,0,0,0,0,0,0
0,0,0,0,0,0,0,0,0,0
0,0,0,0,0,0,0,0,0,0
0,0,0,0,0,0,0,0,0,0
0,0,0,0,0,0,0,0,0,0
0,0,0,0,0,0,0,0,0,0
0,0,0,0,0,0,0,0,0,0
0,0,0,0,0,0,0,0,0,0
0,0,0,0,0,0,0,0,0,0
0,0,0,0,0,0,0,0,0,0
0,0,0,0,0,0,0,0,0,0
0,0,0,0,0,0,0,0,0,0
0,0,0,0,0,0,0,0,0,0
0,0,0,0,0,0,0,0,0,0
0,0,0,0,0,0,0,0,0,0
0,0,0,0,0,0,0,0,0,0
0,0,0,0,0,0,0,0,0,0
0,0,0,0,0,0,0,0,0,0
0,0,0,0,0,0,0,0,0,0
0,0,0,0,0,0,0,0,0,0
0,0,0,0,0,0,0,0,0,0
0,0,0,0,0,0,0,0,0,0
0,0,0,0,0,0,0,0,0,0
0,0,0,0,0,0,0,0,0,0
0,0,0,0,0,0,0,0,0,0
0,0,0,0,0,0,0,0,0,0
0,0,0,0,0,0,0,0,0,0
0,0,0,0,0,0,0,0,0,0
0,0,0,0,0,0,0,0,0,0
0,0,0,0,0,0,0,0,0,0
0,0,0,0,0,0,0,0,0,0
0,0,0,0,0,0,0,0,0,0
0,0,0,0,0,0,0,0,0,0
0,0,0,0,0,0,0,0,0,0
0,0,0,0,0,0,0,0,0,0
0,0,0,0,0,0,0,0,0,0
0,0,0,0,0,0,0,0,0,0
0,0,0,0,0,0,0,0,0,0
0,0,0,0,0,0,0,0,0,0
0,0,0,0,0,0,0,0,0,0
0,0,0,0,0,0,0,0,0,0
0,0,0,0,0,0,0,0,0,0
0,0,0,0,0,0,0,0,0,0
0,0,0,0,0,0,0,0,0,0
0,0,0,0,0,0,0,0,0,0
0,0,0,0,0,0,0,0,0,0
0,0,0,0,0,0,0,0,0,0
0,0,0,0,0,0,0,0,0,0
0,0,0,0,0,0,0,0,0,0
0,0,0,0,0,0,0,0,0,0
0,0,0,0,0,0,0,0,0,0
0,0,0,0,0,0,0,0,0,0
0,0,0,0,0,0,0,0,0,0
0,0,0,0,0,0,0,0,0,0
0,0,0,0,0,0,0,0,0,0
0,0,0,0,0,0,0,0,0,0
0,0,0,0,0,0,0,0,0,0
0,0,0,0,0,0,0,0,0,0
0,0,0,0,0,0,0,0,0,0
0,0,0,0,0,0,0,0,0,0
0,0,0,0,0,0,0,0,0,0
0,0,0,0,0,0,0,0,0,0
0,0,0,0,0,0,0,0,0,0
0,0,0,0,0,0,0,0,0,0
0,0,0,0,0,0,0,0,0,0
0,0,0,0,0,0,0,0,0,0
0,0,0,0,0,0,0,0,0,0
0,0,0,0,0,0,0,0,0,0
0,0,0,0,0,0,0,0,0,0
0,0,0,0,0,0,0,0,0,0
0,0,0,0,0,0,0,0,0,0
0,0,0,0,0,0,0,0,0,0
0,0,0,0,0,0,0,0,0,0
0,0,0,0,0,0,0,0,0,0
0,0,0,0,0,0,0,0,0,0
0,0,0,0,0,0,0,0,0,0
0,0,0,0,0,0,0,0,0,0
0,0,0,0,0,0,0,0,0,0
0,0,0,0,0,0,0,0,0,0
0,0,0,0,0,0,0,0,0,0
0,0,0,0,0,0,0,0,0,0
0,0,0,0,0,0,0,0,0,0
0,0,0,0,0,0,0,0,0,0
0,0,0,0,0,0,0,0,0,0
0,0,0,0,0,0,0,0,0,0
0,0,0,0,0,0,0,0,0,0
0,0,0,0,0,0,0,0,0,0
0,0,0,0,0,0,0,0,0,0
0,0,0,0,0,0,0,0,0,0
0,0,0,0,0,0,0,0,0,0
0,0,0,0,0,0,0,0,0,0
0,0,0,0,0,0,0,0,0,0
0,0,0,0,0,0,0,0,0,0
0,0,0,0,0,0,0,0,0,0
0,0,0,0,0,0,0,0,0,0
0,0,0,0,0,0,0,0,0,0
0,0,0,0,0,0,0,0,0,0
0,0,0,0,0,0,0,0,0,0
0,0,0,0,0,0,0,0,0,0
0,0,0,0,0,0,0,0,0,0
0,0,0,0,0,0,0,0,0,0
0,0,0,0,0,0,0,0,0,0
0,0,0,0,0,0,0,0,0,0
0,0,0,0,0,0,0,0,0,0
0,0,0,0,0,0,0,0,0,0
0,0,0,0,0,0,0,0,0,0
0,0,0,0,0,0,0,0,0,0
0,0,0,0,0,0,0,0,0,0
0,0,0,0,0,0,0,0,0,0
0,0,0,0,0,0,0,0,0,0
0,0,0,0,0,0,0,0,0,0
0,0,0,0,0,0,0,0,0,0
0,0,0,0,0,0,0,0,0,0
0,0,0,0,0,0,0,0,0,0
0,0,0,0,0,0,0,0,0,0
0,0,0,0,0,0,0,0,0,0
0,0,0,0,0,0,0,0,0,0
0,0,0,0,0,0,0,0,0,0
0,0,0,0,0,0,0,0,0,0
0,0,0,0,0,0,0,0,0,0
0,0,0,0,0,0,0,0,0,0
0,0,0,0,0,0,0,0,0,0
0,0,0,0,0,0,0,0,0,0
0,0,0,0,0,0,0,0,0,0
0,0,0,0,0,0,0,0,0,0
0,0,0,0,0,0,0,0,0,0
0,0,0,0,0,0,0,0,0,0
0,0,0,0,0,0,0,0,0,0
0,0,0,0,0,0,0,0,0,0
0,0,0,0,0,0,0,0,0,0
0,0,0,0,0,0,0,0,0,0
0,0,0,0,0,0,0,0,0,0
0,0,0,0,0,0,0,0,0,0
0,0,0,0,0,0,0,0,0,0
0,0,0,0,0,0,0,0,0,0
0,0,0,0,0,0,0,0,0,0
0,0,0,0,0,0,0,0,0,0
0,0,0,0,0,0,0,0,0,0
0,0,0,0,0,0,0,0,0,0
0,0,0,0,0,0,0,0,0,0
0,0,0,0,0,0,0,0,0,0
0,0,0,0,0,0,0,0,0,0
0,0,0,0,0,0,0,0,0,0
0,0,0,0,0,0,0,0,0,0
0,0,0,0,0,0,0,0,0,0
0,0,0,0,0,0,0,0,0,0
0,0,0,0,0,0,0,0,0,0
0,0,0,0,0,0,0,0,0,0
0,0,0,0,0,0,0,0,0,0
0,0,0,0,0,0,0,0,0,0
0,0,0,0,0,0,0,0,0,0
0,0,0,0,0,0,0,0,0,0
0,0,0,0,0,0,0,0,0,0
0,0,0,0,0,0,0,0,0,0
0,0,0,0,0,0,0,0,0,0
0,0,0,0,0,0,0,0,0,0
0,0,0,0,0,0,0,0,0,0
0,0,0,0,0,0,0,0,0,0
0,0,0,0,0,0,0,0,0,0
0,0,0,0,0,0,0,0,0,0
0,0,0,0,0,0,0,0,0,0
0,0,0,0,0,0,0,0,0,0
0,0,0,0,0,0,0,0,0,0
0,0,0,0,0,0,0,0,0,0
0,0,0,0,0,0,0,0,0,0
0,0,0,0,0,0,0,0,0,0
0,0,0,0,0,0,0,0,0,0
0,0,0,0,0,0,0,0,0,0
0,0,0,0,0,0,0,0,0,0
0,0,0,0,0,0,0,0,0,0
0,0,0,0,0,0,0,0,0,0
0,0,0,0,0,0,0,0,0,0
0,0,0,0,0,0,0,0,0,0
0,0,0,0,0,0,0,0,0,0
0,0,0,0,0,0,0,0,0,0
0,0,0,0,0,0,0,0,0,0
0,0,0,0,0,0,0,0,0,0
0,0,0,0,0,0,0,0,0,0
0,0,0,0,0,0,0,0,0,0
0,0,0,0,0,0,0,0,0,0
0,0,0,0,0,0,0,0,0,0
0,0,0,0,0,0,0,0,0,0
0,0,0,0,0,0,0,0,0,0
0,0,0,0,0,0,0,0,0,0
0,0,0,0,0,0,0,0,0,0
0,0,0,0,0,0,0,0,0,0
0,0,0,0,0,0,0,0,0,0
0,0,0,0,0,0,0,0,0,0
0,0,0,0,0,0,0,0,0,0
0,0,0,0,0,0,0,0,0,0
0,0,0,0,0,0,0,0,0,0
0,0,0,0,0,0,0,0,0,0
0,0,0,0,0,0,0,0,0,0
0,0,0,0,0,0,0,0,0,0
0,0,0,0,0,0,0,0,0,0
0,0,0,0,0,0,0,0,0,0
0,0,0,0,0,0,0,0,0,0
0,0,0,0,0,0,0,0,0,0
0,0,0,0,0,0,0,0,0,0
0,0,0,0,0,0,0,0,0,0
0,0,0,0,0,0,0,0,0,0
0,0,0,0,0,0,0,0,0,0
0,0,0,0,0,0,0,0,0,0
0,0,0,0,0,0,0,0,0,0
0,0,0,0,0,0,0,0,0,0
0,0,0,0,0,0,0,0,0,0
0,0,0,0,0,0,0,0,0,0
0,0,0,0,0,0,0,0,0,0
0,0,0,0,0,0,0,0,0,0
0,0,0,0,0,0,0,0,0,0
0,0,0,0,0,0,0,0,0,0
0,0,0,0,0,0,0,0,0,0
0,0,0,0,0,0,0,0,0,0
0,0,0,0,0,0,0,0,0,0
0,0,0,0,0,0,0,0,0,0
0,0,0,0,0,0,0,0,0,0
0,0,0,0,0,0,0,0,0,0
0,0,0,0,0,0,0,0,0,0
0,0,0,0,0,0,0,0,0,0
0,0,0,0,0,0,0,0,0,0
0,0,0,0,0,0,0,0,0,0
0,0,0,0,0,0,0,0,0,0
0,0,0,0,0,0,0,0,0,0
0,0,0,0,0,0,0,0,0,0
0,0,0,0,0,0,0,0,0,0
0,0,0,0,0,0,0,0,0,0
0,0,0,0,0,0,0,0,0,0
0,0,0,0,0,0,0,0,0,0
0,0,0,0,0,0,0,0,0,0
0,0,0,0,0,0,0,0,0,0
0,0,0,0,0,0,0,0,0,0
0,0,0,0,0,0,0,0,0,0
0,0,0,0,0,0,0,0,0,0
0,0,0,0,0,0,0,0,0,0
0,0,0,0,0,0,0,0,0,0
0,0,0,0,0,0,0,0,0,0
0,0,0,0,0,0,0,0,0,0
0,0,0,0,0,0,0,0,0,0
0,0,0,0,0,0,0,0,0,0
0,0,0,0,0,0,0,0,0,0
0,0,0,0,0,0,0,0,0,0
0,0,0,0,0,0,0,0,0,0
0,0,0,0,0,0,0,0,0,0
0,0,0,0,0,0,0,0,0,0
0,0,0,0,0,0,0,0,0,0
0,0,0,0,0,0,0,0,0,0
0,0,0,0,0,0,0,0,0,0
0,0,0,0,0,0,0,0,0,0
0,0,0,0,0,0,0,0,0,0
0,0,0,0,0,0,0,0,0,0
0,0,0,0,0,0,0,0,0,0
0,0,0,0,0,0,0,0,0,0
0,0,0,0,0,0,0,0,0,0
0,0,0,0,0,0,0,0,0,0
0,0,0,0,0,0,0,0,0,0
0,0,0,0,0,0,0,0,0,0
0,0,0,0,0,0,0,0,0,0
0,0,0,0,0,0,0,0,0,0
0,0,0,0,0,0,0,0,0,0
0,0,0,0,0,0,0,0,0,0
0,0,0,0,0,0,0,0,0,0
0,0,0,0,0,0,0,0,0,0
0,0,0,0,0,0,0,0,0,0
0,0,0,0,0,0,0,0,0,0
0,0,0,0,0,0,0,0,0,0
0,0,0,0,0,0,0,0,0,0
0,0,0,0,0,0,0,0,0,0
0,0,0,0,0,0,0,0,0,0
0,0,0,0,0,0,0,0,0,0
0,0,0,0,0,0,0,0,0,0
0,0,0,0,0,0,0,0,0,0
0,0,0,0,0,0,0,0,0,0
0,0,0,0,0,0,0,0,0,0
0,0,0,0,0,0,0,0,0,0
0,0,0,0,0,0,0,0,0,0
0,0,0,0,0,0,0,0,0,0
0,0,0,0,0,0,0,0,0,0
0,0,0,0,0,0,0,0,0,0
0,0,0,0,0,0,0,0,0,0
0,0,0,0,0,0,0,0,0,0
0,0,0,0,0,0,0,0,0,0
0,0,0,0,0,0,0,0,0,0
0,0,0,0,0,0,0,0,0,0
0,0,0,0,0,0,0,0,0,0
0,0,0,0,0,0,0,0,0,0
0,0,0,0,0,0,0,0,0,0
0,0,0,0,0,0,0,0,0,0
0,0,0,0,0,0,0,0,0,0
0,0,0,0,0,0,0,0,0,0
0,0,0,0,0,0,0,0,0,0
0,0,0,0,0,0,0,0,0,0
0,0,0,0,0,0,0,0,0,0
0,0,0,0,0,0,0,0,0,0
0,0,0,0,0,0,0,0,0,0
0,0,0,0,0,0,0,0,0,0
0,0,0,0,0,0,0,0,0,0
0,0,0,0,0,0,0,0,0,0
0,0,0,0,0,0,0,0,0,0
0,0,0,0,0,0,0,0,0,0
0,0,0,0,0,0,0,0,0,0
0,0,0,0,0,0,0,0,0,0
0,0,0,0,0,0,0,0,0,0
0,0,0,0,0,0,0,0,0,0
0,0,0,0,0,0,0,0,0,0
0,0,0,0,0,0,0,0,0,0
0,0,0,0,0,0,0,0,0,0
0,0,0,0,0,0,0,0,0,0
0,0,0,0,0,0,0,0,0,0
0,0,0,0,0,0,0,0,0,0
0,0,0,0,0,0,0,0,0,0
0,0,0,0,0,0,0,0,0,0
0,0,0,0,0,0,0,0,0,0
0,0,0,0,0,0,0,0,0,0
0,0,0,0,0,0,0,0,0,0
0,0,0,0,0,0,0,0,0,0
0,0,0,0,0,0,0,0,0,0
0,0,0,0,0,0,0,0,0,0
0,0,0,0,0,0,0,0,0,0
0,0,0,0,0,0,0,0,0,0
0,0,0,0,0,0,0,0,0,0
0,0,0,0,0,0,0,0,0,0
0,0,0,0,0,0,0,0,0,0
0,0,0,0,0,0,0,0,0,0
0,0,0,0,0,0,0,0,0,0
0,0,0,0,0,0,0,0,0,0
0,0,0,0,0,0,0,0,0,0
0,0,0,0,0,0,0,0,0,0
0,0,0,0,0,0,0,0,0,0
0,0,0,0,0,0,0,0,0,0
0,0,0,0,0,0,0,0,0,0
0,0,0,0,0,0,0,0,0,0
0,0,0,0,0,0,0,0,0,0
0,0,0,0,0,0,0,0,0,0
0,0,0,0,0,0,0,0,0,0
0,0,0,0,0,0,0,0,0,0
0,0,0,0,0,0,0,0,0,0
0,0,0,0,0,0,0,0,0,0
0,0,0,0,0,0,0,0,0,0
0,0,0,0,0,0,0,0,0,0
0,0,0,0,0,0,0,0,0,0
0,0,0,0,0,0,0,0,0,0
0,0,0,0,0,0,0,0,0,0
0,0,0,0,0,0,0,0,0,0
0,0,0,0,0,0,0,0,0,0
0,0,0,0,0,0,0,0,0,0
0,0,0,0,0,0,0,0,0,0
0,0,0,0,0,0,0,0,0,0
0,0,0,0,0,0,0,0,0,0
0,0,0,0,0,0,0,0,0,0
0,0,0,0,0,0,0,0,0,0
0,0,0,0,0,0,0,0,0,0
0,0,0,0,0,0,0,0,0,0
0,0,0,0,0,0,0,0,0,0
0,0,0,0,0,0,0,0,0,0
0,0,0,0,0,0,0,0,0,0
0,0,0,0,0,0,0,0,0,0
0,0,0,0,0,0,0,0,0,0
0,0,0,0,0,0,0,0,0,0
0,0,0,0,0,0,0,0,0,0
0,0,0,0,0,0,0,0,0,0
0,0,0,0,0,0,0,0,0,0
0,0,0,0,0,0,0,0,0,0
0,0,0,0,0,0,0,0,0,0
0,0,0,0,0,0,0,0,0,0
0,0,0,0,0,0,0,0,0,0
0,0,0,0,0,0,0,0,0,0
0,0,0,0,0,0,0,0,0,0
0,0,0,0,0,0,0,0,0,0
0,0,0,0,0,0,0,0,0,0
0,0,0,0,0,0,0,0,0,0
0,0,0,0,0,0,0,0,0,0
0,0,0,0,0,0,0,0,0,0
0,0,0,0,0,0,0,0,0,0
0,0,0,0,0,0,0,0,0,0
0,0,0,0,0,0,0,0,0,0
0,0,0,0,0,0,0,0,0,0
0,0,0,0,0,0,0,0,0,0
0,0,0,0,0,0,0,0,0,0
0,0,0,0,0,0,0,0,0,0
0,0,0,0,0,0,0,0,0,0
0,0,0,0,0,0,0,0,0,0
0,0,0,0,0,0,0,0,0,0
0,0,0,0,0,0,0,0,0,0
0,0,0,0,0,0,0,0,0,0
0,0,0,0,0,0,0,0,0,0
0,0,0,0,0,0,0,0,0,0
0,0,0,0,0,0,0,0,0,0
0,0,0,0,0,0,0,0,0,0
0,0,0,0,0,0,0,0,0,0
0,0,0,0,0,0,0,0,0,0
0,0,0,0,0,0,0,0,0,0
0,0,0,0,0,0,0,0,0,0
0,0,0,0,0,0,0,0,0,0
0,0,0,0,0,0,0,0,0,0
0,0,0,0,0,0,0,0,0,0
0,0,0,0,0,0,0,0,0,0
0,0,0,0,0,0,0,0,0,0
0,0,0,0,0,0,0,0,0,0
0,0,0,0,0,0,0,0,0,0
0,0,0,0,0,0,0,0,0,0
0,0,0,0,0,0,0,0,0,0
0,0,0,0,0,0,0,0,0,0
0,0,0,0,0,0,0,0,0,0
0,0,0,0,0,0,0,0,0,0
0,0,0,0,0,0,0,0,0,0
0,0,0,0,0,0,0,0,0,0
0,0,0,0,0,0,0,0,0,0
0,0,0,0,0,0,0,0,0,0
0,0,0,0,0,0,0,0,0,0
0,0,0,0,0,0,0,0,0,0
0,0,0,0,0,0,0,0,0,0
0,0,0,0,0,0,0,0,0,0
0,0,0,0,0,0,0,0,0,0
0,0,0,0,0,0,0,0,0,0
0,0,0,0,0,0,0,0,0,0
0,0,0,0,0,0,0,0,0,0
0,0,0,0,0,0,0,0,0,0
0,0,0,0,0,0,0,0,0,0
0,0,0,0,0,0,0,0,0,0
0,0,0,0,0,0,0,0,0,0
0,0,0,0,0,0,0,0,0,0
0,0,0,0,0,0,0,0,0,0
0,0,0,0,0,0,0,0,0,0
0,0,0,0,0,0,0,0,0,0
0,0,0,0,0,0,0,0,0,0
0,0,0,0,0,0,0,0,0,0
0,0,0,0,0,0,0,0,0,0
0,0,0,0,0,0,0,0,0,0
0,0,0,0,0,0,0,0,0,0
0,0,0,0,0,0,0,0,0,0
0,0,0,0,0,0,0,0,0,0
0,0,0,0,0,0,0,0,0,0
0,0,0,0,0,0,0,0,0,0
0,0,0,0,0,0,0,0,0,0
0,0,0,0,0,0,0,0,0,0
0,0,0,0,0,0,0,0,0,0
0,0,0,0,0,0,0,0,0,0
0,0,0,0,0,0,0,0,0,0
0,0,0,0,0,0,0,0,0,0
0,0,0,0,0,0,0,0,0,0
0,0,0,0,0,0,0,0,0,0
0,0,0,0,0,0,0,0,0,0
0,0,0,0,0,0,0,0,0,0
0,0,0,0,0,0,0,0,0,0
0,0,0,0,0,0,0,0,0,0
0,0,0,0,0,0,0,0,0,0
0,0,0,0,0,0,0,0,0,0
0,0,0,0,0,0,0,0,0,0
0,0,0,0,0,0,0,0,0,0
0,0,0,0,0,0,0,0,0,0
0,0,0,0,0,0,0,0,0,0
0,0,0,0,0,0,0,0,0,0
0,0,0,0,0,0,0,0,0,0
0,0,0,0,0,0,0,0,0,0
0,0,0,0,0,0,0,0,0,0
0,0,0,0,0,0,0,0,0,0
0,0,0,0,0,0,0,0,0,0
0,0,0,0,0,0,0,0,0,0
0,0,0,0,0,0,0,0,0,0
0,0,0,0,0,0,0,0,0,0
0,0,0,0,0,0,0,0,0,0
0,0,0,0,0,0,0,0,0,0
0,0,0,0,0,0,0,0,0,0
0,0,0,0,0,0,0,0,0,0
0,0,0,0,0,0,0,0,0,0
0,0,0,0,0,0,0,0,0,0
0,0,0,0,0,0,0,0,0,0
0,0,0,0,0,0,0,0,0,0
0,0,0,0,0,0,0,0,0,0
0,0,0,0,0,0,0,0,0,0
0,0,0,0,0,0,0,0,0,0
0,0,0,0,0,0,0,0,0,0
0,0,0,0,0,0,0,0,0,0
0,0,0,0,0,0,0,0,0,0
0,0,0,0,0,0,0,0,0,0
0,0,0,0,0,0,0,0,0,0
0,0,0,0,0,0,0,0,0,0
0,0,0,0,0,0,0,0,0,0
0,0,0,0,0,0,0,0,0,0
0,0,0,0,0,0,0,0,0,0
0,0,0,0,0,0,0,0,0,0
0,0,0,0,0,0,0,0,0,0
0,0,0,0,0,0,0,0,0,0
0,0,0,0,0,0,0,0,0,0
0,0,0,0,0,0,0,0,0,0
0,0,0,0,0,0,0,0,0,0
0,0,0,0,0,0,0,0,0,0
0,0,0,0,0,0,0,0,0,0
0,0,0,0,0,0,0,0,0,0
0,0,0,0,0,0,0,0,0,0
0,0,0,0,0,0,0,0,0,0
0,0,0,0,0,0,0,0,0,0
0,0,0,0,0,0,0,0,0,0
0,0,0,0,0,0,0,0,0,0
0,0,0,0,0,0,0,0,0,0
0,0,0,0,0,0,0,0,0,0
0,0,0,0,0,0,0,0,0,0
0,0,0,0,0,0,0,0,0,0
0,0,0,0,0,0,0,0,0,0
0,0,0,0,0,0,0,0,0,0
0,0,0,0,0,0,0,0,0,0
0,0,0,0,0,0,0,0,0,0
0,0,0,0,0,0,0,0,0,0
0,0,0,0,0,0,0,0,0,0
0,0,0,0,0,0,0,0,0,0
0,0,0,0,0,0,0,0,0,0
0,0,0,0,0,0,0,0,0,0
0,0,0,0,0,0,0,0,0,0
0,0,0,0,0,0,0,0,0,0
0,0,0,0,0,0,0,0,0,0
0,0,0,0,0,0,0,0,0,0
0,0,0,0,0,0,0,0,0,0
0,0,0,0,0,0,0,0,0,0
0,0,0,0,0,0,0,0,0,0
0,0,0,0,0,0,0,0,0,0
0,0,0,0,0,0,0,0,0,0
0,0,0,0,0,0,0,0,0,0
0,0,0,0,0,0,0,0,0,0
0,0,0,0,0,0,0,0,0,0
0,0,0,0,0,0,0,0,0,0
0,0,0,0,0,0,0,0,0,0
0,0,0,0,0,0,0,0,0,0
0,0,0,0,0,0,0,0,0,0
0,0,0,0,0,0,0,0,0,0
0,0,0,0,0,0,0,0,0,0
0,0,0,0,0,0,0,0,0,0
0,0,0,0,0,0,0,0,0,0
0,0,0,0,0,0,0,0,0,0
0,0,0,0,0,0,0,0,0,0
0,0,0,0,0,0,0,0,0,0
0,0,0,0,0,0,0,0,0,0
0,0,0,0,0,0,0,0,0,0
0,0,0,0,0,0,0,0,0,0
0,0,0,0,0,0,0,0,0,0
0,0,0,0,0,0,0,0,0,0
0,0,0,0,0,0,0,0,0,0
0,0,0,0,0,0,0,0,0,0
0,0,0,0,0,0,0,0,0,0
0,0,0,0,0,0,0,0,0,0
0,0,0,0,0,0,0,0,0,0
0,0,0,0,0,0,0,0,0,0
0,0,0,0,0,0,0,0,0,0
0,0,0,0,0,0,0,0,0,0
0,0,0,0,0,0,0,0,0,0
0,0,0,0,0,0,0,0,0,0
0,0,0,0,0,0,0,0,0,0
0,0,0,0,0,0,0,0,0,0
0,0,0,0,0,0,0,0,0,0
0,0,0,0,0,0,0,0,0,0
0,0,0,0,0,0,0,0,0,0
0,0,0,0,0,0,0,0,0,0
0,0,0,0,0,0,0,0,0,0
0,0,0,0,0,0,0,0,0,0
0,0,0,0,0,0,0,0,0,0
0,0,0,0,0,0,0,0,0,0
0,0,0,0,0,0,0,0,0,0
0,0,0,0,0,0,0,0,0,0
0,0,0,0,0,0,0,0,0,0
0,0,0,0,0,0,0,0,0,0
0,0,0,0,0,0,0,0,0,0
0,0,0,0,0,0,0,0,0,0
0,0,0,0,0,0,0,0,0,0
0,0,0,0,0,0,0,0,0,0
0,0,0,0,0,0,0,0,0,0
0,0,0,0,0,0,0,0,0,0
0,0,0,0,0,0,0,0,0,0
0,0,0,0,0,0,0,0,0,0
0,0,0,0,0,0,0,0,0,0
0,0,0,0,0,0,0,0,0,0
0,0,0,0,0,0,0,0,0,0
0,0,0,0,0,0,0,0,0,0
0,0,0,0,0,0,0,0,0,0
0,0,0,0,0,0,0,0,0,0
0,0,0,0,0,0,0,0,0,0
0,0,0,0,0,0,0,0,0,0
0,0,0,0,0,0,0,0,0,0
0,0,0,0,0,0,0,0,0,0
0,0,0,0,0,0,0,0,0,0
0,0,0,0,0,0,0,0,0,0
0,0,0,0,0,0,0,0,0,0
0,0,0,0,0,0,0,0,0,0
0,0,0,0,0,0,0,0,0,0
0,0,0,0,0,0,0,0,0,0
0,0,0,0,0,0,0,0,0,0
0,0,0,0,0,0,0,0,0,0
0,0,0,0,0,0,0,0,0,0
0,0,0,0,0,0,0,0,0,0
0,0,0,0,0,0,0,0,0,0
0,0,0,0,0,0,0,0,0,0
0,0,0,0,0,0,0,0,0,0
0,0,0,0,0,0,0,0,0,0
0,0,0,0,0,0,0,0,0,0
0,0,0,0,0,0,0,0,0,0
0,0,0,0,0,0,0,0,0,0
0,0,0,0,0,0,0,0,0,0
0,0,0,0,0,0,0,0,0,0
0,0,0,0,0,0,0,0,0,0
0,0,0,0,0,0,0,0,0,0
0,0,0,0,0,0,0,0,0,0
0,0,0,0,0,0,0,0,0,0
0,0,0,0,0,0,0,0,0,0
0,0,0,0,0,0,0,0,0,0
0,0,0,0,0,0,0,0,0,0
0,0,0,0,0,0,0,0,0,0
0,0,0,0,0,0,0,0,0,0
0,0,0,0,0,0,0,0,0,0
0,0,0,0,0,0,0,0,0,0
0,0,0,0,0,0,0,0,0,0
0,0,0,0,0,0,0,0,0,0
0,0,0,0,0,0,0,0,0,0
0,0,0,0,0,0,0,0,0,0
0,0,0,0,0,0,0,0,0,0
0,0,0,0,0,0,0,0,0,0
0,0,0,0,0,0,0,0,0,0
0,0,0,0,0,0,0,0,0,0
0,0,0,0,0,0,0,0,0,0
0,0,0,0,0,0,0,0,0,0
0,0,0,0,0,0,0,0,0,0
0,0,0,0,0,0,0,0,0,0
0,0,0,0,0,0,0,0,0,0
0,0,0,0,0,0,0,0,0,0
0,0,0,0,0,0,0,0,0,0
0,0,0,0,0,0,0,0,0,0
0,0,0,0,0,0,0,0,0,0
0,0,0,0,0,0,0,0,0,0
0,0,0,0,0,0,0,0,0,0
0,0,0,0,0,0,0,0,0,0
0,0,0,0,0,0,0,0,0,0
0,0,0,0,0,0,0,0,0,0
0,0,0,0,0,0,0,0,0,0
0,0,0,0,0,0,0,0,0,0
0,0,0,0,0,0,0,0,0,0
0,0,0,0,0,0,0,0,0,0
0,0,0,0,0,0,0,0,0,0
0,0,0,0,0,0,0,0,0,0
0,0,0,0,0,0,0,0,0,0
0,0,0,0,0,0,0,0,0,0
0,0,0,0,0,0,0,0,0,0
0,0,0,0,0,0,0,0,0,0
0,0,0,0,0,0,0,0,0,0
0,0,0,0,0,0,0,0,0,0
0,0,0,0,0,0,0,0,0,0
0,0,0,0,0,0,0,0,0,0
0,0,0,0,0,0,0,0,0,0
0,0,0,0,0,0,0,0,0,0
0,0,0,0,0,0,0,0,0,0
0,0,0,0,0,0,0,0,0,0
0,0,0,0,0,0,0,0,0,0
0,0,0,0,0,0,0,0,0,0
0,0,0,0,0,0,0,0,0,0
0,0,0,0,0,0,0,0,0,0
0,0,0,0,0,0,0,0,0,0
0,0,0,0,0,0,0,0,0,0
0,0,0,0,0,0,0,0,0,0
0,0,0,0,0,0,0,0,0,0
0,0,0,0,0,0,0,0,0,0
0,0,0,0,0,0,0,0,0,0
0,0,0,0,0,0,0,0,0,0
0,0,0,0,0,0,0,0,0,0
0,0,0,0,0,0,0,0,0,0
0,0,0,0,0,0,0,0,0,0
0,0,0,0,0,0,0,0,0,0
0,0,0,0,0,0,0,0,0,0
0,0,0,0,0,0,0,0,0,0
0,0,0,0,0,0,0,0,0,0
0,0,0,0,0,0,0,0,0,0
0,0,0,0,0,0,0,0,0,0
0,0,0,0,0,0,0,0,0,0
0,0,0,0,0,0,0,0,0,0
0,0,0,0,0,0,0,0,0,0
0,0,0,0,0,0,0,0,0,0
0,0,0,0,0,0,0,0,0,0
0,0,0,0,0,0,0,0,0,0
0,0,0,0,0,0,0,0,0,0
0,0,0,0,0,0,0,0,0,0
0,0,0,0,0,0,0,0,0,0
0,0,0,0,0,0,0,0,0,0
0,0,0,0,0,0,0,0,0,0
0,0,0,0,0,0,0,0,0,0
0,0,0,0,0,0,0,0,0,0
0,0,0,0,0,0,0,0,0,0
0,0,0,0,0,0,0,0,0,0
0,0,0,0,0,0,0,0,0,0
0,0,0,0,0,0,0,0,0,0
0,0,0,0,0,0,0,0,0,0
0,0,0,0,0,0,0,0,0,0
0,0,0,0,0,0,0,0,0,0
0,0,0,0,0,0,0,0,0,0
0,0,0,0,0,0,0,0,0,0
0,0,0,0,0,0,0,0,0,0
0,0,0,0,0,0,0,0,0,0
0,0,0,0,0,0,0,0,0,0
0,0,0,0,0,0,0,0,0,0
0,0,0,0,0,0,0,0,0,0
0,0,0,0,0,0,0,0,0,0
0,0,0,0,0,0,0,0,0,0
0,0,0,0,0,0,0,0,0,0
0,0,0,0,0,0,0,0,0,0
0,0,0,0,0,0,0,0,0,0
0,0,0,0,0,0,0,0,0,0
0,0,0,0,0,0,0,0,0,0
0,0,0,0,0,0,0,0,0,0
0,0,0,0,0,0,0,0,0,0
0,0,0,0,0,0,0,0,0,0
0,0,0,0,0,0,0,0,0,0
0,0,0,0,0,0,0,0,0,0
0,0,0,0,0,0,0,0,0,0
0,0,0,0,0,0,0,0,0,0
0,0,0,0,0,0,0,0,0,0
0,0,0,0,0,0,0,0,0,0
0,0,0,0,0,0,0,0,0,0
0,0,0,0,0,0,0,0,0,0
0,0,0,0,0,0,0,0,0,0
0,0,0,0,0,0,0,0,0,0
0,0,0,0,0,0,0,0,0,0
0,0,0,0,0,0,0,0,0,0
0,0,0,0,0,0,0,0,0,0
0,0,0,0,0,0,0,0,0,0
0,0,0,0,0,0,0,0,0,0
0,0,0,0,0,0,0,0,0,0
0,0,0,0,0,0,0,0,0,0
0,0,0,0,0,0,0,0,0,0
0,0,0,0,0,0,0,0,0,0
0,0,0,0,0,0,0,0,0,0
0,0,0,0,0,0,0,0,0,0
0,0,0,0,0,0,0,0,0,0
0,0,0,0,0,0,0,0,0,0
0,0,0,0,0,0,0,0,0,0
0,0,0,0,0,0,0,0,0,0
0,0,0,0,0,0,0,0,0,0
0,0,0,0,0,0,0,0,0,0
0,0,0,0,0,0,0,0,0,0
0,0,0,0,0,0,0,0,0,0
0,0,0,0,0,0,0,0,0,0
0,0,0,0,0,0,0,0,0,0
0,0,0,0,0,0,0,0,0,0
0,0,0,0,0,0,0,0,0,0
0,0,0,0,0,0,0,0,0,0
0,0,0,0,0,0,0,0,0,0
0,0,0,0,0,0,0,0,0,0
0,0,0,0,0,0,0,0,0,0
0,0,0,0,0,0,0,0,0,0
0,0,0,0,0,0,0,0,0,0
0,0,0,0,0,0,0,0,0,0
0,0,0,0,0,0,0,0,0,0
0,0,0,0,0,0,0,0,0,0
0,0,0,0,0,0,0,0,0,0
0,0,0,0,0,0,0,0,0,0
0,0,0,0,0,0,0,0,0,0
0,0,0,0,0,0,0,0,0,0
0,0,0,0,0,0,0,0,0,0
0,0,0,0,0,0,0,0,0,0
0,0,0,0,0,0,0,0,0,0
0,0,0,0,0,0,0,0,0,0
0,0,0,0,0,0,0,0,0,0
0,0,0,0,0,0,0,0,0,0
0,0,0,0,0,0,0,0,0,0
0,0,0,0,0,0,0,0,0,0
0,0,0,0,0,0,0,0,0,0
0,0,0,0,0,0,0,0,0,0
0,0,0,0,0,0,0,0,0,0
0,0,0,0,0,0,0,0,0,0
0,0,0,0,0,0,0,0,0,0
0,0,0,0,0,0,0,0,0,0
0,0,0,0,0,0,0,0,0,0
0,0,0,0,0,0,0,0,0,0
0,0,0,0,0,0,0,0,0,0
0,0,0,0,0,0,0,0,0,0
0,0,0,0,0,0,0,0,0,0
0,0,0,0,0,0,0,0,0,0
0,0,0,0,0,0,0,0,0,0
0,0,0,0,0,0,0,0,0,0
0,0,0,0,0,0,0,0,0,0
0,0,0,0,0,0,0,0,0,0
0,0,0,0,0,0,0,0,0,0
0,0,0,0,0,0,0,0,0,0
0,0,0,0,0,0,0,0,0,0
0,0,0,0,0,0,0,0,0,0
0,0,0,0,0,0,0,0,0,0
0,0,0,0,0,0,0,0,0,0
0,0,0,0,0,0,0,0,0,0
0,0,0,0,0,0,0,0,0,0
0,0,0,0,0,0,0,0,0,0
0,0,0,0,0,0,0,0,0,0
0,0,0,0,0,0,0,0,0,0
0,0,0,0,0,0,0,0,0,0
0,0,0,0,0,0,0,0,0,0
0,0,0,0,0,0,0,0,0,0
0,0,0,0,0,0,0,0,0,0
0,0,0,0,0,0,0,0,0,0
0,0,0,0,0,0,0,0,0,0
0,0,0,0,0,0,0,0,0,0
0,0,0,0,0,0,0,0,0,0
0,0,0,0,0,0,0,0,0,0
0,0,0,0,0,0,0,0,0,0
0,0,0,0,0,0,0,0,0,0
0,0,0,0,0,0,0,0,0,0
0,0,0,0,0,0,0,0,0,0
0,0,0,0,0,0,0,0,0,0
0,0,0,0,0,0,0,0,0,0
0,0,0,0,0,0,0,0,0,0
0,0,0,0,0,0,0,0,0,0
0,0,0,0,0,0,0,0,0,0
0,0,0,0,0,0,0,0,0,0
0,0,0,0,0,0,0,0,0,0
0,0,0,0,0,0,0,0,0,0
0,0,0,0,0,0,0,0,0,0
0,0,0,0,0,0,0,0,0,0
0,0,0,0,0,0,0,0,0,0
0,0,0,0,0,0,0,0,0,0
0,0,0,0,0,0,0,0,0,0
0,0,0,0,0,0,0,0,0,0
0,0,0,0,0,0,0,0,0,0
0,0,0,0,0,0,0,0,0,0
0,0,0,0,0,0,0,0,0,0
0,0,0,0,0,0,0,0,0,0
0,0,0,0,0,0,0,0,0,0
0,0,0,0,0,0,0,0,0,0
0,0,0,0,0,0,0,0,0,0
0,0,0,0,0,0,0,0,0,0
0,0,0,0,0,0,0,0,0,0
0,0,0,0,0,0,0,0,0,0
0,0,0,0,0,0,0,0,0,0
0,0,0,0,0,0,0,0,0,0
0,0,0,0,0,0,0,0,0,0
0,0,0,0,0,0,0,0,0,0
0,0,0,0,0,0,0,0,0,0
0,0,0,0,0,0,0,0,0,0
0,0,0,0,0,0,0,0,0,0
0,0,0,0,0,0,0,0,0,0
0,0,0,0,0,0,0,0,0,0
0,0,0,0,0,0,0,0,0,0
0,0,0,0,0,0,0,0,0,0
0,0,0,0,0,0,0,0,0,0
0,0,0,0,0,0,0,0,0,0
0,0,0,0,0,0,0,0,0,0
0,0,0,0,0,0,0,0,0,0
0,0,0,0,0,0,0,0,0,0
0,0,0,0,0,0,0,0,0,0
0,0,0,0,0,0,0,0,0,0
0,0,0,0,0,0,0,0,0,0
0,0,0,0,0,0,0,0,0,0
0,0,0,0,0,0,0,0,0,0
0,0,0,0,0,0,0,0,0,0
0,0,0,0,0,0,0,0,0,0
0,0,0,0,0,0,0,0,0,0
0,0,0,0,0,0,0,0,0,0
0,0,0,0,0,0,0,0,0,0
0,0,0,0,0,0,0,0,0,0
0,0,0,0,0,0,0,0,0,0
0,0,0,0,0,0,0,0,0,0
0,0,0,0,0,0,0,0,0,0
0,0,0,0,0,0,0,0,0,0
0,0,0,0,0,0,0,0,0,0
0,0,0,0,0,0,0,0,0,0
0,0,0,0,0,0,0,0,0,0
0,0,0,0,0,0,0,0,0,0
0,0,0,0,0,0,0,0,0,0
0,0,0,0,0,0,0,0,0,0
0,0,0,0,0,0,0,0,0,0
0,0,0,0,0,0,0,0,0,0
0,0,0,0,0,0,0,0,0,0
0,0,0,0,0,0,0,0,0,0
0,0,0,0,0,0,0,0,0,0
0,0,0,0,0,0,0,0,0,0
0,0,0,0,0,0,0,0,0,0
0,0,0,0,0,0,0,0,0,0
0,0,0,0,0,0,0,0,0,0
0,0,0,0,0,0,0,0,0,0
0,0,0,0,0,0,0,0,0,0
0,0,0,0,0,0,0,0,0,0
0,0,0,0,0,0,0,0,0,0
0,0,0,0,0,0,0,0,0,0
0,0,0,0,0,0,0,0,0,0
0,0,0,0,0,0,0,0,0,0
0,0,0,0,0,0,0,0,0,0
0,0,0,0,0,0,0,0,0,0
0,0,0,0,0,0,0,0,0,0
0,0,0,0,0,0,0,0,0,0
0,0,0,0,0,0,0,0,0,0
0,0,0,0,0,0,0,0,0,0
0,0,0,0,0,0,0,0,0,0
0,0,0,0,0,0,0,0,0,0
0,0,0,0,0,0,0,0,0,0
0,0,0,0,0,0,0,0,0,0
0,0,0,0,0,0,0,0,0,0
0,0,0,0,0,0,0,0,0,0
0,0,0,0,0,0,0,0,0,0
0,0,0,0,0,0,0,0,0,0
0,0,0,0,0,0,0,0,0,0
0,0,0,0,0,0,0,0,0,0
0,0,0,0,0,0,0,0,0,0
0,0,0,0,0,0,0,0,0,0
0,0,0,0,0,0,0,0,0,0
0,0,0,0,0,0,0,0,0,0
0,0,0,0,0,0,0,0,0,0
0,0,0,0,0,0,0,0,0,0
0,0,0,0,0,0,0,0,0,0
0,0,0,0,0,0,0,0,0,0
0,0,0,0,0,0,0,0,0,0
0,0,0,0,0,0,0,0,0,0
0,0,0,0,0,0,0,0,0,0
0,0,0,0,0,0,0,0,0,0
0,0,0,0,0,0,0,0,0,0
0,0,0,0,0,0,0,0,0,0
0,0,0,0,0,0,0,0,0,0
0,0,0,0,0,0,0,0,0,0
0,0,0,0,0,0,0,0,0,0
0,0,0,0,0,0,0,0,0,0
0,0,0,0,0,0,0,0,0,0
0,0,0,0,0,0,0,0,0,0
0,0,0,0,0,0,0,0,0,0
0,0,0,0,0,0,0,0,0,0
0,0,0,0,0,0,0,0,0,0
0,0,0,0,0,0,0,0,0,0
0,0,0,0,0,0,0,0,0,0
0,0,0,0,0,0,0,0,0,0
0,0,0,0,0,0,0,0,0,0
0,0,0,0,0,0,0,0,0,0
0,0,0,0,0,0,0,0,0,0
0,0,0,0,0,0,0,0,0,0
0,0,0,0,0,0,0,0,0,0
0,0,0,0,0,0,0,0,0,0
0,0,0,0,0,0,0,0,0,0
0,0,0,0,0,0,0,0,0,0
0,0,0,0,0,0,0,0,0,0
0,0,0,0,0,0,0,0,0,0
0,0,0,0,0,0,0,0,0,0
0,0,0,0,0,0,0,0,0,0
0,0,0,0,0,0,0,0,0,0
0,0,0,0,0,0,0,0,0,0
0,0,0,0,0,0,0,0,0,0
0,0,0,0,0,0,0,0,0,0
0,0,0,0,0,0,0,0,0,0
0,0,0,0,0,0,0,0,0,0
0,0,0,0,0,0,0,0,0,0
0,0,0,0,0,0,0,0,0,0
0,0,0,0,0,0,0,0,0,0
0,0,0,0,0,0,0,0,0,0
0,0,0,0,0,0,0,0,0,0
0,0,0,0,0,0,0,0,0,0
0,0,0,0,0,0,0,0,0,0
0,0,0,0,0,0,0,0,0,0
0,0,0,0,0,0,0,0,0,0
0,0,0,0,0,0,0,0,0,0
0,0,0,0,0,0,0,0,0,0
0,0,0,0,0,0,0,0,0,0
0,0,0,0,0,0,0,0,0,0
0,0,0,0,0,0,0,0,0,0
0,0,0,0,0,0,0,0,0,0
0,0,0,0,0,0,0,0,0,0
0,0,0,0,0,0,0,0,0,0
0,0,0,0,0,0,0,0,0,0
0,0,0,0,0,0,0,0,0,0
0,0,0,0,0,0,0,0,0,0
0,0,0,0,0,0,0,0,0,0
0,0,0,0,0,0,0,0,0,0
0,0,0,0,0,0,0,0,0,0
0,0,0,0,0,0,0,0,0,0
0,0,0,0,0,0,0,0,0,0
0,0,0,0,0,0,0,0,0,0
0,0,0,0,0,0,0,0,0,0
0,0,0,0,0,0,0,0,0,0
0,0,0,0,0,0,0,0,0,0
0,0,0,0,0,0,0,0,0,0
0,0,0,0,0,0,0,0,0,0
0,0,0,0,0,0,0,0,0,0
0,0,0,0,0,0,0,0,0,0
0,0,0,0,0,0,0,0,0,0
0,0,0,0,0,0,0,0,0,0
0,0,0,0,0,0,0,0,0,0
0,0,0,0,0,0,0,0,0,0
0,0,0,0,0,0,0,0,0,0
0,0,0,0,0,0,0,0,0,0
0,0,0,0,0,0,0,0,0,0
0,0,0,0,0,0,0,0,0,0
0,0,0,0,0,0,0,0,0,0
0,0,0,0,0,0,0,0,0,0
0,0,0,0,0,0,0,0,0,0
0,0,0,0,0,0,0,0,0,0
0,0,0,0,0,0,0,0,0,0
0,0,0,0,0,0,0,0,0,0
0,0,0,0,0,0,0,0,0,0
0,0,0,0,0,0,0,0,0,0
0,0,0,0,0,0,0,0,0,0
0,0,0,0,0,0,0,0,0,0
0,0,0,0,0,0,0,0,0,0
0,0,0,0,0,0,0,0,0,0
0,0,0,0,0,0,0,0,0,0
0,0,0,0,0,0,0,0,0,0
0,0,0,0,0,0,0,0,0,0
0,0,0,0,0,0,0,0,0,0
0,0,0,0,0,0,0,0,0,0
0,0,0,0,0,0,0,0,0,0
0,0,0,0,0,0,0,0,0,0
0,0,0,0,0,0,0,0,0,0
0,0,0,0,0,0,0,0,0,0
0,0,0,0,0,0,0,0,0,0
0,0,0,0,0,0,0,0,0,0
0,0,0,0,0,0,0,0,0,0
0,0,0,0,0,0,0,0,0,0
0,0,0,0,0,0,0,0,0,0
0,0,0,0,0,0,0,0,0,0
0,0,0,0,0,0,0,0,0,0
0,0,0,0,0,0,0,0,0,0
0,0,0,0,0,0,0,0,0,0
0,0,0,0,0,0,0,0,0,0
0,0,0,0,0,0,0,0,0,0
0,0,0,0,0,0,0,0,0,0
0,0,0,0,0,0,0,0,0,0
0,0,0,0,0,0,0,0,0,0
0,0,0,0,0,0,0,0,0,0
0,0,0,0,0,0,0,0,0,0
0,0,0,0,0,0,0,0,0,0
0,0,0,0,0,0,0,0,0,0
0,0,0,0,0,0,0,0,0,0
0,0,0,0,0,0,0,0,0,0
0,0,0,0,0,0,0,0,0,0
0,0,0,0,0,0,0,0,0,0
0,0,0,0,0,0,0,0,0,0
0,0,0,0,0,0,0,0,0,0
0,0,0,0,0,0,0,0,0,0
0,0,0,0,0,0,0,0,0,0
0,0,0,0,0,0,0,0,0,0
0,0,0,0,0,0,0,0,0,0
0,0,0,0,0,0,0,0,0,0
0,0,0,0,0,0,0,0,0,0
0,0,0,0,0,0,0,0,0,0
0,0,0,0,0,0,0,0,0,0
0,0,0,0,0,0,0,0,0,0
0,0,0,0,0,0,0,0,0,0
0,0,0,0,0,0,0,0,0,0
0,0,0,0,0,0,0,0,0,0
0,0,0,0,0,0,0,0,0,0
0,0,0,0,0,0,0,0,0,0
0,0,0,0,0,0,0,0,0,0
0,0,0,0,0,0,0,0,0,0
0,0,0,0,0,0,0,0,0,0
0,0,0,0,0,0,0,0,0,0
0,0,0,0,0,0,0,0,0,0
0,0,0,0,0,0,0,0,0,0
0,0,0,0,0,0,0,0,0,0
0,0,0,0,0,0,0,0,0,0
0,0,0,0,0,0,0,0,0,0
0,0,0,0,0,0,0,0,0,0
0,0,0,0,0,0,0,0,0,0
0,0,0,0,0,0,0,0,0,0
0,0,0,0,0,0,0,0,0,0
0,0,0,0,0,0,0,0,0,0
0,0,0,0,0,0,0,0,0,0
0,0,0,0,0,0,0,0,0,0
0,0,0,0,0,0,0,0,0,0
0,0,0,0,0,0,0,0,0,0
0,0,0,0,0,0,0,0,0,0
0,0,0,0,0,0,0,0,0,0
0,0,0,0,0,0,0,0,0,0
0,0,0,0,0,0,0,0,0,0
0,0,0,0,0,0,0,0,0,0
0,0,0,0,0,0,0,0,0,0
0,0,0,0,0,0,0,0,0,0
0,0,0,0,0,0,0,0,0,0
0,0,0,0,0,0,0,0,0,0
0,0,0,0,0,0,0,0,0,0
0,0,0,0,0,0,0,0,0,0
0,0,0,0,0,0,0,0,0,0
0,0,0,0,0,0,0,0,0,0
0,0,0,0,0,0,0,0,0,0
0,0,0,0,0,0,0,0,0,0
0,0,0,0,0,0,0,0,0,0
0,0,0,0,0,0,0,0,0,0
0,0,0,0,0,0,0,0,0,0
0,0,0,0,0,0,0,0,0,0
0,0,0,0,0,0,0,0,0,0
0,0,0,0,0,0,0,0,0,0
0,0,0,0,0,0,0,0,0,0
0,0,0,0,0,0,0,0,0,0
0,0,0,0,0,0,0,0,0,0
0,0,0,0,0,0,0,0,0,0
0,0,0,0,0,0,0,0,0,0
0,0,0,0,0,0,0,0,0,0
0,0,0,0,0,0,0,0,0,0
0,0,0,0,0,0,0,0,0,0
0,0,0,0,0,0,0,0,0,0
0,0,0,0,0,0,0,0,0,0
0,0,0,0,0,0,0,0,0,0
0,0,0,0,0,0,0,0,0,0
0,0,0,0,0,0,0,0,0,0
0,0,0,0,0,0,0,0,0,0
0,0,0,0,0,0,0,0,0,0
0,0,0,0,0,0,0,0,0,0
0,0,0,0,0,0,0,0,0,0
0,0,0,0,0,0,0,0,0,0
0,0,0,0,0,0,0,0,0,0
0,0,0,0,0,0,0,0,0,0
0,0,0,0,0,0,0,0,0,0
0,0,0,0,0,0,0,0,0,0
0,0,0,0,0,0,0,0,0,0
0,0,0,0,0,0,0,0,0,0
0,0,0,0,0,0,0,0,0,0
0,0,0,0,0,0,0,0,0,0
0,0,0,0,0,0,0,0,0,0
0,0,0,0,0,0,0,0,0,0
0,0,0,0,0,0,0,0,0,0
0,0,0,0,0,0,0,0,0,0
0,0,0,0,0,0,0,0,0,0
0,0,0,0,0,0,0,0,0,0
0,0,0,0,0,0,0,0,0,0
0,0,0,0,0,0,0,0,0,0
0,0,0,0,0,0,0,0,0,0
0,0,0,0,0,0,0,0,0,0
0,0,0,0,0,0,0,0,0,0
0,0,0,0,0,0,0,0,0,0
0,0,0,0,0,0,0,0,0,0
0,0,0,0,0,0,0,0,0,0
0,0,0,0,0,0,0,0,0,0
0,0,0,0,0,0,0,0,0,0
0,0,0,0,0,0,0,0,0,0
0,0,0,0,0,0,0,0,0,0
0,0,0,0,0,0,0,0,0,0
0,0,0,0,0,0,0,0,0,0
0,0,0,0,0,0,0,0,0,0
0,0,0,0,0,0,0,0,0,0
0,0,0,0,0,0,0,0,0,0
0,0,0,0,0,0,0,0,0,0
0,0,0,0,0,0,0,0,0,0
0,0,0,0,0,0,0,0,0,0
0,0,0,0,0,0,0,0,0,0
0,0,0,0,0,0,0,0,0,0
0,0,0,0,0,0,0,0,0,0
0,0,0,0,0,0,0,0,0,0
0,0,0,0,0,0,0,0,0,0
0,0,0,0,0,0,0,0,0,0
0,0,0,0,0,0,0,0,0,0
0,0,0,0,0,0,0,0,0,0
0,0,0,0,0,0,0,0,0,0
0,0,0,0,0,0,0,0,0,0
0,0,0,0,0,0,0,0,0,0
0,0,0,0,0,0,0,0,0,0
0,0,0,0,0,0,0,0,0,0
0,0,0,0,0,0,0,0,0,0
0,0,0,0,0,0,0,0,0,0
0,0,0,0,0,0,0,0,0,0
0,0,0,0,0,0,0,0,0,0
0,0,0,0,0,0,0,0,0,0
0,0,0,0,0,0,0,0,0,0
0,0,0,0,0,0,0,0,0,0
0,0,0,0,0,0,0,0,0,0
0,0,0,0,0,0,0,0,0,0
0,0,0,0,0,0,0,0,0,0
0,0,0,0,0,0,0,0,0,0
0,0,0,0,0,0,0,0,0,0
0,0,0,0,0,0,0,0,0,0
0,0,0,0,0,0,0,0,0,0
0,0,0,0,0,0,0,0,0,0
0,0,0,0,0,0,0,0,0,0
0,0,0,0,0,0,0,0,0,0
0,0,0,0,0,0,0,0,0,0
0,0,0,0,0,0,0,0,0,0
0,0,0,0,0,0,0,0,0,0
0,0,0,0,0,0,0,0,0,0
0,0,0,0,0,0,0,0,0,0
0,0,0,0,0,0,0,0,0,0
0,0,0,0,0,0,0,0,0,0
0,0,0,0,0,0,0,0,0,0
0,0,0,0,0,0,0,0,0,0
0,0,0,0,0,0,0,0,0,0
0,0,0,0,0,0,0,0,0,0
0,0,0,0,0,0,0,0,0,0
0,0,0,0,0,0,0,0,0,0
0,0,0,0,0,0,0,0,0,0
0,0,0,0,0,0,0,0,0,0
0,0,0,0,0,0,0,0,0,0
0,0,0,0,0,0,0,0,0,0
0,0,0,0,0,0,0,0,0,0
0,0,0,0,0,0,0,0,0,0
0,0,0,0,0,0,0,0,0,0
0,0,0,0,0,0,0,0,0,0
0,0,0,0,0,0,0,0,0,0
0,0,0,0,0,0,0,0,0,0
0,0,0,0,0,0,0,0,0,0
0,0,0,0,0,0,0,0,0,0
0,0,0,0,0,0,0,0,0,0
0,0,0,0,0,0,0,0,0,0
0,0,0,0,0,0,0,0,0,0
0,0,0,0,0,0,0,0,0,0
0,0,0,0,0,0,0,0,0,0
0,0,0,0,0,0,0,0,0,0
0,0,0,0,0,0,0,0,0,0
0,0,0,0,0,0,0,0,0,0
0,0,0,0,0,0,0,0,0,0
0,0,0,0,0,0,0,0,0,0
0,0,0,0,0,0,0,0,0,0
0,0,0,0,0,0,0,0,0,0
0,0,0,0,0,0,0,0,0,0
0,0,0,0,0,0,0,0,0,0
0,0,0,0,0,0,0,0,0,0
0,0,0,0,0,0,0,0,0,0
0,0,0,0,0,0,0,0,0,0
0,0,0,0,0,0,0,0,0,0
0,0,0,0,0,0,0,0,0,0
0,0,0,0,0,0,0,0,0,0
0,0,0,0,0,0,0,0,0,0
0,0,0,0,0,0,0,0,0,0
0,0,0,0,0,0,0,0,0,0
0,0,0,0,0,0,0,0,0,0
0,0,0,0,0,0,0,0,0,0
0,0,0,0,0,0,0,0,0,0
0,0,0,0,0,0,0,0,0,0
0,0,0,0,0,0,0,0,0,0
0,0,0,0,0,0,0,0,0,0
0,0,0,0,0,0,0,0,0,0
0,0,0,0,0,0,0,0,0,0
0,0,0,0,0,0,0,0,0,0
0,0,0,0,0,0,0,0,0,0
0,0,0,0,0,0,0,0,0,0
0,0,0,0,0,0,0,0,0,0
0,0,0,0,0,0,0,0,0,0
0,0,0,0,0,0,0,0,0,0
0,0,0,0,0,0,0,0,0,0
0,0,0,0,0,0,0,0,0,0
0,0,0,0,0,0,0,0,0,0
0,0,0,0,0,0,0,0,0,0
0,0,0,0,0,0,0,0,0,0
0,0,0,0,0,0,0,0,0,0
0,0,0,0,0,0,0,0,0,0
0,0,0,0,0,0,0,0,0,0
0,0,0,0,0,0,0,0,0,0
0,0,0,0,0,0,0,0,0,0
0,0,0,0,0,0,0,0,0,0
0,0,0,0,0,0,0,0,0,0
0,0,0,0,0,0,0,0,0,0
0,0,0,0,0,0,0,0,0,0
0,0,0,0,0,0,0,0,0,0
0,0,0,0,0,0,0,0,0,0
0,0,0,0,0,0,0,0,0,0
0,0,0,0,0,0,0,0,0,0
0,0,0,0,0,0,0,0,0,0
0,0,0,0,0,0,0,0,0,0
0,0,0,0,0,0,0,0,0,0
0,0,0,0,0,0,0,0,0,0
0,0,0,0,0,0,0,0,0,0
0,0,0,0,0,0,0,0,0,0
0,0,0,0,0,0,0,0,0,0
0,0,0,0,0,0,0,0,0,0
0,0,0,0,0,0,0,0,0,0
0,0,0,0,0,0,0,0,0,0
0,0,0,0,0,0,0,0,0,0
0,0,0,0,0,0,0,0,0,0
0,0,0,0,0,0,0,0,0,0
0,0,0,0,0,0,0,0,0,0
0,0,0,0,0,0,0,0,0,0
0,0,0,0,0,0,0,0,0,0
0,0,0,0,0,0,0,0,0,0
0,0,0,0,0,0,0,0,0,0
0,0,0,0,0,0,0,0,0,0
0,0,0,0,0,0,0,0,0,0
0,0,0,0,0,0,0,0,0,0
0,0,0,0,0,0,0,0,0,0
0,0,0,0,0,0,0,0,0,0
0,0,0,0,0,0,0,0,0,0
0,0,0,0,0,0,0,0,0,0
0,0,0,0,0,0,0,0,0,0
0,0,0,0,0,0,0,0,0,0
0,0,0,0,0,0,0,0,0,0
0,0,0,0,0,0,0,0,0,0
0,0,0,0,0,0,0,0,0,0
0,0,0,0,0,0,0,0,0,0
0,0,0,0,0,0,0,0,0,0
0,0,0,0,0,0,0,0,0,0
0,0,0,0,0,0,0,0,0,0
0,0,0,0,0,0,0,0,0,0
0,0,0,0,0,0,0,0,0,0
0,0,0,0,0,0,0,0,0,0
0,0,0,0,0,0,0,0,0,0
0,0,0,0,0,0,0,0,0,0
0,0,0,0,0,0,0,0,0,0
0,0,0,0,0,0,0,0,0,0
0,0,0,0,0,0,0,0,0,0
0,0,0,0,0,0,0,0,0,0
0,0,0,0,0,0,0,0,0,0
0,0,0,0,0,0,0,0,0,0
0,0,0,0,0,0,0,0,0,0
0,0,0,0,0,0,0,0,0,0
0,0,0,0,0,0,0,0,0,0
0,0,0,0,0,0,0,0,0,0
0,0,0,0,0,0,0,0,0,0
0,0,0,0,0,0,0,0,0,0
0,0,0,0,0,0,0,0,0,0
0,0,0,0,0,0,0,0,0,0
0,0,0,0,0,0,0,0,0,0
0,0,0,0,0,0,0,0,0,0
0,0,0,0,0,0,0,0,0,0
0,0,0,0,0,0,0,0,0,0
0,0,0,0,0,0,0,0,0,0
0,0,0,0,0,0,0,0,0,0
0,0,0,0,0,0,0,0,0,0
0,0,0,0,0,0,0,0,0,0
0,0,0,0,0,0,0,0,0,0
0,0,0,0,0,0,0,0,0,0
0,0,0,0,0,0,0,0,0,0
0,0,0,0,0,0,0,0,0,0
0,0,0,0,0,0,0,0,0,0
0,0,0,0,0,0,0,0,0,0
0,0,0,0,0,0,0,0,0,0
0,0,0,0,0,0,0,0,0,0
0,0,0,0,0,0,0,0,0,0
0,0,0,0,0,0,0,0,0,0
0,0,0,0,0,0,0,0,0,0
0,0,0,0,0,0,0,0,0,0
0,0,0,0,0,0,0,0,0,0
0,0,0,0,0,0,0,0,0,0
0,0,0,0,0,0,0,0,0,0
0,0,0,0,0,0,0,0,0,0
0,0,0,0,0,0,0,0,0,0
0,0,0,0,0,0,0,0,0,0
0,0,0,0,0,0,0,0,0,0
0,0,0,0,0,0,0,0,0,0
0,0,0,0,0,0,0,0,0,0
0,0,0,0,0,0,0,0,0,0
0,0,0,0,0,0,0,0,0,0
0,0,0,0,0,0,0,0,0,0
0,0,0,0,0,0,0,0,0,0
0,0,0,0,0,0,0,0,0,0
0,0,0,0,0,0,0,0,0,0
0,0,0,0,0,0,0,0,0,0
0,0,0,0,0,0,0,0,0,0
0,0,0,0,0,0,0,0,0,0
0,0,0,0,0,0,0,0,0,0
0,0,0,0,0,0,0,0,0,0
0,0,0,0,0,0,0,0,0,0
0,0,0,0,0,0,0,0,0,0
0,0,0,0,0,0,0,0,0,0
0,0,0,0,0,0,0,0,0,0
0,0,0,0,0,0,0,0,0,0
0,0,0,0,0,0,0,0,0,0
0,0,0,0,0,0,0,0,0,0
0,0,0,0,0,0,0,0,0,0
0,0,0,0,0,0,0,0,0,0
0,0,0,0,0,0,0,0,0,0
0,0,0,0,0,0,0,0,0,0
0,0,0,0,0,0,0,0,0,0
0,0,0,0,0,0,0,0,0,0
0,0,0,0,0,0,0,0,0,0
0,0,0,0,0,0,0,0,0,0
0,0,0,0,0,0,0,0,0,0
0,0,0,0,0,0,0,0,0,0
0,0,0,0,0,0,0,0,0,0
0,0,0,0,0,0,0,0,0,0
0,0,0,0,0,0,0,0,0,0
0,0,0,0,0,0,0,0,0,0
0,0,0,0,0,0,0,0,0,0
0,0,0,0,0,0,0,0,0,0
0,0,0,0,0,0,0,0,0,0
0,0,0,0,0,0,0,0,0,0
0,0,0,0,0,0,0,0,0,0
0,0,0,0,0,0,0,0,0,0
0,0,0,0,0,0,0,0,0,0
0,0,0,0,0,0,0,0,0,0
0,0,0,0,0,0,0,0,0,0
0,0,0,0,0,0,0,0,0,0
0,0,0,0,0,0,0,0,0,0
0,0,0,0,0,0,0,0,0,0
0,0,0,0,0,0,0,0,0,0
0,0,0,0,0,0,0,0,0,0
0,0,0,0,0,0,0,0,0,0
0,0,0,0,0,0,0,0,0,0
0,0,0,0,0,0,0,0,0,0
0,0,0,0,0,0,0,0,0,0
0,0,0,0,0,0,0,0,0,0
0,0,0,0,0,0,0,0,0,0
0,0,0,0,0,0,0,0,0,0
0,0,0,0,0,0,0,0,0,0
0,0,0,0,0,0,0,0,0,0
0,0,0,0,0,0,0,0,0,0
0,0,0,0,0,0,0,0,0,0
0,0,0,0,0,0,0,0,0,0
0,0,0,0,0,0,0,0,0,0
0,0,0,0,0,0,0,0,0,0
0,0,0,0,0,0,0,0,0,0
0,0,0,0,0,0,0,0,0,0
0,0,0,0,0,0,0,0,0,0
0,0,0,0,0,0,0,0,0,0
0,0,0,0,0,0,0,0,0,0
0,0,0,0,0,0,0,0,0,0
0,0,0,0,0,0,0,0,0,0
0,0,0,0,0,0,0,0,0,0
0,0,0,0,0,0,0,0,0,0
0,0,0,0,0,0,0,0,0,0
0,0,0,0,0,0,0,0,0,0
0,0,0,0,0,0,0,0,0,0
0,0,0,0,0,0,0,0,0,0
0,0,0,0,0,0,0,0,0,0
0,0,0,0,0,0,0,0,0,0
0,0,0,0,0,0,0,0,0,0
0,0,0,0,0,0,0,0,0,0
0,0,0,0,0,0,0,0,0,0
0,0,0,0,0,0,0,0,0,0
0,0,0,0,0,0,0,0,0,0
0,0,0,0,0,0,0,0,0,0
0,0,0,0,0,0,0,0,0,0
0,0,0,0,0,0,0,0,0,0
0,0,0,0,0,0,0,0,0,0
0,0,0,0,0,0,0,0,0,0
0,0,0,0,0,0,0,0,0,0
0,0,0,0,0,0,0,0,0,0
0,0,0,0,0,0,0,0,0,0
0,0,0,0,0,0,0,0,0,0
0,0,0,0,0,0,0,0,0,0
0,0,0,0,0,0,0,0,0,0
0,0,0,0,0,0,0,0,0,0
0,0,0,0,0,0,0,0,0,0
0,0,0,0,0,0,0,0,0,0
0,0,0,0,0,0,0,0,0,0
0,0,0,0,0,0,0,0,0,0
0,0,0,0,0,0,0,0,0,0
0,0,0,0,0,0,0,0,0,0
0,0,0,0,0,0,0,0,0,0
0,0,0,0,0,0,0,0,0,0
0,0,0,0,0,0,0,0,0,0
0,0,0,0,0,0,0,0,0,0
0,0,0,0,0,0,0,0,0,0
0,0,0,0,0,0,0,0,0,0
0,0,0,0,0,0,0,0,0,0
0,0,0,0,0,0,0,0,0,0
0,0,0,0,0,0,0,0,0,0
0,0,0,0,0,0,0,0,0,0
0,0,0,0,0,0,0,0,0,0
0,0,0,0,0,0,0,0,0,0
0,0,0,0,0,0,0,0,0,0
0,0,0,0,0,0,0,0,0,0
0,0,0,0,0,0,0,0,0,0
0,0,0,0,0,0,0,0,0,0
0,0,0,0,0,0,0,0,0,0
0,0,0,0,0,0,0,0,0,0
0,0,0,0,0,0,0,0,0,0
0,0,0,0,0,0,0,0,0,0
0,0,0,0,0,0,0,0,0,0
0,0,0,0,0,0,0,0,0,0
0,0,0,0,0,0,0,0,0,0
0,0,0,0,0,0,0,0,0,0
0,0,0,0,0,0,0,0,0,0
0,0,0,0,0,0,0,0,0,0
0,0,0,0,0,0,0,0,0,0
0,0,0,0,0,0,0,0,0,0
0,0,0,0,0,0,0,0,0,0
0,0,0,0,0,0,0,0,0,0
0,0,0,0,0,0,0,0,0,0
0,0,0,0,0,0,0,0,0,0
0,0,0,0,0,0,0,0,0,0
0,0,0,0,0,0,0,0,0,0
0,0,0,0,0,0,0,0,0,0
0,0,0,0,0,0,0,0,0,0
0,0,0,0,0,0,0,0,0,0
0,0,0,0,0,0,0,0,0,0
0,0,0,0,0,0,0,0,0,0
0,0,0,0,0,0,0,0,0,0
0,0,0,0,0,0,0,0,0,0
0,0,0,0,0,0,0,0,0,0
0,0,0,0,0,0,0,0,0,0
0,0,0,0,0,0,0,0,0,0
0,0,0,0,0,0,0,0,0,0
0,0,0,0,0,0,0,0,0,0
0,0,0,0,0,0,0,0,0,0
0,0,0,0,0,0,0,0,0,0
0,0,0,0,0,0,0,0,0,0
0,0,0,0,0,0,0,0,0,0
0,0,0,0,0,0,0,0,0,0
0,0,0,0,0,0,0,0,0,0
0,0,0,0,0,0,0,0,0,0
0,0,0,0,0,0,0,0,0,0
0,0,0,0,0,0,0,0,0,0
0,0,0,0,0,0,0,0,0,0
0,0,0,0,0,0,0,0,0,0
0,0,0,0,0,0,0,0,0,0
0,0,0,0,0,0,0,0,0,0
0,0,0,0,0,0,0,0,0,0
0,0,0,0,0,0,0,0,0,0
0,0,0,0,0,0,0,0,0,0
0,0,0,0,0,0,0,0,0,0
0,0,0,0,0,0,0,0,0,0
0,0,0,0,0,0,0,0,0,0
0,0,0,0,0,0,0,0,0,0
0,0,0,0,0,0,0,0,0,0
0,0,0,0,0,0,0,0,0,0
0,0,0,0,0,0,0,0,0,0
0,0,0,0,0,0,0,0,0,0
0,0,0,0,0,0,0,0,0,0
0,0,0,0,0,0,0,0,0,0
0,0,0,0,0,0,0,0,0,0
0,0,0,0,0,0,0,0,0,0
0,0,0,0,0,0,0,0,0,0
0,0,0,0,0,0,0,0,0,0
0,0,0,0,0,0,0,0,0,0
0,0,0,0,0,0,0,0,0,0
0,0,0,0,0,0,0,0,0,0
0,0,0,0,0,0,0,0,0,0
0,0,0,0,0,0,0,0,0,0
0,0,0,0,0,0,0,0,0,0
0,0,0,0,0,0,0,0,0,0
0,0,0,0,0,0,0,0,0,0
0,0,0,0,0,0,0,0,0,0
0,0,0,0,0,0,0,0,0,0
0,0,0,0,0,0,0,0,0,0
0,0,0,0,0,0,0,0,0,0
0,0,0,0,0,0,0,0,0,0
0,0,0,0,0,0,0,0,0,0
0,0,0,0,0,0,0,0,0,0
0,0,0,0,0,0,0,0,0,0
0,0,0,0,0,0,0,0,0,0
0,0,0,0,0,0,0,0,0,0
0,0,0,0,0,0,0,0,0,0
0,0,0,0,0,0,0,0,0,0
0,0,0,0,0,0,0,0,0,0
0,0,0,0,0,0,0,0,0,0
0,0,0,0,0,0,0,0,0,0
0,0,0,0,0,0,0,0,0,0
0,0,0,0,0,0,0,0,0,0
0,0,0,0,0,0,0,0,0,0
0,0,0,0,0,0,0,0,0,0
0,0,0,0,0,0,0,0,0,0
0,0,0,0,0,0,0,0,0,0
0,0,0,0,0,0,0,0,0,0
0,0,0,0,0,0,0,0,0,0
0,0,0,0,0,0,0,0,0,0
0,0,0,0,0,0,0,0,0,0
0,0,0,0,0,0,0,0,0,0
0,0,0,0,0,0,0,0,0,0
0,0,0,0,0,0,0,0,0,0
0,0,0,0,0,0,0,0,0,0
0,0,0,0,0,0,0,0,0,0
0,0,0,0,0,0,0,0,0,0
0,0,0,0,0,0,0,0,0,0
0,0,0,0,0,0,0,0,0,0
0,0,0,0,0,0,0,0,0,0
0,0,0,0,0,0,0,0,0,0
0,0,0,0,0,0,0,0,0,0
0,0,0,0,0,0,0,0,0,0
0,0,0,0,0,0,0,0,0,0
0,0,0,0,0,0,0,0,0,0
0,0,0,0,0,0,0,0,0,0
0,0,0,0,0,0,0,0,0,0
0,0,0,0,0,0,0,0,0,0
0,0,0,0,0,0,0,0,0,0
0,0,0,0,0,0,0,0,0,0
0,0,0,0,0,0,0,0,0,0
0,0,0,0,0,0,0,0,0,0
0,0,0,0,0,0,0,0,0,0
0,0,0,0,0,0,0,0,0,0
0,0,0,0,0,0,0,0,0,0
0,0,0,0,0,0,0,0,0,0
0,0,0,0,0,0,0,0,0,0
0,0,0,0,0,0,0,0,0,0
0,0,0,0,0,0,0,0,0,0
0,0,0,0,0,0,0,0,0,0
0,0,0,0,0,0,0,0,0,0
0,0,0,0,0,0,0,0,0,0
0,0,0,0,0,0,0,0,0,0
0,0,0,0,0,0,0,0,0,0
0,0,0,0,0,0,0,0,0,0
0,0,0,0,0,0,0,0,0,0
0,0,0,0,0,0,0,0,0,0
0,0,0,0,0,0,0,0,0,0
0,0,0,0,0,0,0,0,0,0
0,0,0,0,0,0,0,0,0,0
0,0,0,0,0,0,0,0,0,0
0,0,0,0,0,0,0,0,0,0
0,0,0,0,0,0,0,0,0,0
0,0,0,0,0,0,0,0,0,0
0,0,0,0,0,0,0,0,0,0
0,0,0,0,0,0,0,0,0,0
0,0,0,0,0,0,0,0,0,0
0,0,0,0,0,0,0,0,0,0
0,0,0,0,0,0,0,0,0,0
0,0,0,0,0,0,0,0,0,0
0,0,0,0,0,0,0,0,0,0
0,0,0,0,0,0,0,0,0,0
0,0,0,0,0,0,0,0,0,0
0,0,0,0,0,0,0,0,0,0
0,0,0,0,0,0,0,0,0,0
0,0,0,0,0,0,0,0,0,0
0,0,0,0,0,0,0,0,0,0
0,0,0,0,0,0,0,0,0,0
0,0,0,0,0,0,0,0,0,0
0,0,0,0,0,0,0,0,0,0
0,0,0,0,0,0,0,0,0,0
0,0,0,0,0,0,0,0,0,0
0,0,0,0,0,0,0,0,0,0
0,0,0,0,0,0,0,0,0,0
0,0,0,0,0,0,0,0,0,0
0,0,0,0,0,0,0,0,0,0
0,0,0,0,0,0,0,0,0,0
0,0,0,0,0,0,0,0,0,0
0,0,0,0,0,0,0,0,0,0
0,0,0,0,0,0,0,0,0,0
0,0,0,0,0,0,0,0,0,0
0,0,0,0,0,0,0,0,0,0
0,0,0,0,0,0,0,0,0,0
0,0,0,0,0,0,0,0,0,0
0,0,0,0,0,0,0,0,0,0
0,0,0,0,0,0,0,0,0,0
0,0,0,0,0,0,0,0,0,0
0,0,0,0,0,0,0,0,0,0
0,0,0,0,0,0,0,0,0,0
0,0,0,0,0,0,0,0,0,0
0,0,0,0,0,0,0,0,0,0
0,0,0,0,0,0,0,0,0,0
0,0,0,0,0,0,0,0,0,0
0,0,0,0,0,0,0,0,0,0
0,0,0,0,0,0,0,0,0,0
0,0,0,0,0,0,0,0,0,0
0,0,0,0,0,0,0,0,0,0
0,0,0,0,0,0,0,0,0,0
0,0,0,0,0,0,0,0,0,0
0,0,0,0,0,0,0,0,0,0
0,0,0,0,0,0,0,0,0,0
0,0,0,0,0,0,0,0,0,0
0,0,0,0,0,0,0,0,0,0
0,0,0,0,0,0,0,0,0,0
0,0,0,0,0,0,0,0,0,0
0,0,0,0,0,0,0,0,0,0
0,0,0,0,0,0,0,0,0,0
0,0,0,0,0,0,0,0,0,0
0,0,0,0,0,0,0,0,0,0
0,0,0,0,0,0,0,0,0,0
0,0,0,0,0,0,0,0,0,0
0,0,0,0,0,0,0,0,0,0
0,0,0,0,0,0,0,0,0,0
0,0,0,0,0,0,0,0,0,0
0,0,0,0,0,0,0,0,0,0
0,0,0,0,0,0,0,0,0,0
0,0,0,0,0,0,0,0,0,0
0,0,0,0,0,0,0,0,0,0
0,0,0,0,0,0,0,0,0,0
0,0,0,0,0,0,0,0,0,0
0,0,0,0,0,0,0,0,0,0
0,0,0,0,0,0,0,0,0,0
0,0,0,0,0,0,0,0,0,0
0,0,0,0,0,0,0,0,0,0
0,0,0,0,0,0,0,0,0,0
0,0,0,0,0,0,0,0,0,0
0,0,0,0,0,0,0,0,0,0
0,0,0,0,0,0,0,0,0,0
0,0,0,0,0,0,0,0,0,0
0,0,0,0,0,0,0,0,0,0
0,0,0,0,0,0,0,0,0,0
0,0,0,0,0,0,0,0,0,0
0,0,0,0,0,0,0,0,0,0
0,0,0,0,0,0,0,0,0,0
0,0,0,0,0,0,0,0,0,0
0,0,0,0,0,0,0,0,0,0
0,0,0,0,0,0,0,0,0,0
0,0,0,0,0,0,0,0,0,0
0,0,0,0,0,0,0,0,0,0
0,0,0,0,0,0,0,0,0,0
0,0,0,0,0,0,0,0,0,0
0,0,0,0,0,0,0,0,0,0
0,0,0,0,0,0,0,0,0,0
0,0,0,0,0,0,0,0,0,0
0,0,0,0,0,0,0,0,0,0
0,0,0,0,0,0,0,0,0,0
0,0,0,0,0,0,0,0,0,0
0,0,0,0,0,0,0,0,0,0
0,0,0,0,0,0,0,0,0,0
0,0,0,0,0,0,0,0,0,0
0,0,0,0,0,0,0,0,0,0
0,0,0,0,0,0,0,0,0,0
0,0,0,0,0,0,0,0,0,0
0,0,0,0,0,0,0,0,0,0
0,0,0,0,0,0,0,0,0,0
0,0,0,0,0,0,0,0,0,0
0,0,0,0,0,0,0,0,0,0
0,0,0,0,0,0,0,0,0,0
0,0,0,0,0,0,0,0,0,0
0,0,0,0,0,0,0,0,0,0
0,0,0,0,0,0,0,0,0,0
0,0,0,0,0,0,0,0,0,0
0,0,0,0,0,0,0,0,0,0
0,0,0,0,0,0,0,0,0,0
0,0,0,0,0,0,0,0,0,0
0,0,0,0,0,0,0,0,0,0
0,0,0,0,0,0,0,0,0,0
0,0,0,0,0,0,0,0,0,0
0,0,0,0,0,0,0,0,0,0
0,0,0,0,0,0,0,0,0,0
0,0,0,0,0,0,0,0,0,0
0,0,0,0,0,0,0,0,0,0
0,0,0,0,0,0,0,0,0,0
0,0,0,0,0,0,0,0,0,0
0,0,0,0,0,0,0,0,0,0
0,0,0,0,0,0,0,0,0,0
0,0,0,0,0,0,0,0,0,0
0,0,0,0,0,0,0,0,0,0
0,0,0,0,0,0,0,0,0,0
0,0,0,0,0,0,0,0,0,0
0,0,0,0,0,0,0,0,0,0
0,0,0,0,0,0,0,0,0,0
0,0,0,0,0,0,0,0,0,0
0,0,0,0,0,0,0,0,0,0
0,0,0,0,0,0,0,0,0,0
0,0,0,0,0,0,0,0,0,0
0,0,0,0,0,0,0,0,0,0
0,0,0,0,0,0,0,0,0,0
0,0,0,0,0,0,0,0,0,0
0,0,0,0,0,0,0,0,0,0
0,0,0,0,0,0,0,0,0,0
0,0,0,0,0,0,0,0,0,0
0,0,0,0,0,0,0,0,0,0
0,0,0,0,0,0,0,0,0,0
0,0,0,0,0,0,0,0,0,0
0,0,0,0,0,0,0,0,0,0
0,0,0,0,0,0,0,0,0,0
0,0,0,0,0,0,0,0,0,0
0,0,0,0,0,0,0,0,0,0
0,0,0,0,0,0,0,0,0,0
0,0,0,0,0,0,0,0,0,0
0,0,0,0,0,0,0,0,0,0
0,0,0,0,0,0,0,0,0,0
0,0,0,0,0,0,0,0,0,0
0,0,0,0,0,0,0,0,0,0
0,0,0,0,0,0,0,0,0,0
0,0,0,0,0,0,0,0,0,0
0,0,0,0,0,0,0,0,0,0
0,0,0,0,0,0,0,0,0,0
0,0,0,0,0,0,0,0,0,0
0,0,0,0,0,0,0,0,0,0
0,0,0,0,0,0,0,0,0,0
0,0,0,0,0,0,0,0,0,0
0,0,0,0,0,0,0,0,0,0
0,0,0,0,0,0,0,0,0,0
0,0,0,0,0,0,0,0,0,0
0,0,0,0,0,0,0,0,0,0
0,0,0,0,0,0,0,0,0,0
0,0,0,0,0,0,0,0,0,0
0,0,0,0,0,0,0,0,0,0
0,0,0,0,0,0,0,0,0,0
0,0,0,0,0,0,0,0,0,0
0,0,0,0,0,0,0,0,0,0
0,0,0,0,0,0,0,0,0,0
0,0,0,0,0,0,0,0,0,0
0,0,0,0,0,0,0,0,0,0
0,0,0,0,0,0,0,0,0,0
0,0,0,0,0,0,0,0,0,0
0,0,0,0,0,0,0,0,0,0
0,0,0,0,0,0,0,0,0,0
0,0,0,0,0,0,0,0,0,0
0,0,0,0,0,0,0,0,0,0
0,0,0,0,0,0,0,0,0,0
0,0,0,0,0,0,0,0,0,0
0,0,0,0,0,0,0,0,0,0
0,0,0,0,0,0,0,0,0,0
0,0,0,0,0,0,0,0,0,0
0,0,0,0,0,0,0,0,0,0
0,0,0,0,0,0,0,0,0,0
0,0,0,0,0,0,0,0,0,0
0,0,0,0,0,0,0,0,0,0
0,0,0,0,0,0,0,0,0,0
0,0,0,0,0,0,0,0,0,0
0,0,0,0,0,0,0,0,0,0
0,0,0,0,0,0,0,0,0,0
0,0,0,0,0,0,0,0,0,0
0,0,0,0,0,0,0,0,0,0
0,0,0,0,0,0,0,0,0,0
0,0,0,0,0,0,0,0,0,0
0,0,0,0,0,0,0,0,0,0
0,0,0,0,0,0,0,0,0,0
0,0,0,0,0,0,0,0,0,0
0,0,0,0,0,0,0,0,0,0
0,0,0,0,0,0,0,0,0,0
0,0,0,0,0,0,0,0,0,0
0,0,0,0,0,0,0,0,0,0
0,0,0,0,0,0,0,0,0,0
0,0,0,0,0,0,0,0,0,0
0,0,0,0,0,0,0,0,0,0
0,0,0,0,0,0,0,0,0,0
0,0,0,0,0,0,0,0,0,0
0,0,0,0,0,0,0,0,0,0
0,0,0,0,0,0,0,0,0,0
0,0,0,0,0,0,0,0,0,0
0,0,0,0,0,0,0,0,0,0
0,0,0,0,0,0,0,0,0,0
0,0,0,0,0,0,0,0,0,0
0,0,0,0,0,0,0,0,0,0
0,0,0,0,0,0,0,0,0,0
0,0,0,0,0,0,0,0,0,0
0,0,0,0,0,0,0,0,0,0
0,0,0,0,0,0,0,0,0,0
0,0,0,0,0,0,0,0,0,0
0,0,0,0,0,0,0,0,0,0
0,0,0,0,0,0,0,0,0,0
0,0,0,0,0,0,0,0,0,0
0,0,0,0,0,0,0,0,0,0
0,0,0,0,0,0,0,0,0,0
0,0,0,0,0,0,0,0,0,0
0,0,0,0,0,0,0,0,0,0
0,0,0,0,0,0,0,0,0,0
0,0,0,0,0,0,0,0,0,0
0,0,0,0,0,0,0,0,0,0
0,0,0,0,0,0,0,0,0,0
0,0,0,0,0,0,0,0,0,0
0,0,0,0,0,0,0,0,0,0
0,0,0,0,0,0,0,0,0,0
0,0,0,0,0,0,0,0,0,0
0,0,0,0,0,0,0,0,0,0
0,0,0,0,0,0,0,0,0,0
0,0,0,0,0,0,0,0,0,0
0,0,0,0,0,0,0,0,0,0
0,0,0,0,0,0,0,0,0,0
0,0,0,0,0,0,0,0,0,0
0,0,0,0,0,0,0,0,0,0
0,0,0,0,0,0,0,0,0,0
0,0,0,0,0,0,0,0,0,0
0,0,0,0,0,0,0,0,0,0
0,0,0,0,0,0,0,0,0,0
0,0,0,0,0,0,0,0,0,0
0,0,0,0,0,0,0,0,0,0
0,0,0,0,0,0,0,0,0,0
0,0,0,0,0,0,0,0,0,0
0,0,0,0,0,0,0,0,0,0
0,0,0,0,0,0,0,0,0,0
0,0,0,0,0,0,0,0,0,0
0,0,0,0,0,0,0,0,0,0
0,0,0,0,0,0,0,0,0,0
0,0,0,0,0,0,0,0,0,0
0,0,0,0,0,0,0,0,0,0
0,0,0,0,0,0,0,0,0,0
0,0,0,0,0,0,0,0,0,0
0,0,0,0,0,0,0,0,0,0
0,0,0,0,0,0,0,0,0,0
0,0,0,0,0,0,0,0,0,0
0,0,0,0,0,0,0,0,0,0
0,0,0,0,0,0,0,0,0,0
0,0,0,0,0,0,0,0,0,0
0,0,0,0,0,0,0,0,0,0
0,0,0,0,0,0,0,0,0,0
0,0,0,0,0,0,0,0,0,0
0,0,0,0,0,0,0,0,0,0
0,0,0,0,0,0,0,0,0,0
0,0,0,0,0,0,0,0,0,0
0,0,0,0,0,0,0,0,0,0
0,0,0,0,0,0,0,0,0,0
0,0,0,0,0,0,0,0,0,0
0,0,0,0,0,0,0,0,0,0
0,0,0,0,0,0,0,0,0,0
0,0,0,0,0,0,0,0,0,0
0,0,0,0,0,0,0,0,0,0
0,0,0,0,0,0,0,0,0,0
0,0,0,0,0,0,0,0,0,0
0,0,0,0,0,0,0,0,0,0
0,0,0,0,0,0,0,0,0,0
0,0,0,0,0,0,0,0,0,0
0,0,0,0,0,0,0,0,0,0
0,0,0,0,0,0,0,0,0,0
0,0,0,0,0,0,0,0,0,0
0,0,0,0,0,0,0,0,0,0
0,0,0,0,0,0,0,0,0,0
0,0,0,0,0,0,0,0,0,0
0,0,0,0,0,0,0,0,0,0
0,0,0,0,0,0,0,0,0,0
0,0,0,0,0,0,0,0,0,0
0,0,0,0,0,0,0,0,0,0
0,0,0,0,0,0,0,0,0,0
0,0,0,0,0,0,0,0,0,0
0,0,0,0,0,0,0,0,0,0
0,0,0,0,0,0,0,0,0,0
0,0,0,0,0,0,0,0,0,0
0,0,0,0,0,0,0,0,0,0
0,0,0,0,0,0,0,0,0,0
0,0,0,0,0,0,0,0,0,0
0,0,0,0,0,0,0,0,0,0
0,0,0,0,0,0,0,0,0,0
0,0,0,0,0,0,0,0,0,0
0,0,0,0,0,0,0,0,0,0
0,0,0,0,0,0,0,0,0,0
0,0,0,0,0,0,0,0,0,0
0,0,0,0,0,0,0,0,0,0
0,0,0,0,0,0,0,0,0,0
0,0,0,0,0,0,0,0,0,0
0,0,0,0,0,0,0,0,0,0
0,0,0,0,0,0,0,0,0,0
0,0,0,0,0,0,0,0,0,0
0,0,0,0,0,0,0,0,0,0
0,0,0,0,0,0,0,0,0,0
0,0,0,0,0,0,0,0,0,0
0,0,0,0,0,0,0,0,0,0
0,0,0,0,0,0,0,0,0,0
0,0,0,0,0,0,0,0,0,0
0,0,0,0,0,0,0,0,0,0
0,0,0,0,0,0,0,0,0,0
0,0,0,0,0,0,0,0,0,0
0,0,0,0,0,0,0,0,0,0
0,0,0,0,0,0,0,0,0,0
0,0,0,0,0,0,0,0,0,0
0,0,0,0,0,0,0,0,0,0
0,0,0,0,0,0,0,0,0,0
0,0,0,0,0,0,0,0,0,0
0,0,0,0,0,0,0,0,0,0
0,0,0,0,0,0,0,0,0,0
0,0,0,0,0,0,0,0,0,0
0,0,0,0,0,0,0,0,0,0
0,0,0,0,0,0,0,0,0,0
0,0,0,0,0,0,0,0,0,0
0,0,0,0,0,0,0,0,0,0
0,0,0,0,0,0,0,0,0,0
0,0,0,0,0,0,0,0,0,0
0,0,0,0,0,0,0,0,0,0
0,0,0,0,0,0,0,0,0,0
0,0,0,0,0,0,0,0,0,0
0,0,0,0,0,0,0,0,0,0
0,0,0,0,0,0,0,0,0,0
0,0,0,0,0,0,0,0,0,0
0,0,0,0,0,0,0,0,0,0
0,0,0,0,0,0,0,0,0,0
0,0,0,0,0,0,0,0,0,0
0,0,0,0,0,0,0,0,0,0
0,0,0,0,0,0,0,0,0,0
0,0,0,0,0,0,0,0,0,0
0,0,0,0,0,0,0,0,0,0
0,0,0,0,0,0,0,0,0,0
0,0,0,0,0,0,0,0,0,0
0,0,0,0,0,0,0,0,0,0
0,0,0,0,0,0,0,0,0,0
0,0,0,0,0,0,0,0,0,0
0,0,0,0,0,0,0,0,0,0
0,0,0,0,0,0,0,0,0,0
0,0,0,0,0,0,0,0,0,0
0,0,0,0,0,0,0,0,0,0
0,0,0,0,0,0,0,0,0,0
0,0,0,0,0,0,0,0,0,0
0,0,0,0,0,0,0,0,0,0
0,0,0,0,0,0,0,0,0,0
0,0,0,0,0,0,0,0,0,0
0,0,0,0,0,0,0,0,0,0
0,0,0,0,0,0,0,0,0,0
0,0,0,0,0,0,0,0,0,0
0,0,0,0,0,0,0,0,0,0
0,0,0,0,0,0,0,0,0,0
0,0,0,0,0,0,0,0,0,0
0,0,0,0,0,0,0,0,0,0
0,0,0,0,0,0,0,0,0,0
0,0,0,0,0,0,0,0,0,0
0,0,0,0,0,0,0,0,0,0
0,0,0,0,0,0,0,0,0,0
0,0,0,0,0,0,0,0,0,0
0,0,0,0,0,0,0,0,0,0
0,0,0,0,0,0,0,0,0,0
0,0,0,0,0,0,0,0,0,0
0,0,0,0,0,0,0,0,0,0
0,0,0,0,0,0,0,0,0,0
0,0,0,0,0,0,0,0,0,0
0,0,0,0,0,0,0,0,0,0
0,0,0,0,0,0,0,0,0,0
0,0,0,0,0,0,0,0,0,0
0,0,0,0,0,0,0,0,0,0
0,0,0,0,0,0,0,0,0,0
0,0,0,0,0,0,0,0,0,0
0,0,0,0,0,0,0,0,0,0
0,0,0,0,0,0,0,0,0,0
0,0,0,0,0,0,0,0,0,0
0,0,0,0,0,0,0,0,0,0
0,0,0,0,0,0,0,0,0,0
0,0,0,0,0,0,0,0,0,0
0,0,0,0,0,0,0,0,0,0
0,0,0,0,0,0,0,0,0,0
0,0,0,0,0,0,0,0,0,0
0,0,0,0,0,0,0,0,0,0
0,0,0,0,0,0,0,0,0,0
0,0,0,0,0,0,0,0,0,0
0,0,0,0,0,0,0,0,0,0
0,0,0,0,0,0,0,0,0,0
0,0,0,0,0,0,0,0,0,0
0,0,0,0,0,0,0,0,0,0
0,0,0,0,0,0,0,0,0,0
0,0,0,0,0,0,0,0,0,0
0,0,0,0,0,0,0,0,0,0
0,0,0,0,0,0,0,0,0,0
0,0,0,0,0,0,0,0,0,0
0,0,0,0,0,0,0,0,0,0
0,0,0,0,0,0,0,0,0,0
0,0,0,0,0,0,0,0,0,0
0,0,0,0,0,0,0,0,0,0
0,0,0,0,0,0,0,0,0,0
0,0,0,0,0,0,0,0,0,0
0,0,0,0,0,0,0,0,0,0
0,0,0,0,0,0,0,0,0,0
0,0,0,0,0,0,0,0,0,0
0,0,0,0,0,0,0,0,0,0
0,0,0,0,0,0,0,0,0,0
0,0,0,0,0,0,0,0,0,0
0,0,0,0,0,0,0,0,0,0
0,0,0,0,0,0,0,0,0,0
0,0,0,0,0,0,0,0,0,0
0,0,0,0,0,0,0,0,0,0
0,0,0,0,0,0,0,0,0,0
0,0,0,0,0,0,0,0,0,0
0,0,0,0,0,0,0,0,0,0
0,0,0,0,0,0,0,0,0,0
0,0,0,0,0,0,0,0,0,0
0,0,0,0,0,0,0,0,0,0
0,0,0,0,0,0,0,0,0,0
0,0,0,0,0,0,0,0,0,0
0,0,0,0,0,0,0,0,0,0
0,0,0,0,0,0,0,0,0,0
0,0,0,0,0,0,0,0,0,0
0,0,0,0,0,0,0,0,0,0
0,0,0,0,0,0,0,0,0,0
0,0,0,0,0,0,0,0,0,0
0,0,0,0,0,0,0,0,0,0
0,0,0,0,0,0,0,0,0,0
0,0,0,0,0,0,0,0,0,0
0,0,0,0,0,0,0,0,0,0
0,0,0,0,0,0,0,0,0,0
0,0,0,0,0,0,0,0,0,0
0,0,0,0,0,0,0,0,0,0
0,0,0,0,0,0,0,0,0,0
0,0,0,0,0,0,0,0,0,0
0,0,0,0,0,0,0,0,0,0
0,0,0,0,0,0,0,0,0,0
0,0,0,0,0,0,0,0,0,0
0,0,0,0,0,0,0,0,0,0
0,0,0,0,0,0,0,0,0,0
0,0,0,0,0,0,0,0,0,0
0,0,0,0,0,0,0,0,0,0
0,0,0,0,0,0,0,0,0,0
0,0,0,0,0,0,0,0,0,0
0,0,0,0,0,0,0,0,0,0
0,0,0,0,0,0,0,0,0,0
0,0,0,0,0,0,0,0,0,0
0,0,0,0,0,0,0,0,0,0
0,0,0,0,0,0,0,0,0,0
0,0,0,0,0,0,0,0,0,0
0,0,0,0,0,0,0,0,0,0
0,0,0,0,0,0,0,0,0,0
0,0,0,0,0,0,0,0,0,0
0,0,0,0,0,0,0,0,0,0
0,0,0,0,0,0,0,0,0,0
0,0,0,0,0,0,0,0,0,0
0,0,0,0,0,0,0,0,0,0
0,0,0,0,0,0,0,0,0,0
0,0,0,0,0,0,0,0,0,0
0,0,0,0,0,0,0,0,0,0
0,0,0,0,0,0,0,0,0,0
0,0,0,0,0,0,0,0,0,0
0,0,0,0,0,0,0,0,0,0
0,0,0,0,0,0,0,0,0,0
0,0,0,0,0,0,0,0,0,0
0,0,0,0,0,0,0,0,0,0
0,0,0,0,0,0,0,0,0,0
0,0,0,0,0,0,0,0,0,0
0,0,0,0,0,0,0,0,0,0
0,0,0,0,0,0,0,0,0,0
0,0,0,0,0,0,0,0,0,0
0,0,0,0,0,0,0,0,0,0
0,0,0,0,0,0,0,0,0,0
0,0,0,0,0,0,0,0,0,0
0,0,0,0,0,0,0,0,0,0
0,0,0,0,0,0,0,0,0,0
0,0,0,0,0,0,0,0,0,0
0,0,0,0,0,0,0,0,0,0
0,0,0,0,0,0,0,0,0,0
0,0,0,0,0,0,0,0,0,0
0,0,0,0,0,0,0,0,0,0
0,0,0,0,0,0,0,0,0,0
0,0,0,0,0,0,0,0,0,0
0,0,0,0,0,0,0,0,0,0
0,0,0,0,0,0,0,0,0,0
0,0,0,0,0,0,0,0,0,0
0,0,0,0,0,0,0,0,0,0
0,0,0,0,0,0,0,0,0,0
0,0,0,0,0,0,0,0,0,0
0,0,0,0,0,0,0,0,0,0
0,0,0,0,0,0,0,0,0,0
0,0,0,0,0,0,0,0,0,0
0,0,0,0,0,0,0,0,0,0
0,0,0,0,0,0,0,0,0,0
0,0,0,0,0,0,0,0,0,0
0,0,0,0,0,0,0,0,0,0
0,0,0,0,0,0,0,0,0,0
0,0,0,0,0,0,0,0,0,0
0,0,0,0,0,0,0,0,0,0
0,0,0,0,0,0,0,0,0,0
0,0,0,0,0,0,0,0,0,0
0,0,0,0,0,0,0,0,0,0
0,0,0,0,0,0,0,0,0,0
0,0,0,0,0,0,0,0,0,0
0,0,0,0,0,0,0,0,0,0
0,0,0,0,0,0,0,0,0,0
0,0,0,0,0,0,0,0,0,0
0,0,0,0,0,0,0,0,0,0
0,0,0,0,0,0,0,0,0,0
0,0,0,0,0,0,0,0,0,0
0,0,0,0,0,0,0,0,0,0
0,0,0,0,0,0,0,0,0,0
0,0,0,0,0,0,0,0,0,0
0,0,0,0,0,0,0,0,0,0
0,0,0,0,0,0,0,0,0,0
0,0,0,0,0,0,0,0,0,0
0,0,0,0,0,0,0,0,0,0
0,0,0,0,0,0,0,0,0,0
0,0,0,0,0,0,0,0,0,0
0,0,0,0,0,0,0,0,0,0
0,0,0,0,0,0,0,0,0,0
0,0,0,0,0,0,0,0,0,0
0,0,0,0,0,0,0,0,0,0
0,0,0,0,0,0,0,0,0,0
0,0,0,0,0,0,0,0,0,0
0,0,0,0,0,0,0,0,0,0
0,0,0,0,0,0,0,0,0,0
0,0,0,0,0,0,0,0,0,0
0,0,0,0,0,0,0,0,0,0
0,0,0,0,0,0,0,0,0,0
0,0,0,0,0,0,0,0,0,0
0,0,0,0,0,0,0,0,0,0
0,0,0,0,0,0,0,0,0,0
0,0,0,0,0,0,0,0,0,0
0,0,0,0,0,0,0,0,0,0
0,0,0,0,0,0,0,0,0,0
0,0,0,0,0,0,0,0,0,0
0,0,0,0,0,0,0,0,0,0
0,0,0,0,0,0,0,0,0,0
0,0,0,0,0,0,0,0,0,0
0,0,0,0,0,0,0,0,0,0
0,0,0,0,0,0,0,0,0,0
0,0,0,0,0,0,0,0,0,0
0,0,0,0,0,0,0,0,0,0
0,0,0,0,0,0,0,0,0,0
0,0,0,0,0,0,0,0,0,0
0,0,0,0,0,0,0,0,0,0
0,0,0,0,0,0,0,0,0,0
0,0,0,0,0,0,0,0,0,0
0,0,0,0,0,0,0,0,0,0
0,0,0,0,0,0,0,0,0,0
0,0,0,0,0,0,0,0,0,0
0,0,0,0,0,0,0,0,0,0
0,0,0,0,0,0,0,0,0,0
0,0,0,0,0,0,0,0,0,0
0,0,0,0,0,0,0,0,0,0
0,0,0,0,0,0,0,0,0,0
0,0,0,0,0,0,0,0,0,0
0,0,0,0,0,0,0,0,0,0
0,0,0,0,0,0,0,0,0,0
0,0,0,0,0,0,0,0,0,0
0,0,0,0,0,0,0,0,0,0
0,0,0,0,0,0,0,0,0,0
0,0,0,0,0,0,0,0,0,0
0,0,0,0,0,0,0,0,0,0
0,0,0,0,0,0,0,0,0,0
0,0,0,0,0,0,0,0,0,0
0,0,0,0,0,0,0,0,0,0
0,0,0,0,0,0,0,0,0,0
0,0,0,0,0,0,0,0,0,0
0,0,0,0,0,0,0,0,0,0
0,0,0,0,0,0,0,0,0,0
0,0,0,0,0,0,0,0,0,0
0,0,0,0,0,0,0,0,0,0
0,0,0,0,0,0,0,0,0,0
0,0,0,0,0,0,0,0,0,0
0,0,0,0,0,0,0,0,0,0
0,0,0,0,0,0,0,0,0,0
0,0,0,0,0,0,0,0,0,0
0,0,0,0,0,0,0,0,0,0
0,0,0,0,0,0,0,0,0,0
0,0,0,0,0,0,0,0,0,0
0,0,0,0,0,0,0,0,0,0
0,0,0,0,0,0,0,0,0,0
0,0,0,0,0,0,0,0,0,0
0,0,0,0,0,0,0,0,0,0
0,0,0,0,0,0,0,0,0,0
0,0,0,0,0,0,0,0,0,0
0,0,0,0,0,0,0,0,0,0
0,0,0,0,0,0,0,0,0,0
0,0,0,0,0,0,0,0,0,0
0,0,0,0,0,0,0,0,0,0
0,0,0,0,0,0,0,0,0,0
0,0,0,0,0,0,0,0,0,0
0,0,0,0,0,0,0,0,0,0
0,0,0,0,0,0,0,0,0,0
0,0,0,0,0,0,0,0,0,0
0,0,0,0,0,0,0,0,0,0
0,0,0,0,0,0,0,0,0,0
0,0,0,0,0,0,0,0,0,0
0,0,0,0,0,0,0,0,0,0
0,0,0,0,0,0,0,0,0,0
0,0,0,0,0,0,0,0,0,0
0,0,0,0,0,0,0,0,0,0
0,0,0,0,0,0,0,0,0,0
0,0,0,0,0,0,0,0,0,0
0,0,0,0,0,0,0,0,0,0
0,0,0,0,0,0,0,0,0,0
0,0,0,0,0,0,0,0,0,0
0,0,0,0,0,0,0,0,0,0
0,0,0,0,0,0,0,0,0,0
0,0,0,0,0,0,0,0,0,0
0,0,0,0,0,0,0,0,0,0
0,0,0,0,0,0,0,0,0,0
0,0,0,0,0,0,0,0,0,0
0,0,0,0,0,0,0,0,0,0
0,0,0,0,0,0,0,0,0,0
0,0,0,0,0,0,0,0,0,0
0,0,0,0,0,0,0,0,0,0
0,0,0,0,0,0,0,0,0,0
0,0,0,0,0,0,0,0,0,0
0,0,0,0,0,0,0,0,0,0
0,0,0,0,0,0,0,0,0,0
0,0,0,0,0,0,0,0,0,0
0,0,0,0,0,0,0,0,0,0
0,0,0,0,0,0,0,0,0,0
0,0,0,0,0,0,0,0,0,0
0,0,0,0,0,0,0,0,0,0
0,0,0,0,0,0,0,0,0,0
0,0,0,0,0,0,0,0,0,0
0,0,0,0,0,0,0,0,0,0
0,0,0,0,0,0,0,0,0,0
0,0,0,0,0,0,0,0,0,0
0,0,0,0,0,0,0,0,0,0
0,0,0,0,0,0,0,0,0,0
0,0,0,0,0,0,0,0,0,0
0,0,0,0,0,0,0,0,0,0
0,0,0,0,0,0,0,0,0,0
0,0,0,0,0,0,0,0,0,0
0,0,0,0,0,0,0,0,0,0
0,0,0,0,0,0,0,0,0,0
0,0,0,0,0,0,0,0,0,0
0,0,0,0,0,0,0,0,0,0
0,0,0,0,0,0,0,0,0,0
0,0,0,0,0,0,0,0,0,0
0,0,0,0,0,0,0,0,0,0
0,0,0,0,0,0,0,0,0,0
0,0,0,0,0,0,0,0,0,0
0,0,0,0,0,0,0,0,0,0
0,0,0,0,0,0,0,0,0,0
0,0,0,0,0,0,0,0,0,0
0,0,0,0,0,0,0,0,0,0
0,0,0,0,0,0,0,0,0,0
0,0,0,0,0,0,0,0,0,0
0,0,0,0,0,0,0,0,0,0
0,0,0,0,0,0,0,0,0,0
0,0,0,0,0,0,0,0,0,0
0,0,0,0,0,0,0,0,0,0
0,0,0,0,0,0,0,0,0,0
0,0,0,0,0,0,0,0,0,0
0,0,0,0,0,0,0,0,0,0
0,0,0,0,0,0,0,0,0,0
0,0,0,0,0,0,0,0,0,0
0,0,0,0,0,0,0,0,0,0
0,0,0,0,0,0,0,0,0,0
0,0,0,0,0,0,0,0,0,0
0,0,0,0,0,0,0,0,0,0
0,0,0,0,0,0,0,0,0,0
0,0,0,0,0,0,0,0,0,0
0,0,0,0,0,0,0,0,0,0
0,0,0,0,0,0,0,0,0,0
0,0,0,0,0,0,0,0,0,0
0,0,0,0,0,0,0,0,0,0
0,0,0,0,0,0,0,0,0,0
0,0,0,0,0,0,0,0,0,0
0,0,0,0,0,0,0,0,0,0
0,0,0,0,0,0,0,0,0,0
0,0,0,0,0,0,0,0,0,0
0,0,0,0,0,0,0,0,0,0
0,0,0,0,0,0,0,0,0,0
0,0,0,0,0,0,0,0,0,0
0,0,0,0,0,0,0,0,0,0
0,0,0,0,0,0,0,0,0,0
0,0,0,0,0,0,0,0,0,0
0,0,0,0,0,0,0,0,0,0
0,0,0,0,0,0,0,0,0,0
0,0,0,0,0,0,0,0,0,0
0,0,0,0,0,0,0,0,0,0
0,0,0,0,0,0,0,0,0,0
0,0,0,0,0,0,0,0,0,0
0,0,0,0,0,0,0,0,0,0
0,0,0,0,0,0,0,0,0,0
0,0,0,0,0,0,0,0,0,0
0,0,0,0,0,0,0,0,0,0
0,0,0,0,0,0,0,0,0,0
0,0,0,0,0,0,0,0,0,0
0,0,0,0,0,0,0,0,0,0
0,0,0,0,0,0,0,0,0,0
0,0,0,0,0,0,0,0,0,0
0,0,0,0,0,0,0,0,0,0
0,0,0,0,0,0,0,0,0,0
0,0,0,0,0,0,0,0,0,0
0,0,0,0,0,0,0,0,0,0
0,0,0,0,0,0,0,0,0,0
0,0,0,0,0,0,0,0,0,0
0,0,0,0,0,0,0,0,0,0
0,0,0,0,0,0,0,0,0,0
0,0,0,0,0,0,0,0,0,0
0,0,0,0,0,0,0,0,0,0
0,0,0,0,0,0,0,0,0,0
0,0,0,0,0,0,0,0,0,0
0,0,0,0,0,0,0,0,0,0
0,0,0,0,0,0,0,0,0,0
0,0,0,0,0,0,0,0,0,0
0,0,0,0,0,0,0,0,0,0
0,0,0,0,0,0,0,0,0,0
0,0,0,0,0,0,0,0,0,0
0,0,0,0,0,0,0,0,0,0
0,0,0,0,0,0,0,0,0,0
0,0,0,0,0,0,0,0,0,0
0,0,0,0,0,0,0,0,0,0
0,0,0,0,0,0,0,0,0,0
0,0,0,0,0,0,0,0,0,0
0,0,0,0,0,0,0,0,0,0
0,0,0,0,0,0,0,0,0,0
0,0,0,0,0,0,0,0,0,0
0,0,0,0,0,0,0,0,0,0
0,0,0,0,0,0,0,0,0,0
0,0,0,0,0,0,0,0,0,0
0,0,0,0,0,0,0,0,0,0
0,0,0,0,0,0,0,0,0,0
0,0,0,0,0,0,0,0,0,0
0,0,0,0,0,0,0,0,0,0
0,0,0,0,0,0,0,0,0,0
0,0,0,0,0,0,0,0,0,0
0,0,0,0,0,0,0,0,0,0
0,0,0,0,0,0,0,0,0,0
0,0,0,0,0,0,0,0,0,0
0,0,0,0,0,0,0,0,0,0
0,0,0,0,0,0,0,0,0,0
0,0,0,0,0,0,0,0,0,0
0,0,0,0,0,0,0,0,0,0
0,0,0,0,0,0,0,0,0,0
0,0,0,0,0,0,0,0,0,0
0,0,0,0,0,0,0,0,0,0
0,0,0,0,0,0,0,0,0,0
0,0,0,0,0,0,0,0,0,0
0,0,0,0,0,0,0,0,0,0
0,0,0,0,0,0,0,0,0,0
0,0,0,0,0,0,0,0,0,0
0,0,0,0,0,0,0,0,0,0
0,0,0,0,0,0,0,0,0,0
0,0,0,0,0,0,0,0,0,0
0,0,0,0,0,0,0,0,0,0
0,0,0,0,0,0,0,0,0,0
0,0,0,0,0,0,0,0,0,0
0,0,0,0,0,0,0,0,0,0
0,0,0,0,0,0,0,0,0,0
0,0,0,0,0,0,0,0,0,0
0,0,0,0,0,0,0,0,0,0
0,0,0,0,0,0,0,0,0,0
0,0,0,0,0,0,0,0,0,0
0,0,0,0,0,0,0,0,0,0
0,0,0,0,0,0,0,0,0,0
0,0,0,0,0,0,0,0,0,0
0,0,0,0,0,0,0,0,0,0
0,0,0,0,0,0,0,0,0,0
0,0,0,0,0,0,0,0,0,0
0,0,0,0,0,0,0,0,0,0
0,0,0,0,0,0,0,0,0,0
0,0,0,0,0,0,0,0,0,0
0,0,0,0,0,0,0,0,0,0
0,0,0,0,0,0,0,0,0,0
0,0,0,0,0,0,0,0,0,0
0,0,0,0,0,0,0,0,0,0
0,0,0,0,0,0,0,0,0,0
0,0,0,0,0,0,0,0,0,0
0,0,0,0,0,0,0,0,0,0
0,0,0,0,0,0,0,0,0,0
0,0,0,0,0,0,0,0,0,0
0,0,0,0,0,0,0,0,0,0
0,0,0,0,0,0,0,0,0,0
0,0,0,0,0,0,0,0,0,0
0,0,0,0,0,0,0,0,0,0
0,0,0,0,0,0,0,0,0,0
0,0,0,0,0,0,0,0,0,0
0,0,0,0,0,0,0,0,0,0
0,0,0,0,0,0,0,0,0,0
0,0,0,0,0,0,0,0,0,0
0,0,0,0,0,0,0,0,0,0
0,0,0,0,0,0,0,0,0,0
0,0,0,0,0,0,0,0,0,0
0,0,0,0,0,0,0,0,0,0
0,0,0,0,0,0,0,0,0,0
0,0,0,0,0,0,0,0,0,0
0,0,0,0,0,0,0,0,0,0
0,0,0,0,0,0,0,0,0,0
0,0,0,0,0,0,0,0,0,0
0,0,0,0,0,0,0,0,0,0
0,0,0,0,0,0,0,0,0,0
0,0,0,0,0,0,0,0,0,0
0,0,0,0,0,0,0,0,0,0
0,0,0,0,0,0,0,0,0,0
0,0,0,0,0,0,0,0,0,0
0,0,0,0,0,0,0,0,0,0
0,0,0,0,0,0,0,0,0,0
0,0,0,0,0,0,0,0,0,0
0,0,0,0,0,0,0,0,0,0
0,0,0,0,0,0,0,0,0,0
0,0,0,0,0,0,0,0,0,0
0,0,0,0,0,0,0,0,0,0
0,0,0,0,0,0,0,0,0,0
0,0,0,0,0,0,0,0,0,0
0,0,0,0,0,0,0,0,0,0
0,0,0,0,0,0,0,0,0,0
0,0,0,0,0,0,0,0,0,0
0,0,0,0,0,0,0,0,0,0
0,0,0,0,0,0,0,0,0,0
0,0,0,0,0,0,0,0,0,0
0,0,0,0,0,0,0,0,0,0
0,0,0,0,0,0,0,0,0,0
0,0,0,0,0,0,0,0,0,0
0,0,0,0,0,0,0,0,0,0
0,0,0,0,0,0,0,0,0,0
0,0,0,0,0,0,0,0,0,0
0,0,0,0,0,0,0,0,0,0
0,0,0,0,0,0,0,0,0,0
0,0,0,0,0,0,0,0,0,0
0,0,0,0,0,0,0,0,0,0
0,0,0,0,0,0,0,0,0,0
0,0,0,0,0,0,0,0,0,0
0,0,0,0,0,0,0,0,0,0
0,0,0,0,0,0,0,0,0,0
0,0,0,0,0,0,0,0,0,0
0,0,0,0,0,0,0,0,0,0
0,0,0,0,0,0,0,0,0,0
0,0,0,0,0,0,0,0,0,0
0,0,0,0,0,0,0,0,0,0
0,0,0,0,0,0,0,0,0,0
0,0,0,0,0,0,0,0,0,0
0,0,0,0,0,0,0,0,0,0
0,0,0,0,0,0,0,0,0,0
0,0,0,0,0,0,0,0,0,0
0,0,0,0,0,0,0,0,0,0
0,0,0,0,0,0,0,0,0,0
0,0,0,0,0,0,0,0,0,0
0,0,0,0,0,0,0,0,0,0
0,0,0,0,0,0,0,0,0,0
0,0,0,0,0,0,0,0,0,0
0,0,0,0,0,0,0,0,0,0
0,0,0,0,0,0,0,0,0,0
0,0,0,0,0,0,0,0,0,0
0,0,0,0,0,0,0,0,0,0
0,0,0,0,0,0,0,0,0,0
0,0,0,0,0,0,0,0,0,0
0,0,0,0,0,0,0,0,0,0
0,0,0,0,0,0,0,0,0,0
0,0,0,0,0,0,0,0,0,0
0,0,0,0,0,0,0,0,0,0
0,0,0,0,0,0,0,0,0,0
0,0,0,0,0,0,0,0,0,0
0,0,0,0,0,0,0,0,0,0
0,0,0,0,0,0,0,0,0,0
0,0,0,0,0,0,0,0,0,0
0,0,0,0,0,0,0,0,0,0
0,0,0,0,0,0,0,0,0,0
0,0,0,0,0,0,0,0,0,0
0,0,0,0,0,0,0,0,0,0
0,0,0,0,0,0,0,0,0,0
0,0,0,0,0,0,0,0,0,0
0,0,0,0,0,0,0,0,0,0
0,0,0,0,0,0,0,0,0,0
0,0,0,0,0,0,0,0,0,0
0,0,0,0,0,0,0,0,0,0
0,0,0,0,0,0,0,0,0,0
0,0,0,0,0,0,0,0,0,0
0,0,0,0,0,0,0,0,0,0
0,0,0,0,0,0,0,0,0,0
0,0,0,0,0,0,0,0,0,0
0,0,0,0,0,0,0,0,0,0
0,0,0,0,0,0,0,0,0,0
0,0,0,0,0,0,0,0,0,0
0,0,0,0,0,0,0,0,0,0
0,0,0,0,0,0,0,0,0,0
0,0,0,0,0,0,0,0,0,0
0,0,0,0,0,0,0,0,0,0
0,0,0,0,0,0,0,0,0,0
0,0,0,0,0,0,0,0,0,0
0,0,0,0,0,0,0,0,0,0
0,0,0,0,0,0,0,0,0,0
0,0,0,0,0,0,0,0,0,0
0,0,0,0,0,0,0,0,0,0
0,0,0,0,0,0,0,0,0,0
0,0,0,0,0,0,0,0,0,0
0,0,0,0,0,0,0,0,0,0
0,0,0,0,0,0,0,0,0,0
0,0,0,0,0,0,0,0,0,0
0,0,0,0,0,0,0,0,0,0
0,0,0,0,0,0,0,0,0,0
0,0,0,0,0,0,0,0,0,0
0,0,0,0,0,0,0,0,0,0
0,0,0,0,0,0,0,0,0,0
0,0,0,0,0,0,0,0,0,0
0,0,0,0,0,0,0,0,0,0
0,0,0,0,0,0,0,0,0,0
0,0,0,0,0,0,0,0,0,0
0,0,0,0,0,0,0,0,0,0
0,0,0,0,0,0,0,0,0,0
0,0,0,0,0,0,0,0,0,0
0,0,0,0,0,0,0,0,0,0
0,0,0,0,0,0,0,0,0,0
0,0,0,0,0,0,0,0,0,0
0,0,0,0,0,0,0,0,0,0
0,0,0,0,0,0,0,0,0,0
0,0,0,0,0,0,0,0,0,0
0,0,0,0,0,0,0,0,0,0
0,0,0,0,0,0,0,0,0,0
0,0,0,0,0,0,0,0,0,0
0,0,0,0,0,0,0,0,0,0
0,0,0,0,0,0,0,0,0,0
0,0,0,0,0,0,0,0,0,0
0,0,0,0,0,0,0,0,0,0
0,0,0,0,0,0,0,0,0,0
0,0,0,0,0,0,0,0,0,0
0,0,0,0,0,0,0,0,0,0
0,0,0,0,0,0,0,0,0,0
0,0,0,0,0,0,0,0,0,0
0,0,0,0,0,0,0,0,0,0
0,0,0,0,0,0,0,0,0,0
0,0,0,0,0,0,0,0,0,0
0,0,0,0,0,0,0,0,0,0
0,0,0,0,0,0,0,0,0,0
0,0,0,0,0,0,0,0,0,0
0,0,0,0,0,0,0,0,0,0
0,0,0,0,0,0,0,0,0,0
0,0,0,0,0,0,0,0,0,0
0,0,0,0,0,0,0,0,0,0
0,0,0,0,0,0,0,0,0,0
0,0,0,0,0,0,0,0,0,0
0,0,0,0,0,0,0,0,0,0
0,0,0,0,0,0,0,0,0,0
0,0,0,0,0,0,0,0,0,0
0,0,0,0,0,0,0,0,0,0
0,0,0,0,0,0,0,0,0,0
0,0,0,0,0,0,0,0,0,0
0,0,0,0,0,0,0,0,0,0
0,0,0,0,0,0,0,0,0,0
0,0,0,0,0,0,0,0,0,0
0,0,0,0,0,0,0,0,0,0
0,0,0,0,0,0,0,0,0,0
0,0,0,0,0,0,0,0,0,0
0,0,0,0,0,0,0,0,0,0
0,0,0,0,0,0,0,0,0,0
0,0,0,0,0,0,0,0,0,0
0,0,0,0,0,0,0,0,0,0
0,0,0,0,0,0,0,0,0,0
0,0,0,0,0,0,0,0,0,0
0,0,0,0,0,0,0,0,0,0
0,0,0,0,0,0,0,0,0,0
0,0,0,0,0,0,0,0,0,0
0,0,0,0,0,0,0,0,0,0
0,0,0,0,0,0,0,0,0,0
0,0,0,0,0,0,0,0,0,0
0,0,0,0,0,0,0,0,0,0
0,0,0,0,0,0,0,0,0,0
0,0,0,0,0,0,0,0,0,0
0,0,0,0,0,0,0,0,0,0
0,0,0,0,0,0,0,0,0,0
0,0,0,0,0,0,0,0,0,0
0,0,0,0,0,0,0,0,0,0
0,0,0,0,0,0,0,0,0,0
0,0,0,0,0,0,0,0,0,0
0,0,0,0,0,0,0,0,0,0
0,0,0,0,0,0,0,0,0,0
0,0,0,0,0,0,0,0,0,0
0,0,0,0,0,0,0,0,0,0
0,0,0,0,0,0,0,0,0,0
0,0,0,0,0,0,0,0,0,0
0,0,0,0,0,0,0,0,0,0
0,0,0,0,0,0,0,0,0,0
0,0,0,0,0,0,0,0,0,0
0,0,0,0,0,0,0,0,0,0
0,0,0,0,0,0,0,0,0,0
0,0,0,0,0,0,0,0,0,0
0,0,0,0,0,0,0,0,0,0
0,0,0,0,0,0,0,0,0,0
0,0,0,0,0,0,0,0,0,0
0,0,0,0,0,0,0,0,0,0
0,0,0,0,0,0,0,0,0,0
0,0,0,0,0,0,0,0,0,0
0,0,0,0,0,0,0,0,0,0
0,0,0,0,0,0,0,0,0,0
0,0,0,0,0,0,0,0,0,0
0,0,0,0,0,0,0,0,0,0
0,0,0,0,0,0,0,0,0,0
0,0,0,0,0,0,0,0,0,0
0,0,0,0,0,0,0,0,0,0
0,0,0,0,0,0,0,0,0,0
0,0,0,0,0,0,0,0,0,0
0,0,0,0,0,0,0,0,0,0
0,0,0,0,0,0,0,0,0,0
0,0,0,0,0,0,0,0,0,0
0,0,0,0,0,0,0,0,0,0
0,0,0,0,0,0,0,0,0,0
0,0,0,0,0,0,0,0,0,0
0,0,0,0,0,0,0,0,0,0
0,0,0,0,0,0,0,0,0,0
0,0,0,0,0,0,0,0,0,0
0,0,0,0,0,0,0,0,0,0
0,0,0,0,0,0,0,0,0,0
0,0,0,0,0,0,0,0,0,0
0,0,0,0,0,0,0,0,0,0
0,0,0,0,0,0,0,0,0,0
0,0,0,0,0,0,0,0,0,0
0,0,0,0,0,0,0,0,0,0
0,0,0,0,0,0,0,0,0,0
0,0,0,0,0,0,0,0,0,0
0,0,0,0,0,0,0,0,0,0
0,0,0,0,0,0,0,0,0,0
0,0,0,0,0,0,0,0,0,0
0,0,0,0,0,0,0,0,0,0
0,0,0,0,0,0,0,0,0,0
0,0,0,0,0,0,0,0,0,0
0,0,0,0,0,0,0,0,0,0
0,0,0,0,0,0,0,0,0,0
0,0,0,0,0,0,0,0,0,0
0,0,0,0,0,0,0,0,0,0
0,0,0,0,0,0,0,0,0,0
0,0,0,0,0,0,0,0,0,0
0,0,0,0,0,0,0,0,0,0
0,0,0,0,0,0,0,0,0,0
0,0,0,0,0,0,0,0,0,0
0,0,0,0,0,0,0,0,0,0
0,0,0,0,0,0,0,0,0,0
0,0,0,0,0,0,0,0,0,0
0,0,0,0,0,0,0,0,0,0
0,0,0,0,0,0,0,0,0,0
0,0,0,0,0,0,0,0,0,0
0,0,0,0,0,0,0,0,0,0
0,0,0,0,0,0,0,0,0,0
0,0,0,0,0,0,0,0,0,0
0,0,0,0,0,0,0,0,0,0
0,0,0,0,0,0,0,0,0,0
0,0,0,0,0,0,0,0,0,0
0,0,0,0,0,0,0,0,0,0
0,0,0,0,0,0,0,0,0,0
0,0,0,0,0,0,0,0,0,0
0,0,0,0,0,0,0,0,0,0
0,0,0,0,0,0,0,0,0,0
0,0,0,0,0,0,0,0,0,0
0,0,0,0,0,0,0,0,0,0
0,0,0,0,0,0,0,0,0,0
0,0,0,0,0,0,0,0,0,0
0,0,0,0,0,0,0,0,0,0
0,0,0,0,0,0,0,0,0,0
0,0,0,0,0,0,0,0,0,0
0,0,0,0,0,0,0,0,0,0
0,0,0,0,0,0,0,0,0,0
0,0,0,0,0,0,0,0,0,0
0,0,0,0,0,0,0,0,0,0
0,0,0,0,0,0,0,0,0,0
0,0,0,0,0,0,0,0,0,0
0,0,0,0,0,0,0,0,0,0
0,0,0,0,0,0,0,0,0,0
0,0,0,0,0,0,0,0,0,0
0,0,0,0,0,0,0,0,0,0
0,0,0,0,0,0,0,0,0,0
0,0,0,0,0,0,0,0,0,0
0,0,0,0,0,0,0,0,0,0
0,0,0,0,0,0,0,0,0,0
0,0,0,0,0,0,0,0,0,0
0,0,0,0,0,0,0,0,0,0
0,0,0,0,0,0,0,0,0,0
0,0,0,0,0,0,0,0,0,0
0,0,0,0,0,0,0,0,0,0
0,0,0,0,0,0,0,0,0,0
0,0,0,0,0,0,0,0,0,0
0,0,0,0,0,0,0,0,0,0
0,0,0,0,0,0,0,0,0,0
0,0,0,0,0,0,0,0,0,0
0,0,0,0,0,0,0,0,0,0
0,0,0,0,0,0,0,0,0,0
0,0,0,0,0,0,0,0,0,0
0,0,0,0,0,0,0,0,0,0
0,0,0,0,0,0,0,0,0,0
0,0,0,0,0,0,0,0,0,0
0,0,0,0,0,0,0,0,0,0
0,0,0,0,0,0,0,0,0,0
0,0,0,0,0,0,0,0,0,0
0,0,0,0,0,0,0,0,0,0
0,0,0,0,0,0,0,0,0,0
0,0,0,0,0,0,0,0,0,0
0,0,0,0,0,0,0,0,0,0
0,0,0,0,0,0,0,0,0,0
0,0,0,0,0,0,0,0,0,0
0,0,0,0,0,0,0,0,0,0
0,0,0,0,0,0,0,0,0,0
0,0,0,0,0,0,0,0,0,0
0,0,0,0,0,0,0,0,0,0
0,0,0,0,0,0,0,0,0,0
0,0,0,0,0,0,0,0,0,0
0,0,0,0,0,0,0,0,0,0
0,0,0,0,0,0,0,0,0,0
0,0,0,0,0,0,0,0,0,0
0,0,0,0,0,0,0,0,0,0
0,0,0,0,0,0,0,0,0,0
0,0,0,0,0,0,0,0,0,0
0,0,0,0,0,0,0,0,0,0
0,0,0,0,0,0,0,0,0,0
0,0,0,0,0,0,0,0,0,0
0,0,0,0,0,0,0,0,0,0
0,0,0,0,0,0,0,0,0,0
0,0,0,0,0,0,0,0,0,0
0,0,0,0,0,0,0,0,0,0
0,0,0,0,0,0,0,0,0,0
0,0,0,0,0,0,0,0,0,0
0,0,0,0,0,0,0,0,0,0
0,0,0,0,0,0,0,0,0,0
0,0,0,0,0,0,0,0,0,0
0,0,0,0,0,0,0,0,0,0
0,0,0,0,0,0,0,0,0,0
0,0,0,0,0,0,0,0,0,0
0,0,0,0,0,0,0,0,0,0
0,0,0,0,0,0,0,0,0,0
0,0,0,0,0,0,0,0,0,0
0,0,0,0,0,0,0,0,0,0
0,0,0,0,0,0,0,0,0,0
0,0,0,0,0,0,0,0,0,0
0,0,0,0,0,0,0,0,0,0
0,0,0,0,0,0,0,0,0,0
0,0,0,0,0,0,0,0,0,0
0,0,0,0,0,0,0,0,0,0
0,0,0,0,0,0,0,0,0,0
0,0,0,0,0,0,0,0,0,0
0,0,0,0,0,0,0,0,0,0
0,0,0,0,0,0,0,0,0,0
0,0,0,0,0,0,0,0,0,0
0,0,0,0,0,0,0,0,0,0
0,0,0,0,0,0,0,0,0,0
0,0,0,0,0,0,0,0,0,0
0,0,0,0,0,0,0,0,0,0
0,0,0,0,0,0,0,0,0,0
0,0,0,0,0,0,0,0,0,0
0,0,0,0,0,0,0,0,0,0
0,0,0,0,0,0,0,0,0,0
0,0,0,0,0,0,0,0,0,0
0,0,0,0,0,0,0,0,0,0
0,0,0,0,0,0,0,0,0,0
0,0,0,0,0,0,0,0,0,0
0,0,0,0,0,0,0,0,0,0
0,0,0,0,0,0,0,0,0,0
0,0,0,0,0,0,0,0,0,0
0,0,0,0,0,0,0,0,0,0
0,0,0,0,0,0,0,0,0,0
0,0,0,0,0,0,0,0,0,0
0,0,0,0,0,0,0,0,0,0
0,0,0,0,0,0,0,0,0,0
0,0,0,0,0,0,0,0,0,0
0,0,0,0,0,0,0,0,0,0
0,0,0,0,0,0,0,0,0,0
0,0,0,0,0,0,0,0,0,0
0,0,0,0,0,0,0,0,0,0
0,0,0,0,0,0,0,0,0,0
0,0,0,0,0,0,0,0,0,0
0,0,0,0,0,0,0,0,0,0
0,0,0,0,0,0,0,0,0,0
0,0,0,0,0,0,0,0,0,0
0,0,0,0,0,0,0,0,0,0
0,0,0,0,0,0,0,0,0,0
0,0,0,0,0,0,0,0,0,0
0,0,0,0,0,0,0,0,0,0
0,0,0,0,0,0,0,0,0,0
0,0,0,0,0,0,0,0,0,0
0,0,0,0,0,0,0,0,0,0
0,0,0,0,0,0,0,0,0,0
0,0,0,0,0,0,0,0,0,0
0,0,0,0,0,0,0,0,0,0
0,0,0,0,0,0,0,0,0,0
0,0,0,0,0,0,0,0,0,0
0,0,0,0,0,0,0,0,0,0
0,0,0,0,0,0,0,0,0,0
0,0,0,0,0,0,0,0,0,0
0,0,0,0,0,0,0,0,0,0
0,0,0,0,0,0,0,0,0,0
0,0,0,0,0,0,0,0,0,0
0,0,0,0,0,0,0,0,0,0
0,0,0,0,0,0,0,0,0,0
0,0,0,0,0,0,0,0,0,0
0,0,0,0,0,0,0,0,0,0
0,0,0,0,0,0,0,0,0,0
0,0,0,0,0,0,0,0,0,0
0,0,0,0,0,0,0,0,0,0
0,0,0,0,0,0,0,0,0,0
0,0,0,0,0,0,0,0,0,0
0,0,0,0,0,0,0,0,0,0
0,0,0,0,0,0,0,0,0,0
0,0,0,0,0,0,0,0,0,0
0,0,0,0,0,0,0,0,0,0
0,0,0,0,0,0,0,0,0,0
0,0,0,0,0,0,0,0,0,0
0,0,0,0,0,0,0,0,0,0
0,0,0,0,0,0,0,0,0,0
0,0,0,0,0,0,0,0,0,0
0,0,0,0,0,0,0,0,0,0
0,0,0,0,0,0,0,0,0,0
0,0,0,0,0,0,0,0,0,0
0,0,0,0,0,0,0,0,0,0
0,0,0,0,0,0,0,0,0,0
0,0,0,0,0,0,0,0,0,0
0,0,0,0,0,0,0,0,0,0
0,0,0,0,0,0,0,0,0,0
0,0,0,0,0,0,0,0,0,0
0,0,0,0,0,0,0,0,0,0
0,0,0,0,0,0,0,0,0,0
0,0,0,0,0,0,0,0,0,0
0,0,0,0,0,0,0,0,0,0
0,0,0,0,0,0,0,0,0,0
0,0,0,0,0,0,0,0,0,0
0,0,0,0,0,0,0,0,0,0
0,0,0,0,0,0,0,0,0,0
0,0,0,0,0,0,0,0,0,0
0,0,0,0,0,0,0,0,0,0
0,0,0,0,0,0,0,0,0,0
0,0,0,0,0,0,0,0,0,0
0,0,0,0,0,0,0,0,0,0
0,0,0,0,0,0,0,0,0,0
0,0,0,0,0,0,0,0,0,0
0,0,0,0,0,0,0,0,0,0
0,0,0,0,0,0,0,0,0,0
0,0,0,0,0,0,0,0,0,0
0,0,0,0,0,0,0,0,0,0
0,0,0,0,0,0,0,0,0,0
0,0,0,0,0,0,0,0,0,0
0,0,0,0,0,0,0,0,0,0
0,0,0,0,0,0,0,0,0,0
0,0,0,0,0,0,0,0,0,0
0,0,0,0,0,0,0,0,0,0
0,0,0,0,0,0,0,0,0,0
0,0,0,0,0,0,0,0,0,0
0,0,0,0,0,0,0,0,0,0
0,0,0,0,0,0,0,0,0,0
0,0,0,0,0,0,0,0,0,0
0,0,0,0,0,0,0,0,0,0
0,0,0,0,0,0,0,0,0,0
0,0,0,0,0,0,0,0,0,0
0,0,0,0,0,0,0,0,0,0
0,0,0,0,0,0,0,0,0,0
0,0,0,0,0,0,0,0,0,0
0,0,0,0,0,0,0,0,0,0
0,0,0,0,0,0,0,0,0,0
0,0,0,0,0,0,0,0,0,0
0,0,0,0,0,0,0,0,0,0
0,0,0,0,0,0,0,0,0,0
0,0,0,0,0,0,0,0,0,0
0,0,0,0,0,0,0,0,0,0
0,0,0,0,0,0,0,0,0,0
0,0,0,0,0,0,0,0,0,0
0,0,0,0,0,0,0,0,0,0
0,0,0,0,0,0,0,0,0,0
0,0,0,0,0,0,0,0,0,0
0,0,0,0,0,0,0,0,0,0
0,0,0,0,0,0,0,0,0,0
0,0,0,0,0,0,0,0,0,0
0,0,0,0,0,0,0,0,0,0
0,0,0,0,0,0,0,0,0,0
0,0,0,0,0,0,0,0,0,0
0,0,0,0,0,0,0,0,0,0
0,0,0,0,0,0,0,0,0,0
0,0,0,0,0,0,0,0,0,0
0,0,0,0,0,0,0,0,0,0
0,0,0,0,0,0,0,0,0,0
0,0,0,0,0,0,0,0,0,0
0,0,0,0,0,0,0,0,0,0
0,0,0,0,0,0,0,0,0,0
0,0,0,0,0,0,0,0,0,0
0,0,0,0,0,0,0,0,0,0
0,0,0,0,0,0,0,0,0,0
0,0,0,0,0,0,0,0,0,0
0,0,0,0,0,0,0,0,0,0
0,0,0,0,0,0,0,0,0,0
0,0,0,0,0,0,0,0,0,0
0,0,0,0,0,0,0,0,0,0
0,0,0,0,0,0,0,0,0,0
0,0,0,0,0,0,0,0,0,0
0,0,0,0,0,0,0,0,0,0
0,0,0,0,0,0,0,0,0,0
0,0,0,0,0,0,0,0,0,0
0,0,0,0,0,0,0,0,0,0
0,0,0,0,0,0,0,0,0,0
0,0,0,0,0,0,0,0,0,0
0,0,0,0,0,0,0,0,0,0
0,0,0,0,0,0,0,0,0,0
0,0,0,0,0,0,0,0,0,0
0,0,0,0,0,0,0,0,0,0
0,0,0,0,0,0,0,0,0,0
0,0,0,0,0,0,0,0,0,0
0,0,0,0,0,0,0,0,0,0
0,0,0,0,0,0,0,0,0,0
0,0,0,0,0,0,0,0,0,0
0,0,0,0,0,0,0,0,0,0
0,0,0,0,0,0,0,0,0,0
0,0,0,0,0,0,0,0,0,0
0,0,0,0,0,0,0,0,0,0
0,0,0,0,0,0,0,0,0,0
0,0,0,0,0,0,0,0,0,0
0,0,0,0,0,0,0,0,0,0
0,0,0,0,0,0,0,0,0,0
0,0,0,0,0,0,0,0,0,0
0,0,0,0,0,0,0,0,0,0
0,0,0,0,0,0,0,0,0,0
0,0,0,0,0,0,0,0,0,0
0,0,0,0,0,0,0,0,0,0
0,0,0,0,0,0,0,0,0,0
0,0,0,0,0,0,0,0,0,0
0,0,0,0,0,0,0,0,0,0
0,0,0,0,0,0,0,0,0,0
0,0,0,0,0,0,0,0,0,0
0,0,0,0,0,0,0,0,0,0
0,0,0,0,0,0,0,0,0,0
0,0,0,0,0,0,0,0,0,0
0,0,0,0,0,0,0,0,0,0
0,0,0,0,0,0,0,0,0,0
0,0,0,0,0,0,0,0,0,0
0,0,0,0,0,0,0,0,0,0
0,0,0,0,0,0,0,0,0,0
0,0,0,0,0,0,0,0,0,0
0,0,0,0,0,0,0,0,0,0
0,0,0,0,0,0,0,0,0,0
0,0,0,0,0,0,0,0,0,0
0,0,0,0,0,0,0,0,0,0
0,0,0,0,0,0,0,0,0,0
0,0,0,0,0,0,0,0,0,0
0,0,0,0,0,0,0,0,0,0
0,0,0,0,0,0,0,0,0,0
0,0,0,0,0,0,0,0,0,0
0,0,0,0,0,0,0,0,0,0
0,0,0,0,0,0,0,0,0,0
0,0,0,0,0,0,0,0,0,0
0,0,0,0,0,0,0,0,0,0
0,0,0,0,0,0,0,0,0,0
0,0,0,0,0,0,0,0,0,0
0,0,0,0,0,0,0,0,0,0
0,0,0,0,0,0,0,0,0,0
0,0,0,0,0,0,0,0,0,0
0,0,0,0,0,0,0,0,0,0
0,0,0,0,0,0,0,0,0,0
0,0,0,0,0,0,0,0,0,0
0,0,0,0,0,0,0,0,0,0
0,0,0,0,0,0,0,0,0,0
0,0,0,0,0,0,0,0,0,0
0,0,0,0,0,0,0,0,0,0
0,0,0,0,0,0,0,0,0,0
0,0,0,0,0,0,0,0,0,0
0,0,0,0,0,0,0,0,0,0
0,0,0,0,0,0,0,0,0,0
0,0,0,0,0,0,0,0,0,0
0,0,0,0,0,0,0,0,0,0
0,0,0,0,0,0,0,0,0,0
0,0,0,0,0,0,0,0,0,0
0,0,0,0,0,0,0,0,0,0
0,0,0,0,0,0,0,0,0,0
0,0,0,0,0,0,0,0,0,0
0,0,0,0,0,0,0,0,0,0
0,0,0,0,0,0,0,0,0,0
0,0,0,0,0,0,0,0,0,0
0,0,0,0,0,0,0,0,0,0
0,0,0,0,0,0,0,0,0,0
0,0,0,0,0,0,0,0,0,0
0,0,0,0,0,0,0,0,0,0
0,0,0,0,0,0,0,0,0,0
0,0,0,0,0,0,0,0,0,0
0,0,0,0,0,0,0,0,0,0
0,0,0,0,0,0,0,0,0,0
0,0,0,0,0,0,0,0,0,0
0,0,0,0,0,0,0,0,0,0
0,0,0,0,0,0,0,0,0,0
0,0,0,0,0,0,0,0,0,0
0,0,0,0,0,0,0,0,0,0
0,0,0,0,0,0,0,0,0,0
0,0,0,0,0,0,0,0,0,0
0,0,0,0,0,0,0,0,0,0
0,0,0,0,0,0,0,0,0,0
0,0,0,0,0,0,0,0,0,0
0,0,0,0,0,0,0,0,0,0
0,0,0,0,0,0,0,0,0,0
0,0,0,0,0,0,0,0,0,0
0,0,0,0,0,0,0,0,0,0
0,0,0,0,0,0,0,0,0,0
0,0,0,0,0,0,0,0,0,0
0,0,0,0,0,0,0,0,0,0
0,0,0,0,0,0,0,0,0,0
0,0,0,0,0,0,0,0,0,0
0,0,0,0,0,0,0,0,0,0
0,0,0,0,0,0,0,0,0,0
0,0,0,0,0,0,0,0,0,0
0,0,0,0,0,0,0,0,0,0
0,0,0,0,0,0,0,0,0,0
0,0,0,0,0,0,0,0,0,0
0,0,0,0,0,0,0,0,0,0
0,0,0,0,0,0,0,0,0,0
0,0,0,0,0,0,0,0,0,0
0,0,0,0,0,0,0,0,0,0
0,0,0,0,0,0,0,0,0,0
0,0,0,0,0,0,0,0,0,0
0,0,0,0,0,0,0,0,0,0
0,0,0,0,0,0,0,0,0,0
0,0,0,0,0,0,0,0,0,0
0,0,0,0,0,0,0,0,0,0
0,0,0,0,0,0,0,0,0,0
0,0,0,0,0,0,0,0,0,0
0,0,0,0,0,0,0,0,0,0
0,0,0,0,0,0,0,0,0,0
0,0,0,0,0,0,0,0,0,0
0,0,0,0,0,0,0,0,0,0
0,0,0,0,0,0,0,0,0,0
0,0,0,0,0,0,0,0,0,0
0,0,0,0,0,0,0,0,0,0
0,0,0,0,0,0,0,0,0,0
0,0,0,0,0,0,0,0,0,0
0,0,0,0,0,0,0,0,0,0
0,0,0,0,0,0,0,0,0,0
0,0,0,0,0,0,0,0,0,0
0,0,0,0,0,0,0,0,0,0
0,0,0,0,0,0,0,0,0,0
0,0,0,0,0,0,0,0,0,0
0,0,0,0,0,0,0,0,0,0
0,0,0,0,0,0,0,0,0,0
0,0,0,0,0,0,0,0,0,0
0,0,0,0,0,0,0,0,0,0
0,0,0,0,0,0,0,0,0,0
0,0,0,0,0,0,0,0,0,0
0,0,0,0,0,0,0,0,0,0
0,0,0,0,0,0,0,0,0,0
0,0,0,0,0,0,0,0,0,0
0,0,0,0,0,0,0,0,0,0
0,0,0,0,0,0,0,0,0,0
0,0,0,0,0,0,0,0,0,0
0,0,0,0,0,0,0,0,0,0
0,0,0,0,0,0,0,0,0,0
0,0,0,0,0,0,0,0,0,0
0,0,0,0,0,0,0,0,0,0
0,0,0,0,0,0,0,0,0,0
0,0,0,0,0,0,0,0,0,0
0,0,0,0,0,0,0,0,0,0
0,0,0,0,0,0,0,0,0,0
0,0,0,0,0,0,0,0,0,0
0,0,0,0,0,0,0,0,0,0
0,0,0,0,0,0,0,0,0,0
0,0,0,0,0,0,0,0,0,0
0,0,0,0,0,0,0,0,0,0
0,0,0,0,0,0,0,0,0,0
0,0,0,0,0,0,0,0,0,0
0,0,0,0,0,0,0,0,0,0
0,0,0,0,0,0,0,0,0,0
0,0,0,0,0,0,0,0,0,0
0,0,0,0,0,0,0,0,0,0
0,0,0,0,0,0,0,0,0,0
0,0,0,0,0,0,0,0,0,0
0,0,0,0,0,0,0,0,0,0
0,0,0,0,0,0,0,0,0,0
0,0,0,0,0,0,0,0,0,0
0,0,0,0,0,0,0,0,0,0
0,0,0,0,0,0,0,0,0,0
0,0,0,0,0,0,0,0,0,0
0,0,0,0,0,0,0,0,0,0
0,0,0,0,0,0,0,0,0,0
0,0,0,0,0,0,0,0,0,0
0,0,0,0,0,0,0,0,0,0
0,0,0,0,0,0,0,0,0,0
0,0,0,0,0,0,0,0,0,0
0,0,0,0,0,0,0,0,0,0
0,0,0,0,0,0,0,0,0,0
0,0,0,0,0,0,0,0,0,0
0,0,0,0,0,0,0,0,0,0
0,0,0,0,0,0,0,0,0,0
0,0,0,0,0,0,0,0,0,0
0,0,0,0,0,0,0,0,0,0
0,0,0,0,0,0,0,0,0,0
0,0,0,0,0,0,0,0,0,0
0,0,0,0,0,0,0,0,0,0
0,0,0,0,0,0,0,0,0,0
0,0,0,0,0,0,0,0,0,0
0,0,0,0,0,0,0,0,0,0
0,0,0,0,0,0,0,0,0,0
0,0,0,0,0,0,0,0,0,0
0,0,0,0,0,0,0,0,0,0
0,0,0,0,0,0,0,0,0,0
0,0,0,0,0,0,0,0,0,0
0,0,0,0,0,0,0,0,0,0
0,0,0,0,0,0,0,0,0,0
0,0,0,0,0,0,0,0,0,0
0,0,0,0,0,0,0,0,0,0
0,0,0,0,0,0,0,0,0,0
0,0,0,0,0,0,0,0,0,0
0,0,0,0,0,0,0,0,0,0
0,0,0,0,0,0,0,0,0,0
0,0,0,0,0,0,0,0,0,0
0,0,0,0,0,0,0,0,0,0
0,0,0,0,0,0,0,0,0,0
0,0,0,0,0,0,0,0,0,0
0,0,0,0,0,0,0,0,0,0
0,0,0,0,0,0,0,0,0,0
0,0,0,0,0,0,0,0,0,0
0,0,0,0,0,0,0,0,0,0
0,0,0,0,0,0,0,0,0,0
0,0,0,0,0,0,0,0,0,0
0,0,0,0,0,0,0,0,0,0
0,0,0,0,0,0,0,0,0,0
0,0,0,0,0,0,0,0,0,0
0,0,0,0,0,0,0,0,0,0
0,0,0,0,0,0,0,0,0,0
0,0,0,0,0,0,0,0,0,0
0,0,0,0,0,0,0,0,0,0
0,0,0,0,0,0,0,0,0,0
0,0,0,0,0,0,0,0,0,0
0,0,0,0,0,0,0,0,0,0
0,0,0,0,0,0,0,0,0,0
0,0,0,0,0,0,0,0,0,0
0,0,0,0,0,0,0,0,0,0
0,0,0,0,0,0,0,0,0,0
0,0,0,0,0,0,0,0,0,0
0,0,0,0,0,0,0,0,0,0
0,0,0,0,0,0,0,0,0,0
0,0,0,0,0,0,0,0,0,0
0,0,0,0,0,0,0,0,0,0
0,0,0,0,0,0,0,0,0,0
0,0,0,0,0,0,0,0,0,0
0,0,0,0,0,0,0,0,0,0
0,0,0,0,0,0,0,0,0,0
0,0,0,0,0,0,0,0,0,0
0,0,0,0,0,0,0,0,0,0
0,0,0,0,0,0,0,0,0,0
0,0,0,0,0,0,0,0,0,0
0,0,0,0,0,0,0,0,0,0
0,0,0,0,0,0,0,0,0,0
0,0,0,0,0,0,0,0,0,0
0,0,0,0,0,0,0,0,0,0
0,0,0,0,0,0,0,0,0,0
0,0,0,0,0,0,0,0,0,0
0,0,0,0,0,0,0,0,0,0
0,0,0,0,0,0,0,0,0,0
0,0,0,0,0,0,0,0,0,0
0,0,0,0,0,0,0,0,0,0
0,0,0,0,0,0,0,0,0,0
0,0,0,0,0,0,0,0,0,0
0,0,0,0,0,0,0,0,0,0
0,0,0,0,0,0,0,0,0,0
0,0,0,0,0,0,0,0,0,0
0,0,0,0,0,0,0,0,0,0
0,0,0,0,0,0,0,0,0,0
0,0,0,0,0,0,0,0,0,0
0,0,0,0,0,0,0,0,0,0
0,0,0,0,0,0,0,0,0,0
0,0,0,0,0,0,0,0,0,0
0,0,0,0,0,0,0,0,0,0
0,0,0,0,0,0,0,0,0,0
0,0,0,0,0,0,0,0,0,0
0,0,0,0,0,0,0,0,0,0
0,0,0,0,0,0,0,0,0,0
0,0,0,0,0,0,0,0,0,0
0,0,0,0,0,0,0,0,0,0
0,0,0,0,0,0,0,0,0,0
0,0,0,0,0,0,0,0,0,0
0,0,0,0,0,0,0,0,0,0
0,0,0,0,0,0,0,0,0,0
0,0,0,0,0,0,0,0,0,0
0,0,0,0,0,0,0,0,0,0
0,0,0,0,0,0,0,0,0,0
0,0,0,0,0,0,0,0,0,0
0,0,0,0,0,0,0,0,0,0
0,0,0,0,0,0,0,0,0,0
0,0,0,0,0,0,0,0,0,0
0,0,0,0,0,0,0,0,0,0
0,0,0,0,0,0,0,0,0,0
0,0,0,0,0,0,0,0,0,0
0,0,0,0,0,0,0,0,0,0
0,0,0,0,0,0,0,0,0,0
0,0,0,0,0,0,0,0,0,0
0,0,0,0,0,0,0,0,0,0
0,0,0,0,0,0,0,0,0,0
0,0,0,0,0,0,0,0,0,0
0,0,0,0,0,0,0,0,0,0
0,0,0,0,0,0,0,0,0,0
0,0,0,0,0,0,0,0,0,0
0,0,0,0,0,0,0,0,0,0
0,0,0,0,0,0,0,0,0,0
0,0,0,0,0,0,0,0,0,0
0,0,0,0,0,0,0,0,0,0
0,0,0,0,0,0,0,0,0,0
0,0,0,0,0,0,0,0,0,0
0,0,0,0,0,0,0,0,0,0
0,0,0,0,0,0,0,0,0,0
0,0,0,0,0,0,0,0,0,0
0,0,0,0,0,0,0,0,0,0
0,0,0,0,0,0,0,0,0,0
0,0,0,0,0,0,0,0,0,0
0,0,0,0,0,0,0,0,0,0
0,0,0,0,0,0,0,0,0,0
0,0,0,0,0,0,0,0,0,0
0,0,0,0,0,0,0,0,0,0
0,0,0,0,0,0,0,0,0,0
0,0,0,0,0,0,0,0,0,0
0,0,0,0,0,0,0,0,0,0
0,0,0,0,0,0,0,0,0,0
0,0,0,0,0,0,0,0,0,0
0,0,0,0,0,0,0,0,0,0
0,0,0,0,0,0,0,0,0,0
0,0,0,0,0,0,0,0,0,0
0,0,0,0,0,0,0,0,0,0
0,0,0,0,0,0,0,0,0,0
0,0,0,0,0,0,0,0,0,0
0,0,0,0,0,0,0,0,0,0
0,0,0,0,0,0,0,0,0,0
0,0,0,0,0,0,0,0,0,0
0,0,0,0,0,0,0,0,0,0
0,0,0,0,0,0,0,0,0,0
0,0,0,0,0,0,0,0,0,0
0,0,0,0,0,0,0,0,0,0
0,0,0,0,0,0,0,0,0,0
0,0,0,0,0,0,0,0,0,0
0,0,0,0,0,0,0,0,0,0
0,0,0,0,0,0,0,0,0,0
0,0,0,0,0,0,0,0,0,0
0,0,0,0,0,0,0,0,0,0
0,0,0,0,0,0,0,0,0,0
0,0,0,0,0,0,0,0,0,0
0,0,0,0,0,0,0,0,0,0
0,0,0,0,0,0,0,0,0,0
0,0,0,0,0,0,0,0,0,0
0,0,0,0,0,0,0,0,0,0
0,0,0,0,0,0,0,0,0,0
0,0,0,0,0,0,0,0,0,0
0,0,0,0,0,0,0,0,0,0
0,0,0,0,0,0,0,0,0,0
0,0,0,0,0,0,0,0,0,0
0,0,0,0,0,0,0,0,0,0
0,0,0,0,0,0,0,0,0,0
0,0,0,0,0,0,0,0,0,0
0,0,0,0,0,0,0,0,0,0
0,0,0,0,0,0,0,0,0,0
0,0,0,0,0,0,0,0,0,0
0,0,0,0,0,0,0,0,0,0
0,0,0,0,0,0,0,0,0,0
0,0,0,0,0,0,0,0,0,0
0,0,0,0,0,0,0,0,0,0
0,0,0,0,0,0,0,0,0,0
0,0,0,0,0,0,0,0,0,0
0,0,0,0,0,0,0,0,0,0
0,0,0,0,0,0,0,0,0,0
0,0,0,0,0,0,0,0,0,0
0,0,0,0,0,0,0,0,0,0
0,0,0,0,0,0,0,0,0,0
